DATAFLOW,LAST UPDATE,freq,age,sex,unit,geo,TIME_PERIOD,OBS_VALUE,OBS_FLAG,CONF_STATUS
ESTAT:EDUC_UOE_ENRA27(1.0),11/09/25 23:00:00,Annual,14 years,Females,Percentage,Albania,2021,4.91,,
ESTAT:EDUC_UOE_ENRA27(1.0),11/09/25 23:00:00,Annual,14 years,Females,Percentage,Albania,2022,0.00,d,
ESTAT:EDUC_UOE_ENRA27(1.0),11/09/25 23:00:00,Annual,14 years,Females,Percentage,Albania,2023,15.09,d,
ESTAT:EDUC_UOE_ENRA27(1.0),11/09/25 23:00:00,Annual,14 years,Females,Percentage,Austria,2015,1.37,,
ESTAT:EDUC_UOE_ENRA27(1.0),11/09/25 23:00:00,Annual,14 years,Females,Percentage,Austria,2016,1.26,,
ESTAT:EDUC_UOE_ENRA27(1.0),11/09/25 23:00:00,Annual,14 years,Females,Percentage,Austria,2017,1.39,,
ESTAT:EDUC_UOE_ENRA27(1.0),11/09/25 23:00:00,Annual,14 years,Females,Percentage,Austria,2018,1.24,,
ESTAT:EDUC_UOE_ENRA27(1.0),11/09/25 23:00:00,Annual,14 years,Females,Percentage,Austria,2019,1.03,,
ESTAT:EDUC_UOE_ENRA27(1.0),11/09/25 23:00:00,Annual,14 years,Females,Percentage,Austria,2020,1.27,,
ESTAT:EDUC_UOE_ENRA27(1.0),11/09/25 23:00:00,Annual,14 years,Females,Percentage,Austria,2021,1.06,,
ESTAT:EDUC_UOE_ENRA27(1.0),11/09/25 23:00:00,Annual,14 years,Females,Percentage,Austria,2022,1.51,,
ESTAT:EDUC_UOE_ENRA27(1.0),11/09/25 23:00:00,Annual,14 years,Females,Percentage,Austria,2023,1.60,,
ESTAT:EDUC_UOE_ENRA27(1.0),11/09/25 23:00:00,Annual,14 years,Females,Percentage,Belgium,2015,1.75,,
ESTAT:EDUC_UOE_ENRA27(1.0),11/09/25 23:00:00,Annual,14 years,Females,Percentage,Belgium,2016,1.97,,
ESTAT:EDUC_UOE_ENRA27(1.0),11/09/25 23:00:00,Annual,14 years,Females,Percentage,Belgium,2017,1.07,,
ESTAT:EDUC_UOE_ENRA27(1.0),11/09/25 23:00:00,Annual,14 years,Females,Percentage,Belgium,2018,1.01,,
ESTAT:EDUC_UOE_ENRA27(1.0),11/09/25 23:00:00,Annual,14 years,Females,Percentage,Belgium,2019,1.08,,
ESTAT:EDUC_UOE_ENRA27(1.0),11/09/25 23:00:00,Annual,14 years,Females,Percentage,Belgium,2020,1.05,bd,
ESTAT:EDUC_UOE_ENRA27(1.0),11/09/25 23:00:00,Annual,14 years,Females,Percentage,Belgium,2021,1.37,,
ESTAT:EDUC_UOE_ENRA27(1.0),11/09/25 23:00:00,Annual,14 years,Females,Percentage,Belgium,2022,1.39,,
ESTAT:EDUC_UOE_ENRA27(1.0),11/09/25 23:00:00,Annual,14 years,Females,Percentage,Belgium,2023,1.30,,
ESTAT:EDUC_UOE_ENRA27(1.0),11/09/25 23:00:00,Annual,14 years,Females,Percentage,Bulgaria,2015,5.17,,
ESTAT:EDUC_UOE_ENRA27(1.0),11/09/25 23:00:00,Annual,14 years,Females,Percentage,Bulgaria,2016,4.36,,
ESTAT:EDUC_UOE_ENRA27(1.0),11/09/25 23:00:00,Annual,14 years,Females,Percentage,Bulgaria,2017,2.73,,
ESTAT:EDUC_UOE_ENRA27(1.0),11/09/25 23:00:00,Annual,14 years,Females,Percentage,Bulgaria,2018,9.59,,
ESTAT:EDUC_UOE_ENRA27(1.0),11/09/25 23:00:00,Annual,14 years,Females,Percentage,Bulgaria,2019,5.42,,
ESTAT:EDUC_UOE_ENRA27(1.0),11/09/25 23:00:00,Annual,14 years,Females,Percentage,Bulgaria,2020,4.20,,
ESTAT:EDUC_UOE_ENRA27(1.0),11/09/25 23:00:00,Annual,14 years,Females,Percentage,Bulgaria,2021,5.85,,
ESTAT:EDUC_UOE_ENRA27(1.0),11/09/25 23:00:00,Annual,14 years,Females,Percentage,Bulgaria,2022,7.69,,
ESTAT:EDUC_UOE_ENRA27(1.0),11/09/25 23:00:00,Annual,14 years,Females,Percentage,Bulgaria,2023,8.47,,
ESTAT:EDUC_UOE_ENRA27(1.0),11/09/25 23:00:00,Annual,14 years,Females,Percentage,Switzerland,2015,0.17,,
ESTAT:EDUC_UOE_ENRA27(1.0),11/09/25 23:00:00,Annual,14 years,Females,Percentage,Switzerland,2016,0.31,,
ESTAT:EDUC_UOE_ENRA27(1.0),11/09/25 23:00:00,Annual,14 years,Females,Percentage,Switzerland,2017,0.19,,
ESTAT:EDUC_UOE_ENRA27(1.0),11/09/25 23:00:00,Annual,14 years,Females,Percentage,Switzerland,2018,0.27,,
ESTAT:EDUC_UOE_ENRA27(1.0),11/09/25 23:00:00,Annual,14 years,Females,Percentage,Switzerland,2019,0.23,,
ESTAT:EDUC_UOE_ENRA27(1.0),11/09/25 23:00:00,Annual,14 years,Females,Percentage,Switzerland,2020,0.07,,
ESTAT:EDUC_UOE_ENRA27(1.0),11/09/25 23:00:00,Annual,14 years,Females,Percentage,Switzerland,2021,0.16,,
ESTAT:EDUC_UOE_ENRA27(1.0),11/09/25 23:00:00,Annual,14 years,Females,Percentage,Switzerland,2022,0.42,,
ESTAT:EDUC_UOE_ENRA27(1.0),11/09/25 23:00:00,Annual,14 years,Females,Percentage,Switzerland,2023,0.00,,
ESTAT:EDUC_UOE_ENRA27(1.0),11/09/25 23:00:00,Annual,14 years,Females,Percentage,Cyprus,2015,2.85,,
ESTAT:EDUC_UOE_ENRA27(1.0),11/09/25 23:00:00,Annual,14 years,Females,Percentage,Cyprus,2016,5.87,,
ESTAT:EDUC_UOE_ENRA27(1.0),11/09/25 23:00:00,Annual,14 years,Females,Percentage,Cyprus,2017,1.72,,
ESTAT:EDUC_UOE_ENRA27(1.0),11/09/25 23:00:00,Annual,14 years,Females,Percentage,Cyprus,2018,2.43,,
ESTAT:EDUC_UOE_ENRA27(1.0),11/09/25 23:00:00,Annual,14 years,Females,Percentage,Cyprus,2019,1.15,,
ESTAT:EDUC_UOE_ENRA27(1.0),11/09/25 23:00:00,Annual,14 years,Females,Percentage,Cyprus,2020,0.00,,
ESTAT:EDUC_UOE_ENRA27(1.0),11/09/25 23:00:00,Annual,14 years,Females,Percentage,Cyprus,2021,0.00,,
ESTAT:EDUC_UOE_ENRA27(1.0),11/09/25 23:00:00,Annual,14 years,Females,Percentage,Cyprus,2022,0.00,,
ESTAT:EDUC_UOE_ENRA27(1.0),11/09/25 23:00:00,Annual,14 years,Females,Percentage,Cyprus,2023,0.00,,
ESTAT:EDUC_UOE_ENRA27(1.0),11/09/25 23:00:00,Annual,14 years,Females,Percentage,Czechia,2015,0.00,,
ESTAT:EDUC_UOE_ENRA27(1.0),11/09/25 23:00:00,Annual,14 years,Females,Percentage,Czechia,2016,0.59,,
ESTAT:EDUC_UOE_ENRA27(1.0),11/09/25 23:00:00,Annual,14 years,Females,Percentage,Czechia,2017,0.24,,
ESTAT:EDUC_UOE_ENRA27(1.0),11/09/25 23:00:00,Annual,14 years,Females,Percentage,Czechia,2018,0.08,,
ESTAT:EDUC_UOE_ENRA27(1.0),11/09/25 23:00:00,Annual,14 years,Females,Percentage,Czechia,2019,0.11,,
ESTAT:EDUC_UOE_ENRA27(1.0),11/09/25 23:00:00,Annual,14 years,Females,Percentage,Czechia,2020,0.23,,
ESTAT:EDUC_UOE_ENRA27(1.0),11/09/25 23:00:00,Annual,14 years,Females,Percentage,Czechia,2021,0.00,,
ESTAT:EDUC_UOE_ENRA27(1.0),11/09/25 23:00:00,Annual,14 years,Females,Percentage,Czechia,2022,0.00,,
ESTAT:EDUC_UOE_ENRA27(1.0),11/09/25 23:00:00,Annual,14 years,Females,Percentage,Czechia,2023,0.42,d,
ESTAT:EDUC_UOE_ENRA27(1.0),11/09/25 23:00:00,Annual,14 years,Females,Percentage,Germany,2015,0.72,d,
ESTAT:EDUC_UOE_ENRA27(1.0),11/09/25 23:00:00,Annual,14 years,Females,Percentage,Germany,2016,1.54,d,
ESTAT:EDUC_UOE_ENRA27(1.0),11/09/25 23:00:00,Annual,14 years,Females,Percentage,Germany,2017,1.10,d,
ESTAT:EDUC_UOE_ENRA27(1.0),11/09/25 23:00:00,Annual,14 years,Females,Percentage,Germany,2018,1.00,d,
ESTAT:EDUC_UOE_ENRA27(1.0),11/09/25 23:00:00,Annual,14 years,Females,Percentage,Germany,2019,1.07,,
ESTAT:EDUC_UOE_ENRA27(1.0),11/09/25 23:00:00,Annual,14 years,Females,Percentage,Germany,2020,1.07,bd,
ESTAT:EDUC_UOE_ENRA27(1.0),11/09/25 23:00:00,Annual,14 years,Females,Percentage,Germany,2021,0.75,,
ESTAT:EDUC_UOE_ENRA27(1.0),11/09/25 23:00:00,Annual,14 years,Females,Percentage,Germany,2022,1.11,,
ESTAT:EDUC_UOE_ENRA27(1.0),11/09/25 23:00:00,Annual,14 years,Females,Percentage,Germany,2023,0.42,,
ESTAT:EDUC_UOE_ENRA27(1.0),11/09/25 23:00:00,Annual,14 years,Females,Percentage,Denmark,2015,0.63,,
ESTAT:EDUC_UOE_ENRA27(1.0),11/09/25 23:00:00,Annual,14 years,Females,Percentage,Denmark,2016,0.72,,
ESTAT:EDUC_UOE_ENRA27(1.0),11/09/25 23:00:00,Annual,14 years,Females,Percentage,Denmark,2017,0.58,,
ESTAT:EDUC_UOE_ENRA27(1.0),11/09/25 23:00:00,Annual,14 years,Females,Percentage,Denmark,2018,0.60,,
ESTAT:EDUC_UOE_ENRA27(1.0),11/09/25 23:00:00,Annual,14 years,Females,Percentage,Denmark,2019,0.54,,
ESTAT:EDUC_UOE_ENRA27(1.0),11/09/25 23:00:00,Annual,14 years,Females,Percentage,Denmark,2020,0.39,,
ESTAT:EDUC_UOE_ENRA27(1.0),11/09/25 23:00:00,Annual,14 years,Females,Percentage,Denmark,2021,0.54,,
ESTAT:EDUC_UOE_ENRA27(1.0),11/09/25 23:00:00,Annual,14 years,Females,Percentage,Denmark,2022,0.67,,
ESTAT:EDUC_UOE_ENRA27(1.0),11/09/25 23:00:00,Annual,14 years,Females,Percentage,Denmark,2023,0.90,,
ESTAT:EDUC_UOE_ENRA27(1.0),11/09/25 23:00:00,Annual,14 years,Females,Percentage,Estonia,2015,2.12,,
ESTAT:EDUC_UOE_ENRA27(1.0),11/09/25 23:00:00,Annual,14 years,Females,Percentage,Estonia,2016,2.40,,
ESTAT:EDUC_UOE_ENRA27(1.0),11/09/25 23:00:00,Annual,14 years,Females,Percentage,Estonia,2017,2.03,,
ESTAT:EDUC_UOE_ENRA27(1.0),11/09/25 23:00:00,Annual,14 years,Females,Percentage,Estonia,2018,1.94,,
ESTAT:EDUC_UOE_ENRA27(1.0),11/09/25 23:00:00,Annual,14 years,Females,Percentage,Estonia,2019,2.11,,
ESTAT:EDUC_UOE_ENRA27(1.0),11/09/25 23:00:00,Annual,14 years,Females,Percentage,Estonia,2020,1.87,,
ESTAT:EDUC_UOE_ENRA27(1.0),11/09/25 23:00:00,Annual,14 years,Females,Percentage,Estonia,2021,2.35,,
ESTAT:EDUC_UOE_ENRA27(1.0),11/09/25 23:00:00,Annual,14 years,Females,Percentage,Estonia,2022,1.55,,
ESTAT:EDUC_UOE_ENRA27(1.0),11/09/25 23:00:00,Annual,14 years,Females,Percentage,Estonia,2023,1.94,,
ESTAT:EDUC_UOE_ENRA27(1.0),11/09/25 23:00:00,Annual,14 years,Females,Percentage,Greece,2015,3.53,,
ESTAT:EDUC_UOE_ENRA27(1.0),11/09/25 23:00:00,Annual,14 years,Females,Percentage,Greece,2016,6.36,,
ESTAT:EDUC_UOE_ENRA27(1.0),11/09/25 23:00:00,Annual,14 years,Females,Percentage,Greece,2017,4.19,,
ESTAT:EDUC_UOE_ENRA27(1.0),11/09/25 23:00:00,Annual,14 years,Females,Percentage,Greece,2018,5.01,,
ESTAT:EDUC_UOE_ENRA27(1.0),11/09/25 23:00:00,Annual,14 years,Females,Percentage,Greece,2019,3.92,,
ESTAT:EDUC_UOE_ENRA27(1.0),11/09/25 23:00:00,Annual,14 years,Females,Percentage,Greece,2020,3.80,,
ESTAT:EDUC_UOE_ENRA27(1.0),11/09/25 23:00:00,Annual,14 years,Females,Percentage,Greece,2021,3.87,,
ESTAT:EDUC_UOE_ENRA27(1.0),11/09/25 23:00:00,Annual,14 years,Females,Percentage,Greece,2022,2.09,,
ESTAT:EDUC_UOE_ENRA27(1.0),11/09/25 23:00:00,Annual,14 years,Females,Percentage,Greece,2023,0.96,,
ESTAT:EDUC_UOE_ENRA27(1.0),11/09/25 23:00:00,Annual,14 years,Females,Percentage,Spain,2015,2.31,,
ESTAT:EDUC_UOE_ENRA27(1.0),11/09/25 23:00:00,Annual,14 years,Females,Percentage,Spain,2016,2.63,,
ESTAT:EDUC_UOE_ENRA27(1.0),11/09/25 23:00:00,Annual,14 years,Females,Percentage,Spain,2017,2.15,,
ESTAT:EDUC_UOE_ENRA27(1.0),11/09/25 23:00:00,Annual,14 years,Females,Percentage,Spain,2018,2.06,,
ESTAT:EDUC_UOE_ENRA27(1.0),11/09/25 23:00:00,Annual,14 years,Females,Percentage,Spain,2019,2.03,,
ESTAT:EDUC_UOE_ENRA27(1.0),11/09/25 23:00:00,Annual,14 years,Females,Percentage,Spain,2020,1.97,,
ESTAT:EDUC_UOE_ENRA27(1.0),11/09/25 23:00:00,Annual,14 years,Females,Percentage,Spain,2021,1.94,,
ESTAT:EDUC_UOE_ENRA27(1.0),11/09/25 23:00:00,Annual,14 years,Females,Percentage,Spain,2022,2.20,,
ESTAT:EDUC_UOE_ENRA27(1.0),11/09/25 23:00:00,Annual,14 years,Females,Percentage,Spain,2023,2.31,,
ESTAT:EDUC_UOE_ENRA27(1.0),11/09/25 23:00:00,Annual,14 years,Females,Percentage,European Union - 27 countries (from 2020),2015,2.33,,
ESTAT:EDUC_UOE_ENRA27(1.0),11/09/25 23:00:00,Annual,14 years,Females,Percentage,European Union - 27 countries (from 2020),2016,2.33,,
ESTAT:EDUC_UOE_ENRA27(1.0),11/09/25 23:00:00,Annual,14 years,Females,Percentage,European Union - 27 countries (from 2020),2017,2.16,,
ESTAT:EDUC_UOE_ENRA27(1.0),11/09/25 23:00:00,Annual,14 years,Females,Percentage,European Union - 27 countries (from 2020),2018,2.11,,
ESTAT:EDUC_UOE_ENRA27(1.0),11/09/25 23:00:00,Annual,14 years,Females,Percentage,European Union - 27 countries (from 2020),2019,2.15,,
ESTAT:EDUC_UOE_ENRA27(1.0),11/09/25 23:00:00,Annual,14 years,Females,Percentage,European Union - 27 countries (from 2020),2020,1.88,,
ESTAT:EDUC_UOE_ENRA27(1.0),11/09/25 23:00:00,Annual,14 years,Females,Percentage,European Union - 27 countries (from 2020),2021,1.76,,
ESTAT:EDUC_UOE_ENRA27(1.0),11/09/25 23:00:00,Annual,14 years,Females,Percentage,European Union - 27 countries (from 2020),2022,1.98,,
ESTAT:EDUC_UOE_ENRA27(1.0),11/09/25 23:00:00,Annual,14 years,Females,Percentage,European Union - 27 countries (from 2020),2023,1.62,,
ESTAT:EDUC_UOE_ENRA27(1.0),11/09/25 23:00:00,Annual,14 years,Females,Percentage,European Union - 28 countries (2013-2020),2015,2.18,,
ESTAT:EDUC_UOE_ENRA27(1.0),11/09/25 23:00:00,Annual,14 years,Females,Percentage,European Union - 28 countries (2013-2020),2016,2.08,,
ESTAT:EDUC_UOE_ENRA27(1.0),11/09/25 23:00:00,Annual,14 years,Females,Percentage,European Union - 28 countries (2013-2020),2017,1.99,,
ESTAT:EDUC_UOE_ENRA27(1.0),11/09/25 23:00:00,Annual,14 years,Females,Percentage,European Union - 28 countries (2013-2020),2018,2.00,,
ESTAT:EDUC_UOE_ENRA27(1.0),11/09/25 23:00:00,Annual,14 years,Females,Percentage,European Union - 28 countries (2013-2020),2019,2.06,,
ESTAT:EDUC_UOE_ENRA27(1.0),11/09/25 23:00:00,Annual,14 years,Females,Percentage,Finland,2015,0.90,,
ESTAT:EDUC_UOE_ENRA27(1.0),11/09/25 23:00:00,Annual,14 years,Females,Percentage,Finland,2016,0.46,,
ESTAT:EDUC_UOE_ENRA27(1.0),11/09/25 23:00:00,Annual,14 years,Females,Percentage,Finland,2017,0.00,,
ESTAT:EDUC_UOE_ENRA27(1.0),11/09/25 23:00:00,Annual,14 years,Females,Percentage,Finland,2018,0.51,,
ESTAT:EDUC_UOE_ENRA27(1.0),11/09/25 23:00:00,Annual,14 years,Females,Percentage,Finland,2019,0.35,,
ESTAT:EDUC_UOE_ENRA27(1.0),11/09/25 23:00:00,Annual,14 years,Females,Percentage,Finland,2020,0.93,,
ESTAT:EDUC_UOE_ENRA27(1.0),11/09/25 23:00:00,Annual,14 years,Females,Percentage,Finland,2021,1.33,,
ESTAT:EDUC_UOE_ENRA27(1.0),11/09/25 23:00:00,Annual,14 years,Females,Percentage,Finland,2022,1.50,,
ESTAT:EDUC_UOE_ENRA27(1.0),11/09/25 23:00:00,Annual,14 years,Females,Percentage,Finland,2023,1.13,,
ESTAT:EDUC_UOE_ENRA27(1.0),11/09/25 23:00:00,Annual,14 years,Females,Percentage,France,2015,2.71,,
ESTAT:EDUC_UOE_ENRA27(1.0),11/09/25 23:00:00,Annual,14 years,Females,Percentage,France,2016,1.71,,
ESTAT:EDUC_UOE_ENRA27(1.0),11/09/25 23:00:00,Annual,14 years,Females,Percentage,France,2017,1.58,,
ESTAT:EDUC_UOE_ENRA27(1.0),11/09/25 23:00:00,Annual,14 years,Females,Percentage,France,2018,1.59,p,
ESTAT:EDUC_UOE_ENRA27(1.0),11/09/25 23:00:00,Annual,14 years,Females,Percentage,France,2019,1.14,,
ESTAT:EDUC_UOE_ENRA27(1.0),11/09/25 23:00:00,Annual,14 years,Females,Percentage,France,2020,0.61,,
ESTAT:EDUC_UOE_ENRA27(1.0),11/09/25 23:00:00,Annual,14 years,Females,Percentage,France,2021,0.30,,
ESTAT:EDUC_UOE_ENRA27(1.0),11/09/25 23:00:00,Annual,14 years,Females,Percentage,France,2022,0.54,,
ESTAT:EDUC_UOE_ENRA27(1.0),11/09/25 23:00:00,Annual,14 years,Females,Percentage,France,2023,0.00,bdp,
ESTAT:EDUC_UOE_ENRA27(1.0),11/09/25 23:00:00,Annual,14 years,Females,Percentage,Croatia,2015,0.00,,
ESTAT:EDUC_UOE_ENRA27(1.0),11/09/25 23:00:00,Annual,14 years,Females,Percentage,Croatia,2016,0.00,,
ESTAT:EDUC_UOE_ENRA27(1.0),11/09/25 23:00:00,Annual,14 years,Females,Percentage,Croatia,2017,0.00,,
ESTAT:EDUC_UOE_ENRA27(1.0),11/09/25 23:00:00,Annual,14 years,Females,Percentage,Croatia,2018,0.00,,
ESTAT:EDUC_UOE_ENRA27(1.0),11/09/25 23:00:00,Annual,14 years,Females,Percentage,Croatia,2019,0.00,,
ESTAT:EDUC_UOE_ENRA27(1.0),11/09/25 23:00:00,Annual,14 years,Females,Percentage,Croatia,2020,0.00,,
ESTAT:EDUC_UOE_ENRA27(1.0),11/09/25 23:00:00,Annual,14 years,Females,Percentage,Croatia,2021,0.00,,
ESTAT:EDUC_UOE_ENRA27(1.0),11/09/25 23:00:00,Annual,14 years,Females,Percentage,Croatia,2022,0.00,,
ESTAT:EDUC_UOE_ENRA27(1.0),11/09/25 23:00:00,Annual,14 years,Females,Percentage,Croatia,2023,0.00,,
ESTAT:EDUC_UOE_ENRA27(1.0),11/09/25 23:00:00,Annual,14 years,Females,Percentage,Hungary,2015,1.53,,
ESTAT:EDUC_UOE_ENRA27(1.0),11/09/25 23:00:00,Annual,14 years,Females,Percentage,Hungary,2016,1.73,,
ESTAT:EDUC_UOE_ENRA27(1.0),11/09/25 23:00:00,Annual,14 years,Females,Percentage,Hungary,2017,3.20,,
ESTAT:EDUC_UOE_ENRA27(1.0),11/09/25 23:00:00,Annual,14 years,Females,Percentage,Hungary,2018,2.71,,
ESTAT:EDUC_UOE_ENRA27(1.0),11/09/25 23:00:00,Annual,14 years,Females,Percentage,Hungary,2019,4.25,,
ESTAT:EDUC_UOE_ENRA27(1.0),11/09/25 23:00:00,Annual,14 years,Females,Percentage,Hungary,2020,4.35,,
ESTAT:EDUC_UOE_ENRA27(1.0),11/09/25 23:00:00,Annual,14 years,Females,Percentage,Hungary,2021,8.34,,
ESTAT:EDUC_UOE_ENRA27(1.0),11/09/25 23:00:00,Annual,14 years,Females,Percentage,Hungary,2022,6.91,,
ESTAT:EDUC_UOE_ENRA27(1.0),11/09/25 23:00:00,Annual,14 years,Females,Percentage,Hungary,2023,3.93,,
ESTAT:EDUC_UOE_ENRA27(1.0),11/09/25 23:00:00,Annual,14 years,Females,Percentage,Ireland,2015,0.00,d,
ESTAT:EDUC_UOE_ENRA27(1.0),11/09/25 23:00:00,Annual,14 years,Females,Percentage,Ireland,2016,0.00,d,
ESTAT:EDUC_UOE_ENRA27(1.0),11/09/25 23:00:00,Annual,14 years,Females,Percentage,Ireland,2017,0.00,d,
ESTAT:EDUC_UOE_ENRA27(1.0),11/09/25 23:00:00,Annual,14 years,Females,Percentage,Ireland,2018,0.00,d,
ESTAT:EDUC_UOE_ENRA27(1.0),11/09/25 23:00:00,Annual,14 years,Females,Percentage,Ireland,2019,0.00,,
ESTAT:EDUC_UOE_ENRA27(1.0),11/09/25 23:00:00,Annual,14 years,Females,Percentage,Ireland,2020,0.00,,
ESTAT:EDUC_UOE_ENRA27(1.0),11/09/25 23:00:00,Annual,14 years,Females,Percentage,Ireland,2021,0.00,,
ESTAT:EDUC_UOE_ENRA27(1.0),11/09/25 23:00:00,Annual,14 years,Females,Percentage,Ireland,2022,0.00,,
ESTAT:EDUC_UOE_ENRA27(1.0),11/09/25 23:00:00,Annual,14 years,Females,Percentage,Ireland,2023,0.00,,
ESTAT:EDUC_UOE_ENRA27(1.0),11/09/25 23:00:00,Annual,14 years,Females,Percentage,Iceland,2015,1.70,,
ESTAT:EDUC_UOE_ENRA27(1.0),11/09/25 23:00:00,Annual,14 years,Females,Percentage,Iceland,2016,0.58,,
ESTAT:EDUC_UOE_ENRA27(1.0),11/09/25 23:00:00,Annual,14 years,Females,Percentage,Iceland,2017,0.87,,
ESTAT:EDUC_UOE_ENRA27(1.0),11/09/25 23:00:00,Annual,14 years,Females,Percentage,Iceland,2018,0.51,,
ESTAT:EDUC_UOE_ENRA27(1.0),11/09/25 23:00:00,Annual,14 years,Females,Percentage,Iceland,2019,0.73,,
ESTAT:EDUC_UOE_ENRA27(1.0),11/09/25 23:00:00,Annual,14 years,Females,Percentage,Iceland,2020,0.83,,
ESTAT:EDUC_UOE_ENRA27(1.0),11/09/25 23:00:00,Annual,14 years,Females,Percentage,Iceland,2021,0.89,,
ESTAT:EDUC_UOE_ENRA27(1.0),11/09/25 23:00:00,Annual,14 years,Females,Percentage,Iceland,2022,1.78,,
ESTAT:EDUC_UOE_ENRA27(1.0),11/09/25 23:00:00,Annual,14 years,Females,Percentage,Iceland,2023,1.72,,
ESTAT:EDUC_UOE_ENRA27(1.0),11/09/25 23:00:00,Annual,14 years,Females,Percentage,Italy,2015,1.81,,
ESTAT:EDUC_UOE_ENRA27(1.0),11/09/25 23:00:00,Annual,14 years,Females,Percentage,Italy,2016,1.88,,
ESTAT:EDUC_UOE_ENRA27(1.0),11/09/25 23:00:00,Annual,14 years,Females,Percentage,Italy,2017,1.84,d,
ESTAT:EDUC_UOE_ENRA27(1.0),11/09/25 23:00:00,Annual,14 years,Females,Percentage,Italy,2018,0.79,d,
ESTAT:EDUC_UOE_ENRA27(1.0),11/09/25 23:00:00,Annual,14 years,Females,Percentage,Italy,2019,1.40,d,
ESTAT:EDUC_UOE_ENRA27(1.0),11/09/25 23:00:00,Annual,14 years,Females,Percentage,Italy,2020,0.77,,
ESTAT:EDUC_UOE_ENRA27(1.0),11/09/25 23:00:00,Annual,14 years,Females,Percentage,Italy,2021,1.94,,
ESTAT:EDUC_UOE_ENRA27(1.0),11/09/25 23:00:00,Annual,14 years,Females,Percentage,Italy,2022,2.46,,
ESTAT:EDUC_UOE_ENRA27(1.0),11/09/25 23:00:00,Annual,14 years,Females,Percentage,Italy,2023,1.27,,
ESTAT:EDUC_UOE_ENRA27(1.0),11/09/25 23:00:00,Annual,14 years,Females,Percentage,Liechtenstein,2015,6.53,,
ESTAT:EDUC_UOE_ENRA27(1.0),11/09/25 23:00:00,Annual,14 years,Females,Percentage,Liechtenstein,2016,8.89,,
ESTAT:EDUC_UOE_ENRA27(1.0),11/09/25 23:00:00,Annual,14 years,Females,Percentage,Liechtenstein,2017,42.42,,
ESTAT:EDUC_UOE_ENRA27(1.0),11/09/25 23:00:00,Annual,14 years,Females,Percentage,Liechtenstein,2018,7.60,,
ESTAT:EDUC_UOE_ENRA27(1.0),11/09/25 23:00:00,Annual,14 years,Females,Percentage,Liechtenstein,2019,6.63,,
ESTAT:EDUC_UOE_ENRA27(1.0),11/09/25 23:00:00,Annual,14 years,Females,Percentage,Liechtenstein,2020,4.95,,
ESTAT:EDUC_UOE_ENRA27(1.0),11/09/25 23:00:00,Annual,14 years,Females,Percentage,Liechtenstein,2021,2.60,,
ESTAT:EDUC_UOE_ENRA27(1.0),11/09/25 23:00:00,Annual,14 years,Females,Percentage,Liechtenstein,2022,3.93,,
ESTAT:EDUC_UOE_ENRA27(1.0),11/09/25 23:00:00,Annual,14 years,Females,Percentage,Lithuania,2015,0.55,,
ESTAT:EDUC_UOE_ENRA27(1.0),11/09/25 23:00:00,Annual,14 years,Females,Percentage,Lithuania,2016,0.24,,
ESTAT:EDUC_UOE_ENRA27(1.0),11/09/25 23:00:00,Annual,14 years,Females,Percentage,Lithuania,2017,0.00,,
ESTAT:EDUC_UOE_ENRA27(1.0),11/09/25 23:00:00,Annual,14 years,Females,Percentage,Lithuania,2018,0.00,,
ESTAT:EDUC_UOE_ENRA27(1.0),11/09/25 23:00:00,Annual,14 years,Females,Percentage,Lithuania,2019,0.00,,
ESTAT:EDUC_UOE_ENRA27(1.0),11/09/25 23:00:00,Annual,14 years,Females,Percentage,Lithuania,2020,0.00,,
ESTAT:EDUC_UOE_ENRA27(1.0),11/09/25 23:00:00,Annual,14 years,Females,Percentage,Lithuania,2021,0.00,,
ESTAT:EDUC_UOE_ENRA27(1.0),11/09/25 23:00:00,Annual,14 years,Females,Percentage,Lithuania,2022,0.00,,
ESTAT:EDUC_UOE_ENRA27(1.0),11/09/25 23:00:00,Annual,14 years,Females,Percentage,Lithuania,2023,0.00,,
ESTAT:EDUC_UOE_ENRA27(1.0),11/09/25 23:00:00,Annual,14 years,Females,Percentage,Luxembourg,2015,5.48,,
ESTAT:EDUC_UOE_ENRA27(1.0),11/09/25 23:00:00,Annual,14 years,Females,Percentage,Luxembourg,2016,0.19,,
ESTAT:EDUC_UOE_ENRA27(1.0),11/09/25 23:00:00,Annual,14 years,Females,Percentage,Luxembourg,2017,4.34,,
ESTAT:EDUC_UOE_ENRA27(1.0),11/09/25 23:00:00,Annual,14 years,Females,Percentage,Luxembourg,2018,2.96,,
ESTAT:EDUC_UOE_ENRA27(1.0),11/09/25 23:00:00,Annual,14 years,Females,Percentage,Luxembourg,2019,4.23,,
ESTAT:EDUC_UOE_ENRA27(1.0),11/09/25 23:00:00,Annual,14 years,Females,Percentage,Luxembourg,2020,1.54,,
ESTAT:EDUC_UOE_ENRA27(1.0),11/09/25 23:00:00,Annual,14 years,Females,Percentage,Luxembourg,2021,5.56,,
ESTAT:EDUC_UOE_ENRA27(1.0),11/09/25 23:00:00,Annual,14 years,Females,Percentage,Luxembourg,2022,2.19,,
ESTAT:EDUC_UOE_ENRA27(1.0),11/09/25 23:00:00,Annual,14 years,Females,Percentage,Luxembourg,2023,1.90,,
ESTAT:EDUC_UOE_ENRA27(1.0),11/09/25 23:00:00,Annual,14 years,Females,Percentage,Latvia,2015,1.84,,
ESTAT:EDUC_UOE_ENRA27(1.0),11/09/25 23:00:00,Annual,14 years,Females,Percentage,Latvia,2016,1.41,,
ESTAT:EDUC_UOE_ENRA27(1.0),11/09/25 23:00:00,Annual,14 years,Females,Percentage,Latvia,2017,1.27,,
ESTAT:EDUC_UOE_ENRA27(1.0),11/09/25 23:00:00,Annual,14 years,Females,Percentage,Latvia,2018,1.53,,
ESTAT:EDUC_UOE_ENRA27(1.0),11/09/25 23:00:00,Annual,14 years,Females,Percentage,Latvia,2019,1.63,,
ESTAT:EDUC_UOE_ENRA27(1.0),11/09/25 23:00:00,Annual,14 years,Females,Percentage,Latvia,2020,0.98,,
ESTAT:EDUC_UOE_ENRA27(1.0),11/09/25 23:00:00,Annual,14 years,Females,Percentage,Latvia,2021,0.96,,
ESTAT:EDUC_UOE_ENRA27(1.0),11/09/25 23:00:00,Annual,14 years,Females,Percentage,Latvia,2022,0.76,,
ESTAT:EDUC_UOE_ENRA27(1.0),11/09/25 23:00:00,Annual,14 years,Females,Percentage,Latvia,2023,2.14,,
ESTAT:EDUC_UOE_ENRA27(1.0),11/09/25 23:00:00,Annual,14 years,Females,Percentage,Montenegro,2015,7.98,d,
ESTAT:EDUC_UOE_ENRA27(1.0),11/09/25 23:00:00,Annual,14 years,Females,Percentage,Montenegro,2016,3.18,,
ESTAT:EDUC_UOE_ENRA27(1.0),11/09/25 23:00:00,Annual,14 years,Females,Percentage,Montenegro,2017,4.61,,
ESTAT:EDUC_UOE_ENRA27(1.0),11/09/25 23:00:00,Annual,14 years,Females,Percentage,Montenegro,2018,2.77,,
ESTAT:EDUC_UOE_ENRA27(1.0),11/09/25 23:00:00,Annual,14 years,Females,Percentage,Montenegro,2019,2.39,,
ESTAT:EDUC_UOE_ENRA27(1.0),11/09/25 23:00:00,Annual,14 years,Females,Percentage,Montenegro,2020,3.36,,
ESTAT:EDUC_UOE_ENRA27(1.0),11/09/25 23:00:00,Annual,14 years,Females,Percentage,Montenegro,2021,1.99,,
ESTAT:EDUC_UOE_ENRA27(1.0),11/09/25 23:00:00,Annual,14 years,Females,Percentage,Montenegro,2023,0.00,,
ESTAT:EDUC_UOE_ENRA27(1.0),11/09/25 23:00:00,Annual,14 years,Females,Percentage,North Macedonia,2015,,d,
ESTAT:EDUC_UOE_ENRA27(1.0),11/09/25 23:00:00,Annual,14 years,Females,Percentage,North Macedonia,2016,,d,
ESTAT:EDUC_UOE_ENRA27(1.0),11/09/25 23:00:00,Annual,14 years,Females,Percentage,North Macedonia,2017,,d,
ESTAT:EDUC_UOE_ENRA27(1.0),11/09/25 23:00:00,Annual,14 years,Females,Percentage,North Macedonia,2018,13.67,d,
ESTAT:EDUC_UOE_ENRA27(1.0),11/09/25 23:00:00,Annual,14 years,Females,Percentage,North Macedonia,2019,14.86,,
ESTAT:EDUC_UOE_ENRA27(1.0),11/09/25 23:00:00,Annual,14 years,Females,Percentage,North Macedonia,2020,,d,
ESTAT:EDUC_UOE_ENRA27(1.0),11/09/25 23:00:00,Annual,14 years,Females,Percentage,North Macedonia,2021,,d,
ESTAT:EDUC_UOE_ENRA27(1.0),11/09/25 23:00:00,Annual,14 years,Females,Percentage,North Macedonia,2022,,d,
ESTAT:EDUC_UOE_ENRA27(1.0),11/09/25 23:00:00,Annual,14 years,Females,Percentage,North Macedonia,2023,,d,
ESTAT:EDUC_UOE_ENRA27(1.0),11/09/25 23:00:00,Annual,14 years,Females,Percentage,Malta,2015,1.40,,
ESTAT:EDUC_UOE_ENRA27(1.0),11/09/25 23:00:00,Annual,14 years,Females,Percentage,Malta,2016,3.01,,
ESTAT:EDUC_UOE_ENRA27(1.0),11/09/25 23:00:00,Annual,14 years,Females,Percentage,Malta,2017,2.42,,
ESTAT:EDUC_UOE_ENRA27(1.0),11/09/25 23:00:00,Annual,14 years,Females,Percentage,Malta,2018,3.21,,
ESTAT:EDUC_UOE_ENRA27(1.0),11/09/25 23:00:00,Annual,14 years,Females,Percentage,Malta,2019,1.74,,
ESTAT:EDUC_UOE_ENRA27(1.0),11/09/25 23:00:00,Annual,14 years,Females,Percentage,Malta,2020,0.54,,
ESTAT:EDUC_UOE_ENRA27(1.0),11/09/25 23:00:00,Annual,14 years,Females,Percentage,Malta,2021,1.58,,
ESTAT:EDUC_UOE_ENRA27(1.0),11/09/25 23:00:00,Annual,14 years,Females,Percentage,Malta,2022,1.34,,
ESTAT:EDUC_UOE_ENRA27(1.0),11/09/25 23:00:00,Annual,14 years,Females,Percentage,Malta,2023,1.78,,
ESTAT:EDUC_UOE_ENRA27(1.0),11/09/25 23:00:00,Annual,14 years,Females,Percentage,Netherlands,2015,0.18,,
ESTAT:EDUC_UOE_ENRA27(1.0),11/09/25 23:00:00,Annual,14 years,Females,Percentage,Netherlands,2016,0.22,,
ESTAT:EDUC_UOE_ENRA27(1.0),11/09/25 23:00:00,Annual,14 years,Females,Percentage,Netherlands,2017,0.25,,
ESTAT:EDUC_UOE_ENRA27(1.0),11/09/25 23:00:00,Annual,14 years,Females,Percentage,Netherlands,2018,0.18,,
ESTAT:EDUC_UOE_ENRA27(1.0),11/09/25 23:00:00,Annual,14 years,Females,Percentage,Netherlands,2019,0.23,,
ESTAT:EDUC_UOE_ENRA27(1.0),11/09/25 23:00:00,Annual,14 years,Females,Percentage,Netherlands,2020,0.20,e,
ESTAT:EDUC_UOE_ENRA27(1.0),11/09/25 23:00:00,Annual,14 years,Females,Percentage,Netherlands,2021,0.23,e,
ESTAT:EDUC_UOE_ENRA27(1.0),11/09/25 23:00:00,Annual,14 years,Females,Percentage,Netherlands,2022,0.28,,
ESTAT:EDUC_UOE_ENRA27(1.0),11/09/25 23:00:00,Annual,14 years,Females,Percentage,Netherlands,2023,0.48,,
ESTAT:EDUC_UOE_ENRA27(1.0),11/09/25 23:00:00,Annual,14 years,Females,Percentage,Norway,2015,0.58,,
ESTAT:EDUC_UOE_ENRA27(1.0),11/09/25 23:00:00,Annual,14 years,Females,Percentage,Norway,2016,0.12,,
ESTAT:EDUC_UOE_ENRA27(1.0),11/09/25 23:00:00,Annual,14 years,Females,Percentage,Norway,2017,0.57,,
ESTAT:EDUC_UOE_ENRA27(1.0),11/09/25 23:00:00,Annual,14 years,Females,Percentage,Norway,2018,0.79,,
ESTAT:EDUC_UOE_ENRA27(1.0),11/09/25 23:00:00,Annual,14 years,Females,Percentage,Norway,2019,0.47,,
ESTAT:EDUC_UOE_ENRA27(1.0),11/09/25 23:00:00,Annual,14 years,Females,Percentage,Norway,2020,0.61,,
ESTAT:EDUC_UOE_ENRA27(1.0),11/09/25 23:00:00,Annual,14 years,Females,Percentage,Norway,2021,0.65,,
ESTAT:EDUC_UOE_ENRA27(1.0),11/09/25 23:00:00,Annual,14 years,Females,Percentage,Norway,2022,0.64,,
ESTAT:EDUC_UOE_ENRA27(1.0),11/09/25 23:00:00,Annual,14 years,Females,Percentage,Norway,2023,1.10,,
ESTAT:EDUC_UOE_ENRA27(1.0),11/09/25 23:00:00,Annual,14 years,Females,Percentage,Poland,2015,4.39,d,
ESTAT:EDUC_UOE_ENRA27(1.0),11/09/25 23:00:00,Annual,14 years,Females,Percentage,Poland,2016,4.59,d,
ESTAT:EDUC_UOE_ENRA27(1.0),11/09/25 23:00:00,Annual,14 years,Females,Percentage,Poland,2017,4.79,d,
ESTAT:EDUC_UOE_ENRA27(1.0),11/09/25 23:00:00,Annual,14 years,Females,Percentage,Poland,2018,4.98,e,
ESTAT:EDUC_UOE_ENRA27(1.0),11/09/25 23:00:00,Annual,14 years,Females,Percentage,Poland,2019,5.94,e,
ESTAT:EDUC_UOE_ENRA27(1.0),11/09/25 23:00:00,Annual,14 years,Females,Percentage,Poland,2020,4.61,e,
ESTAT:EDUC_UOE_ENRA27(1.0),11/09/25 23:00:00,Annual,14 years,Females,Percentage,Poland,2021,0.00,p,
ESTAT:EDUC_UOE_ENRA27(1.0),11/09/25 23:00:00,Annual,14 years,Females,Percentage,Poland,2022,0.00,p,
ESTAT:EDUC_UOE_ENRA27(1.0),11/09/25 23:00:00,Annual,14 years,Females,Percentage,Poland,2023,0.00,p,
ESTAT:EDUC_UOE_ENRA27(1.0),11/09/25 23:00:00,Annual,14 years,Females,Percentage,Portugal,2015,1.23,,
ESTAT:EDUC_UOE_ENRA27(1.0),11/09/25 23:00:00,Annual,14 years,Females,Percentage,Portugal,2016,0.05,,
ESTAT:EDUC_UOE_ENRA27(1.0),11/09/25 23:00:00,Annual,14 years,Females,Percentage,Portugal,2017,0.18,,
ESTAT:EDUC_UOE_ENRA27(1.0),11/09/25 23:00:00,Annual,14 years,Females,Percentage,Portugal,2018,0.00,,
ESTAT:EDUC_UOE_ENRA27(1.0),11/09/25 23:00:00,Annual,14 years,Females,Percentage,Portugal,2019,0.00,,
ESTAT:EDUC_UOE_ENRA27(1.0),11/09/25 23:00:00,Annual,14 years,Females,Percentage,Portugal,2020,0.00,,
ESTAT:EDUC_UOE_ENRA27(1.0),11/09/25 23:00:00,Annual,14 years,Females,Percentage,Portugal,2021,0.00,,
ESTAT:EDUC_UOE_ENRA27(1.0),11/09/25 23:00:00,Annual,14 years,Females,Percentage,Portugal,2022,0.00,,
ESTAT:EDUC_UOE_ENRA27(1.0),11/09/25 23:00:00,Annual,14 years,Females,Percentage,Portugal,2023,0.00,,
ESTAT:EDUC_UOE_ENRA27(1.0),11/09/25 23:00:00,Annual,14 years,Females,Percentage,Romania,2015,10.28,,
ESTAT:EDUC_UOE_ENRA27(1.0),11/09/25 23:00:00,Annual,14 years,Females,Percentage,Romania,2016,9.76,d,
ESTAT:EDUC_UOE_ENRA27(1.0),11/09/25 23:00:00,Annual,14 years,Females,Percentage,Romania,2017,10.94,d,
ESTAT:EDUC_UOE_ENRA27(1.0),11/09/25 23:00:00,Annual,14 years,Females,Percentage,Romania,2018,10.84,d,
ESTAT:EDUC_UOE_ENRA27(1.0),11/09/25 23:00:00,Annual,14 years,Females,Percentage,Romania,2019,10.95,d,
ESTAT:EDUC_UOE_ENRA27(1.0),11/09/25 23:00:00,Annual,14 years,Females,Percentage,Romania,2020,11.23,d,
ESTAT:EDUC_UOE_ENRA27(1.0),11/09/25 23:00:00,Annual,14 years,Females,Percentage,Romania,2021,13.46,d,
ESTAT:EDUC_UOE_ENRA27(1.0),11/09/25 23:00:00,Annual,14 years,Females,Percentage,Romania,2022,15.07,,
ESTAT:EDUC_UOE_ENRA27(1.0),11/09/25 23:00:00,Annual,14 years,Females,Percentage,Romania,2023,16.37,,
ESTAT:EDUC_UOE_ENRA27(1.0),11/09/25 23:00:00,Annual,14 years,Females,Percentage,Serbia,2015,0.00,,
ESTAT:EDUC_UOE_ENRA27(1.0),11/09/25 23:00:00,Annual,14 years,Females,Percentage,Serbia,2016,2.90,,
ESTAT:EDUC_UOE_ENRA27(1.0),11/09/25 23:00:00,Annual,14 years,Females,Percentage,Serbia,2017,3.83,,
ESTAT:EDUC_UOE_ENRA27(1.0),11/09/25 23:00:00,Annual,14 years,Females,Percentage,Serbia,2018,2.83,,
ESTAT:EDUC_UOE_ENRA27(1.0),11/09/25 23:00:00,Annual,14 years,Females,Percentage,Serbia,2019,2.74,,
ESTAT:EDUC_UOE_ENRA27(1.0),11/09/25 23:00:00,Annual,14 years,Females,Percentage,Serbia,2020,3.14,,
ESTAT:EDUC_UOE_ENRA27(1.0),11/09/25 23:00:00,Annual,14 years,Females,Percentage,Serbia,2021,1.92,,
ESTAT:EDUC_UOE_ENRA27(1.0),11/09/25 23:00:00,Annual,14 years,Females,Percentage,Serbia,2022,0.00,,
ESTAT:EDUC_UOE_ENRA27(1.0),11/09/25 23:00:00,Annual,14 years,Females,Percentage,Serbia,2023,5.49,,
ESTAT:EDUC_UOE_ENRA27(1.0),11/09/25 23:00:00,Annual,14 years,Females,Percentage,Sweden,2015,0.98,,
ESTAT:EDUC_UOE_ENRA27(1.0),11/09/25 23:00:00,Annual,14 years,Females,Percentage,Sweden,2016,0.57,,
ESTAT:EDUC_UOE_ENRA27(1.0),11/09/25 23:00:00,Annual,14 years,Females,Percentage,Sweden,2017,0.33,,
ESTAT:EDUC_UOE_ENRA27(1.0),11/09/25 23:00:00,Annual,14 years,Females,Percentage,Sweden,2018,0.72,,
ESTAT:EDUC_UOE_ENRA27(1.0),11/09/25 23:00:00,Annual,14 years,Females,Percentage,Sweden,2019,0.76,,
ESTAT:EDUC_UOE_ENRA27(1.0),11/09/25 23:00:00,Annual,14 years,Females,Percentage,Sweden,2020,0.75,,
ESTAT:EDUC_UOE_ENRA27(1.0),11/09/25 23:00:00,Annual,14 years,Females,Percentage,Sweden,2021,0.33,,
ESTAT:EDUC_UOE_ENRA27(1.0),11/09/25 23:00:00,Annual,14 years,Females,Percentage,Sweden,2022,0.76,,
ESTAT:EDUC_UOE_ENRA27(1.0),11/09/25 23:00:00,Annual,14 years,Females,Percentage,Sweden,2023,0.38,,
ESTAT:EDUC_UOE_ENRA27(1.0),11/09/25 23:00:00,Annual,14 years,Females,Percentage,Slovenia,2015,3.18,d,
ESTAT:EDUC_UOE_ENRA27(1.0),11/09/25 23:00:00,Annual,14 years,Females,Percentage,Slovenia,2016,2.26,d,
ESTAT:EDUC_UOE_ENRA27(1.0),11/09/25 23:00:00,Annual,14 years,Females,Percentage,Slovenia,2017,1.66,d,
ESTAT:EDUC_UOE_ENRA27(1.0),11/09/25 23:00:00,Annual,14 years,Females,Percentage,Slovenia,2018,1.39,,
ESTAT:EDUC_UOE_ENRA27(1.0),11/09/25 23:00:00,Annual,14 years,Females,Percentage,Slovenia,2019,0.97,,
ESTAT:EDUC_UOE_ENRA27(1.0),11/09/25 23:00:00,Annual,14 years,Females,Percentage,Slovenia,2020,1.07,,
ESTAT:EDUC_UOE_ENRA27(1.0),11/09/25 23:00:00,Annual,14 years,Females,Percentage,Slovenia,2021,1.45,,
ESTAT:EDUC_UOE_ENRA27(1.0),11/09/25 23:00:00,Annual,14 years,Females,Percentage,Slovenia,2022,0.92,,
ESTAT:EDUC_UOE_ENRA27(1.0),11/09/25 23:00:00,Annual,14 years,Females,Percentage,Slovenia,2023,1.33,,
ESTAT:EDUC_UOE_ENRA27(1.0),11/09/25 23:00:00,Annual,14 years,Females,Percentage,Slovakia,2015,3.54,,
ESTAT:EDUC_UOE_ENRA27(1.0),11/09/25 23:00:00,Annual,14 years,Females,Percentage,Slovakia,2016,3.46,,
ESTAT:EDUC_UOE_ENRA27(1.0),11/09/25 23:00:00,Annual,14 years,Females,Percentage,Slovakia,2017,4.07,,
ESTAT:EDUC_UOE_ENRA27(1.0),11/09/25 23:00:00,Annual,14 years,Females,Percentage,Slovakia,2018,3.86,,
ESTAT:EDUC_UOE_ENRA27(1.0),11/09/25 23:00:00,Annual,14 years,Females,Percentage,Slovakia,2019,4.96,,
ESTAT:EDUC_UOE_ENRA27(1.0),11/09/25 23:00:00,Annual,14 years,Females,Percentage,Slovakia,2020,4.34,,
ESTAT:EDUC_UOE_ENRA27(1.0),11/09/25 23:00:00,Annual,14 years,Females,Percentage,Slovakia,2021,3.91,,
ESTAT:EDUC_UOE_ENRA27(1.0),11/09/25 23:00:00,Annual,14 years,Females,Percentage,Slovakia,2022,3.20,,
ESTAT:EDUC_UOE_ENRA27(1.0),11/09/25 23:00:00,Annual,14 years,Females,Percentage,Slovakia,2023,2.15,,
ESTAT:EDUC_UOE_ENRA27(1.0),11/09/25 23:00:00,Annual,14 years,Females,Percentage,Türkiye,2015,6.61,,
ESTAT:EDUC_UOE_ENRA27(1.0),11/09/25 23:00:00,Annual,14 years,Females,Percentage,Türkiye,2016,9.35,,
ESTAT:EDUC_UOE_ENRA27(1.0),11/09/25 23:00:00,Annual,14 years,Females,Percentage,Türkiye,2017,4.61,,
ESTAT:EDUC_UOE_ENRA27(1.0),11/09/25 23:00:00,Annual,14 years,Females,Percentage,Türkiye,2018,4.50,,
ESTAT:EDUC_UOE_ENRA27(1.0),11/09/25 23:00:00,Annual,14 years,Females,Percentage,Türkiye,2019,4.22,,
ESTAT:EDUC_UOE_ENRA27(1.0),11/09/25 23:00:00,Annual,14 years,Females,Percentage,Türkiye,2020,2.80,,
ESTAT:EDUC_UOE_ENRA27(1.0),11/09/25 23:00:00,Annual,14 years,Females,Percentage,Türkiye,2021,2.84,,
ESTAT:EDUC_UOE_ENRA27(1.0),11/09/25 23:00:00,Annual,14 years,Females,Percentage,Türkiye,2022,2.45,,
ESTAT:EDUC_UOE_ENRA27(1.0),11/09/25 23:00:00,Annual,14 years,Females,Percentage,Türkiye,2023,0.00,,
ESTAT:EDUC_UOE_ENRA27(1.0),11/09/25 23:00:00,Annual,14 years,Females,Percentage,United Kingdom,2015,1.20,d,
ESTAT:EDUC_UOE_ENRA27(1.0),11/09/25 23:00:00,Annual,14 years,Females,Percentage,United Kingdom,2016,0.47,d,
ESTAT:EDUC_UOE_ENRA27(1.0),11/09/25 23:00:00,Annual,14 years,Females,Percentage,United Kingdom,2017,0.92,d,
ESTAT:EDUC_UOE_ENRA27(1.0),11/09/25 23:00:00,Annual,14 years,Females,Percentage,United Kingdom,2018,1.30,d,
ESTAT:EDUC_UOE_ENRA27(1.0),11/09/25 23:00:00,Annual,14 years,Females,Percentage,United Kingdom,2019,1.46,d,
ESTAT:EDUC_UOE_ENRA27(1.0),11/09/25 23:00:00,Annual,14 years,Males,Percentage,Albania,2021,0.00,,
ESTAT:EDUC_UOE_ENRA27(1.0),11/09/25 23:00:00,Annual,14 years,Males,Percentage,Albania,2022,0.00,,
ESTAT:EDUC_UOE_ENRA27(1.0),11/09/25 23:00:00,Annual,14 years,Males,Percentage,Albania,2023,6.00,,
ESTAT:EDUC_UOE_ENRA27(1.0),11/09/25 23:00:00,Annual,14 years,Males,Percentage,Austria,2015,1.60,,
ESTAT:EDUC_UOE_ENRA27(1.0),11/09/25 23:00:00,Annual,14 years,Males,Percentage,Austria,2016,3.11,,
ESTAT:EDUC_UOE_ENRA27(1.0),11/09/25 23:00:00,Annual,14 years,Males,Percentage,Austria,2017,1.40,,
ESTAT:EDUC_UOE_ENRA27(1.0),11/09/25 23:00:00,Annual,14 years,Males,Percentage,Austria,2018,1.38,,
ESTAT:EDUC_UOE_ENRA27(1.0),11/09/25 23:00:00,Annual,14 years,Males,Percentage,Austria,2019,1.19,,
ESTAT:EDUC_UOE_ENRA27(1.0),11/09/25 23:00:00,Annual,14 years,Males,Percentage,Austria,2020,1.17,,
ESTAT:EDUC_UOE_ENRA27(1.0),11/09/25 23:00:00,Annual,14 years,Males,Percentage,Austria,2021,1.13,,
ESTAT:EDUC_UOE_ENRA27(1.0),11/09/25 23:00:00,Annual,14 years,Males,Percentage,Austria,2022,1.44,,
ESTAT:EDUC_UOE_ENRA27(1.0),11/09/25 23:00:00,Annual,14 years,Males,Percentage,Austria,2023,1.77,,
ESTAT:EDUC_UOE_ENRA27(1.0),11/09/25 23:00:00,Annual,14 years,Males,Percentage,Belgium,2015,1.29,,
ESTAT:EDUC_UOE_ENRA27(1.0),11/09/25 23:00:00,Annual,14 years,Males,Percentage,Belgium,2016,1.31,,
ESTAT:EDUC_UOE_ENRA27(1.0),11/09/25 23:00:00,Annual,14 years,Males,Percentage,Belgium,2017,0.67,,
ESTAT:EDUC_UOE_ENRA27(1.0),11/09/25 23:00:00,Annual,14 years,Males,Percentage,Belgium,2018,0.59,,
ESTAT:EDUC_UOE_ENRA27(1.0),11/09/25 23:00:00,Annual,14 years,Males,Percentage,Belgium,2019,0.81,,
ESTAT:EDUC_UOE_ENRA27(1.0),11/09/25 23:00:00,Annual,14 years,Males,Percentage,Belgium,2020,0.74,bd,
ESTAT:EDUC_UOE_ENRA27(1.0),11/09/25 23:00:00,Annual,14 years,Males,Percentage,Belgium,2021,0.84,,
ESTAT:EDUC_UOE_ENRA27(1.0),11/09/25 23:00:00,Annual,14 years,Males,Percentage,Belgium,2022,1.10,,
ESTAT:EDUC_UOE_ENRA27(1.0),11/09/25 23:00:00,Annual,14 years,Males,Percentage,Belgium,2023,1.33,,
ESTAT:EDUC_UOE_ENRA27(1.0),11/09/25 23:00:00,Annual,14 years,Males,Percentage,Bulgaria,2015,2.08,,
ESTAT:EDUC_UOE_ENRA27(1.0),11/09/25 23:00:00,Annual,14 years,Males,Percentage,Bulgaria,2016,1.76,,
ESTAT:EDUC_UOE_ENRA27(1.0),11/09/25 23:00:00,Annual,14 years,Males,Percentage,Bulgaria,2017,0.00,,
ESTAT:EDUC_UOE_ENRA27(1.0),11/09/25 23:00:00,Annual,14 years,Males,Percentage,Bulgaria,2018,6.47,,
ESTAT:EDUC_UOE_ENRA27(1.0),11/09/25 23:00:00,Annual,14 years,Males,Percentage,Bulgaria,2019,2.72,,
ESTAT:EDUC_UOE_ENRA27(1.0),11/09/25 23:00:00,Annual,14 years,Males,Percentage,Bulgaria,2020,2.80,,
ESTAT:EDUC_UOE_ENRA27(1.0),11/09/25 23:00:00,Annual,14 years,Males,Percentage,Bulgaria,2021,2.88,,
ESTAT:EDUC_UOE_ENRA27(1.0),11/09/25 23:00:00,Annual,14 years,Males,Percentage,Bulgaria,2022,6.43,,
ESTAT:EDUC_UOE_ENRA27(1.0),11/09/25 23:00:00,Annual,14 years,Males,Percentage,Bulgaria,2023,6.82,,
ESTAT:EDUC_UOE_ENRA27(1.0),11/09/25 23:00:00,Annual,14 years,Males,Percentage,Switzerland,2015,0.30,,
ESTAT:EDUC_UOE_ENRA27(1.0),11/09/25 23:00:00,Annual,14 years,Males,Percentage,Switzerland,2016,0.28,,
ESTAT:EDUC_UOE_ENRA27(1.0),11/09/25 23:00:00,Annual,14 years,Males,Percentage,Switzerland,2017,0.17,,
ESTAT:EDUC_UOE_ENRA27(1.0),11/09/25 23:00:00,Annual,14 years,Males,Percentage,Switzerland,2018,0.32,,
ESTAT:EDUC_UOE_ENRA27(1.0),11/09/25 23:00:00,Annual,14 years,Males,Percentage,Switzerland,2019,0.22,,
ESTAT:EDUC_UOE_ENRA27(1.0),11/09/25 23:00:00,Annual,14 years,Males,Percentage,Switzerland,2020,0.33,,
ESTAT:EDUC_UOE_ENRA27(1.0),11/09/25 23:00:00,Annual,14 years,Males,Percentage,Switzerland,2021,0.25,,
ESTAT:EDUC_UOE_ENRA27(1.0),11/09/25 23:00:00,Annual,14 years,Males,Percentage,Switzerland,2022,0.25,,
ESTAT:EDUC_UOE_ENRA27(1.0),11/09/25 23:00:00,Annual,14 years,Males,Percentage,Switzerland,2023,0.00,,
ESTAT:EDUC_UOE_ENRA27(1.0),11/09/25 23:00:00,Annual,14 years,Males,Percentage,Cyprus,2015,2.22,,
ESTAT:EDUC_UOE_ENRA27(1.0),11/09/25 23:00:00,Annual,14 years,Males,Percentage,Cyprus,2016,3.34,,
ESTAT:EDUC_UOE_ENRA27(1.0),11/09/25 23:00:00,Annual,14 years,Males,Percentage,Cyprus,2017,0.00,,
ESTAT:EDUC_UOE_ENRA27(1.0),11/09/25 23:00:00,Annual,14 years,Males,Percentage,Cyprus,2018,2.56,,
ESTAT:EDUC_UOE_ENRA27(1.0),11/09/25 23:00:00,Annual,14 years,Males,Percentage,Cyprus,2019,0.00,,
ESTAT:EDUC_UOE_ENRA27(1.0),11/09/25 23:00:00,Annual,14 years,Males,Percentage,Cyprus,2020,0.00,,
ESTAT:EDUC_UOE_ENRA27(1.0),11/09/25 23:00:00,Annual,14 years,Males,Percentage,Cyprus,2021,0.00,,
ESTAT:EDUC_UOE_ENRA27(1.0),11/09/25 23:00:00,Annual,14 years,Males,Percentage,Cyprus,2022,0.00,,
ESTAT:EDUC_UOE_ENRA27(1.0),11/09/25 23:00:00,Annual,14 years,Males,Percentage,Cyprus,2023,0.00,,
ESTAT:EDUC_UOE_ENRA27(1.0),11/09/25 23:00:00,Annual,14 years,Males,Percentage,Czechia,2015,0.00,,
ESTAT:EDUC_UOE_ENRA27(1.0),11/09/25 23:00:00,Annual,14 years,Males,Percentage,Czechia,2016,0.65,,
ESTAT:EDUC_UOE_ENRA27(1.0),11/09/25 23:00:00,Annual,14 years,Males,Percentage,Czechia,2017,0.38,,
ESTAT:EDUC_UOE_ENRA27(1.0),11/09/25 23:00:00,Annual,14 years,Males,Percentage,Czechia,2018,0.32,,
ESTAT:EDUC_UOE_ENRA27(1.0),11/09/25 23:00:00,Annual,14 years,Males,Percentage,Czechia,2019,,d,
ESTAT:EDUC_UOE_ENRA27(1.0),11/09/25 23:00:00,Annual,14 years,Males,Percentage,Czechia,2020,0.07,,
ESTAT:EDUC_UOE_ENRA27(1.0),11/09/25 23:00:00,Annual,14 years,Males,Percentage,Czechia,2021,0.00,,
ESTAT:EDUC_UOE_ENRA27(1.0),11/09/25 23:00:00,Annual,14 years,Males,Percentage,Czechia,2022,0.00,,
ESTAT:EDUC_UOE_ENRA27(1.0),11/09/25 23:00:00,Annual,14 years,Males,Percentage,Czechia,2023,0.43,d,
ESTAT:EDUC_UOE_ENRA27(1.0),11/09/25 23:00:00,Annual,14 years,Males,Percentage,Germany,2015,1.31,d,
ESTAT:EDUC_UOE_ENRA27(1.0),11/09/25 23:00:00,Annual,14 years,Males,Percentage,Germany,2016,2.69,d,
ESTAT:EDUC_UOE_ENRA27(1.0),11/09/25 23:00:00,Annual,14 years,Males,Percentage,Germany,2017,1.86,d,
ESTAT:EDUC_UOE_ENRA27(1.0),11/09/25 23:00:00,Annual,14 years,Males,Percentage,Germany,2018,1.74,d,
ESTAT:EDUC_UOE_ENRA27(1.0),11/09/25 23:00:00,Annual,14 years,Males,Percentage,Germany,2019,1.62,,
ESTAT:EDUC_UOE_ENRA27(1.0),11/09/25 23:00:00,Annual,14 years,Males,Percentage,Germany,2020,1.86,bd,
ESTAT:EDUC_UOE_ENRA27(1.0),11/09/25 23:00:00,Annual,14 years,Males,Percentage,Germany,2021,1.77,,
ESTAT:EDUC_UOE_ENRA27(1.0),11/09/25 23:00:00,Annual,14 years,Males,Percentage,Germany,2022,2.07,,
ESTAT:EDUC_UOE_ENRA27(1.0),11/09/25 23:00:00,Annual,14 years,Males,Percentage,Germany,2023,1.16,,
ESTAT:EDUC_UOE_ENRA27(1.0),11/09/25 23:00:00,Annual,14 years,Males,Percentage,Denmark,2015,0.84,,
ESTAT:EDUC_UOE_ENRA27(1.0),11/09/25 23:00:00,Annual,14 years,Males,Percentage,Denmark,2016,0.86,,
ESTAT:EDUC_UOE_ENRA27(1.0),11/09/25 23:00:00,Annual,14 years,Males,Percentage,Denmark,2017,0.74,,
ESTAT:EDUC_UOE_ENRA27(1.0),11/09/25 23:00:00,Annual,14 years,Males,Percentage,Denmark,2018,0.59,,
ESTAT:EDUC_UOE_ENRA27(1.0),11/09/25 23:00:00,Annual,14 years,Males,Percentage,Denmark,2019,0.51,,
ESTAT:EDUC_UOE_ENRA27(1.0),11/09/25 23:00:00,Annual,14 years,Males,Percentage,Denmark,2020,0.42,,
ESTAT:EDUC_UOE_ENRA27(1.0),11/09/25 23:00:00,Annual,14 years,Males,Percentage,Denmark,2021,0.58,,
ESTAT:EDUC_UOE_ENRA27(1.0),11/09/25 23:00:00,Annual,14 years,Males,Percentage,Denmark,2022,0.67,,
ESTAT:EDUC_UOE_ENRA27(1.0),11/09/25 23:00:00,Annual,14 years,Males,Percentage,Denmark,2023,0.99,,
ESTAT:EDUC_UOE_ENRA27(1.0),11/09/25 23:00:00,Annual,14 years,Males,Percentage,Estonia,2015,2.20,,
ESTAT:EDUC_UOE_ENRA27(1.0),11/09/25 23:00:00,Annual,14 years,Males,Percentage,Estonia,2016,2.36,,
ESTAT:EDUC_UOE_ENRA27(1.0),11/09/25 23:00:00,Annual,14 years,Males,Percentage,Estonia,2017,2.20,,
ESTAT:EDUC_UOE_ENRA27(1.0),11/09/25 23:00:00,Annual,14 years,Males,Percentage,Estonia,2018,2.42,,
ESTAT:EDUC_UOE_ENRA27(1.0),11/09/25 23:00:00,Annual,14 years,Males,Percentage,Estonia,2019,1.98,,
ESTAT:EDUC_UOE_ENRA27(1.0),11/09/25 23:00:00,Annual,14 years,Males,Percentage,Estonia,2020,2.12,,
ESTAT:EDUC_UOE_ENRA27(1.0),11/09/25 23:00:00,Annual,14 years,Males,Percentage,Estonia,2021,1.83,,
ESTAT:EDUC_UOE_ENRA27(1.0),11/09/25 23:00:00,Annual,14 years,Males,Percentage,Estonia,2022,1.55,,
ESTAT:EDUC_UOE_ENRA27(1.0),11/09/25 23:00:00,Annual,14 years,Males,Percentage,Estonia,2023,2.20,,
ESTAT:EDUC_UOE_ENRA27(1.0),11/09/25 23:00:00,Annual,14 years,Males,Percentage,Greece,2015,1.98,,
ESTAT:EDUC_UOE_ENRA27(1.0),11/09/25 23:00:00,Annual,14 years,Males,Percentage,Greece,2016,3.45,,
ESTAT:EDUC_UOE_ENRA27(1.0),11/09/25 23:00:00,Annual,14 years,Males,Percentage,Greece,2017,5.13,,
ESTAT:EDUC_UOE_ENRA27(1.0),11/09/25 23:00:00,Annual,14 years,Males,Percentage,Greece,2018,4.66,,
ESTAT:EDUC_UOE_ENRA27(1.0),11/09/25 23:00:00,Annual,14 years,Males,Percentage,Greece,2019,3.63,,
ESTAT:EDUC_UOE_ENRA27(1.0),11/09/25 23:00:00,Annual,14 years,Males,Percentage,Greece,2020,4.86,,
ESTAT:EDUC_UOE_ENRA27(1.0),11/09/25 23:00:00,Annual,14 years,Males,Percentage,Greece,2021,3.58,,
ESTAT:EDUC_UOE_ENRA27(1.0),11/09/25 23:00:00,Annual,14 years,Males,Percentage,Greece,2022,1.70,,
ESTAT:EDUC_UOE_ENRA27(1.0),11/09/25 23:00:00,Annual,14 years,Males,Percentage,Greece,2023,1.23,,
ESTAT:EDUC_UOE_ENRA27(1.0),11/09/25 23:00:00,Annual,14 years,Males,Percentage,Spain,2015,2.56,,
ESTAT:EDUC_UOE_ENRA27(1.0),11/09/25 23:00:00,Annual,14 years,Males,Percentage,Spain,2016,2.71,,
ESTAT:EDUC_UOE_ENRA27(1.0),11/09/25 23:00:00,Annual,14 years,Males,Percentage,Spain,2017,2.41,,
ESTAT:EDUC_UOE_ENRA27(1.0),11/09/25 23:00:00,Annual,14 years,Males,Percentage,Spain,2018,2.19,,
ESTAT:EDUC_UOE_ENRA27(1.0),11/09/25 23:00:00,Annual,14 years,Males,Percentage,Spain,2019,2.02,,
ESTAT:EDUC_UOE_ENRA27(1.0),11/09/25 23:00:00,Annual,14 years,Males,Percentage,Spain,2020,2.14,,
ESTAT:EDUC_UOE_ENRA27(1.0),11/09/25 23:00:00,Annual,14 years,Males,Percentage,Spain,2021,1.94,,
ESTAT:EDUC_UOE_ENRA27(1.0),11/09/25 23:00:00,Annual,14 years,Males,Percentage,Spain,2022,1.99,,
ESTAT:EDUC_UOE_ENRA27(1.0),11/09/25 23:00:00,Annual,14 years,Males,Percentage,Spain,2023,1.99,,
ESTAT:EDUC_UOE_ENRA27(1.0),11/09/25 23:00:00,Annual,14 years,Males,Percentage,European Union - 27 countries (from 2020),2015,2.28,,
ESTAT:EDUC_UOE_ENRA27(1.0),11/09/25 23:00:00,Annual,14 years,Males,Percentage,European Union - 27 countries (from 2020),2016,2.52,,
ESTAT:EDUC_UOE_ENRA27(1.0),11/09/25 23:00:00,Annual,14 years,Males,Percentage,European Union - 27 countries (from 2020),2017,2.18,,
ESTAT:EDUC_UOE_ENRA27(1.0),11/09/25 23:00:00,Annual,14 years,Males,Percentage,European Union - 27 countries (from 2020),2018,2.28,,
ESTAT:EDUC_UOE_ENRA27(1.0),11/09/25 23:00:00,Annual,14 years,Males,Percentage,European Union - 27 countries (from 2020),2019,1.90,,
ESTAT:EDUC_UOE_ENRA27(1.0),11/09/25 23:00:00,Annual,14 years,Males,Percentage,European Union - 27 countries (from 2020),2020,2.10,,
ESTAT:EDUC_UOE_ENRA27(1.0),11/09/25 23:00:00,Annual,14 years,Males,Percentage,European Union - 27 countries (from 2020),2021,1.93,,
ESTAT:EDUC_UOE_ENRA27(1.0),11/09/25 23:00:00,Annual,14 years,Males,Percentage,European Union - 27 countries (from 2020),2022,2.12,,
ESTAT:EDUC_UOE_ENRA27(1.0),11/09/25 23:00:00,Annual,14 years,Males,Percentage,European Union - 27 countries (from 2020),2023,1.84,,
ESTAT:EDUC_UOE_ENRA27(1.0),11/09/25 23:00:00,Annual,14 years,Males,Percentage,European Union - 28 countries (2013-2020),2015,2.11,,
ESTAT:EDUC_UOE_ENRA27(1.0),11/09/25 23:00:00,Annual,14 years,Males,Percentage,European Union - 28 countries (2013-2020),2016,2.25,,
ESTAT:EDUC_UOE_ENRA27(1.0),11/09/25 23:00:00,Annual,14 years,Males,Percentage,European Union - 28 countries (2013-2020),2017,2.03,,
ESTAT:EDUC_UOE_ENRA27(1.0),11/09/25 23:00:00,Annual,14 years,Males,Percentage,European Union - 28 countries (2013-2020),2018,2.12,,
ESTAT:EDUC_UOE_ENRA27(1.0),11/09/25 23:00:00,Annual,14 years,Males,Percentage,European Union - 28 countries (2013-2020),2019,1.83,,
ESTAT:EDUC_UOE_ENRA27(1.0),11/09/25 23:00:00,Annual,14 years,Males,Percentage,Finland,2015,0.71,,
ESTAT:EDUC_UOE_ENRA27(1.0),11/09/25 23:00:00,Annual,14 years,Males,Percentage,Finland,2016,0.23,,
ESTAT:EDUC_UOE_ENRA27(1.0),11/09/25 23:00:00,Annual,14 years,Males,Percentage,Finland,2017,0.82,,
ESTAT:EDUC_UOE_ENRA27(1.0),11/09/25 23:00:00,Annual,14 years,Males,Percentage,Finland,2018,0.02,,
ESTAT:EDUC_UOE_ENRA27(1.0),11/09/25 23:00:00,Annual,14 years,Males,Percentage,Finland,2019,0.00,,
ESTAT:EDUC_UOE_ENRA27(1.0),11/09/25 23:00:00,Annual,14 years,Males,Percentage,Finland,2020,1.30,,
ESTAT:EDUC_UOE_ENRA27(1.0),11/09/25 23:00:00,Annual,14 years,Males,Percentage,Finland,2021,1.19,,
ESTAT:EDUC_UOE_ENRA27(1.0),11/09/25 23:00:00,Annual,14 years,Males,Percentage,Finland,2022,1.57,,
ESTAT:EDUC_UOE_ENRA27(1.0),11/09/25 23:00:00,Annual,14 years,Males,Percentage,Finland,2023,1.16,,
ESTAT:EDUC_UOE_ENRA27(1.0),11/09/25 23:00:00,Annual,14 years,Males,Percentage,France,2015,2.96,,
ESTAT:EDUC_UOE_ENRA27(1.0),11/09/25 23:00:00,Annual,14 years,Males,Percentage,France,2016,2.54,,
ESTAT:EDUC_UOE_ENRA27(1.0),11/09/25 23:00:00,Annual,14 years,Males,Percentage,France,2017,1.68,,
ESTAT:EDUC_UOE_ENRA27(1.0),11/09/25 23:00:00,Annual,14 years,Males,Percentage,France,2018,1.78,p,
ESTAT:EDUC_UOE_ENRA27(1.0),11/09/25 23:00:00,Annual,14 years,Males,Percentage,France,2019,1.10,,
ESTAT:EDUC_UOE_ENRA27(1.0),11/09/25 23:00:00,Annual,14 years,Males,Percentage,France,2020,0.85,,
ESTAT:EDUC_UOE_ENRA27(1.0),11/09/25 23:00:00,Annual,14 years,Males,Percentage,France,2021,0.92,,
ESTAT:EDUC_UOE_ENRA27(1.0),11/09/25 23:00:00,Annual,14 years,Males,Percentage,France,2022,0.89,,
ESTAT:EDUC_UOE_ENRA27(1.0),11/09/25 23:00:00,Annual,14 years,Males,Percentage,France,2023,0.75,bdp,
ESTAT:EDUC_UOE_ENRA27(1.0),11/09/25 23:00:00,Annual,14 years,Males,Percentage,Croatia,2015,1.42,,
ESTAT:EDUC_UOE_ENRA27(1.0),11/09/25 23:00:00,Annual,14 years,Males,Percentage,Croatia,2016,0.00,,
ESTAT:EDUC_UOE_ENRA27(1.0),11/09/25 23:00:00,Annual,14 years,Males,Percentage,Croatia,2017,0.00,,
ESTAT:EDUC_UOE_ENRA27(1.0),11/09/25 23:00:00,Annual,14 years,Males,Percentage,Croatia,2018,0.00,,
ESTAT:EDUC_UOE_ENRA27(1.0),11/09/25 23:00:00,Annual,14 years,Males,Percentage,Croatia,2019,0.00,,
ESTAT:EDUC_UOE_ENRA27(1.0),11/09/25 23:00:00,Annual,14 years,Males,Percentage,Croatia,2020,0.00,,
ESTAT:EDUC_UOE_ENRA27(1.0),11/09/25 23:00:00,Annual,14 years,Males,Percentage,Croatia,2021,0.00,,
ESTAT:EDUC_UOE_ENRA27(1.0),11/09/25 23:00:00,Annual,14 years,Males,Percentage,Croatia,2022,0.00,,
ESTAT:EDUC_UOE_ENRA27(1.0),11/09/25 23:00:00,Annual,14 years,Males,Percentage,Croatia,2023,0.00,,
ESTAT:EDUC_UOE_ENRA27(1.0),11/09/25 23:00:00,Annual,14 years,Males,Percentage,Hungary,2015,1.54,,
ESTAT:EDUC_UOE_ENRA27(1.0),11/09/25 23:00:00,Annual,14 years,Males,Percentage,Hungary,2016,1.41,,
ESTAT:EDUC_UOE_ENRA27(1.0),11/09/25 23:00:00,Annual,14 years,Males,Percentage,Hungary,2017,1.98,,
ESTAT:EDUC_UOE_ENRA27(1.0),11/09/25 23:00:00,Annual,14 years,Males,Percentage,Hungary,2018,2.02,,
ESTAT:EDUC_UOE_ENRA27(1.0),11/09/25 23:00:00,Annual,14 years,Males,Percentage,Hungary,2019,3.40,,
ESTAT:EDUC_UOE_ENRA27(1.0),11/09/25 23:00:00,Annual,14 years,Males,Percentage,Hungary,2020,3.23,,
ESTAT:EDUC_UOE_ENRA27(1.0),11/09/25 23:00:00,Annual,14 years,Males,Percentage,Hungary,2021,8.33,,
ESTAT:EDUC_UOE_ENRA27(1.0),11/09/25 23:00:00,Annual,14 years,Males,Percentage,Hungary,2022,6.51,,
ESTAT:EDUC_UOE_ENRA27(1.0),11/09/25 23:00:00,Annual,14 years,Males,Percentage,Hungary,2023,4.25,,
ESTAT:EDUC_UOE_ENRA27(1.0),11/09/25 23:00:00,Annual,14 years,Males,Percentage,Ireland,2015,0.07,d,
ESTAT:EDUC_UOE_ENRA27(1.0),11/09/25 23:00:00,Annual,14 years,Males,Percentage,Ireland,2016,0.00,d,
ESTAT:EDUC_UOE_ENRA27(1.0),11/09/25 23:00:00,Annual,14 years,Males,Percentage,Ireland,2017,0.00,d,
ESTAT:EDUC_UOE_ENRA27(1.0),11/09/25 23:00:00,Annual,14 years,Males,Percentage,Ireland,2018,0.00,d,
ESTAT:EDUC_UOE_ENRA27(1.0),11/09/25 23:00:00,Annual,14 years,Males,Percentage,Ireland,2019,0.00,,
ESTAT:EDUC_UOE_ENRA27(1.0),11/09/25 23:00:00,Annual,14 years,Males,Percentage,Ireland,2020,0.30,,
ESTAT:EDUC_UOE_ENRA27(1.0),11/09/25 23:00:00,Annual,14 years,Males,Percentage,Ireland,2021,0.00,,
ESTAT:EDUC_UOE_ENRA27(1.0),11/09/25 23:00:00,Annual,14 years,Males,Percentage,Ireland,2022,0.00,,
ESTAT:EDUC_UOE_ENRA27(1.0),11/09/25 23:00:00,Annual,14 years,Males,Percentage,Ireland,2023,0.00,,
ESTAT:EDUC_UOE_ENRA27(1.0),11/09/25 23:00:00,Annual,14 years,Males,Percentage,Iceland,2015,0.76,,
ESTAT:EDUC_UOE_ENRA27(1.0),11/09/25 23:00:00,Annual,14 years,Males,Percentage,Iceland,2016,0.37,,
ESTAT:EDUC_UOE_ENRA27(1.0),11/09/25 23:00:00,Annual,14 years,Males,Percentage,Iceland,2017,1.29,,
ESTAT:EDUC_UOE_ENRA27(1.0),11/09/25 23:00:00,Annual,14 years,Males,Percentage,Iceland,2018,0.88,,
ESTAT:EDUC_UOE_ENRA27(1.0),11/09/25 23:00:00,Annual,14 years,Males,Percentage,Iceland,2019,1.40,,
ESTAT:EDUC_UOE_ENRA27(1.0),11/09/25 23:00:00,Annual,14 years,Males,Percentage,Iceland,2020,1.08,,
ESTAT:EDUC_UOE_ENRA27(1.0),11/09/25 23:00:00,Annual,14 years,Males,Percentage,Iceland,2021,0.92,,
ESTAT:EDUC_UOE_ENRA27(1.0),11/09/25 23:00:00,Annual,14 years,Males,Percentage,Iceland,2022,1.14,,
ESTAT:EDUC_UOE_ENRA27(1.0),11/09/25 23:00:00,Annual,14 years,Males,Percentage,Iceland,2023,1.27,,
ESTAT:EDUC_UOE_ENRA27(1.0),11/09/25 23:00:00,Annual,14 years,Males,Percentage,Italy,2015,0.78,,
ESTAT:EDUC_UOE_ENRA27(1.0),11/09/25 23:00:00,Annual,14 years,Males,Percentage,Italy,2016,0.80,,
ESTAT:EDUC_UOE_ENRA27(1.0),11/09/25 23:00:00,Annual,14 years,Males,Percentage,Italy,2017,0.49,d,
ESTAT:EDUC_UOE_ENRA27(1.0),11/09/25 23:00:00,Annual,14 years,Males,Percentage,Italy,2018,0.68,d,
ESTAT:EDUC_UOE_ENRA27(1.0),11/09/25 23:00:00,Annual,14 years,Males,Percentage,Italy,2019,0.18,d,
ESTAT:EDUC_UOE_ENRA27(1.0),11/09/25 23:00:00,Annual,14 years,Males,Percentage,Italy,2020,0.82,,
ESTAT:EDUC_UOE_ENRA27(1.0),11/09/25 23:00:00,Annual,14 years,Males,Percentage,Italy,2021,1.54,,
ESTAT:EDUC_UOE_ENRA27(1.0),11/09/25 23:00:00,Annual,14 years,Males,Percentage,Italy,2022,2.07,,
ESTAT:EDUC_UOE_ENRA27(1.0),11/09/25 23:00:00,Annual,14 years,Males,Percentage,Italy,2023,1.23,,
ESTAT:EDUC_UOE_ENRA27(1.0),11/09/25 23:00:00,Annual,14 years,Males,Percentage,Liechtenstein,2015,3.76,,
ESTAT:EDUC_UOE_ENRA27(1.0),11/09/25 23:00:00,Annual,14 years,Males,Percentage,Liechtenstein,2016,0.00,,
ESTAT:EDUC_UOE_ENRA27(1.0),11/09/25 23:00:00,Annual,14 years,Males,Percentage,Liechtenstein,2017,0.00,,
ESTAT:EDUC_UOE_ENRA27(1.0),11/09/25 23:00:00,Annual,14 years,Males,Percentage,Liechtenstein,2018,1.68,,
ESTAT:EDUC_UOE_ENRA27(1.0),11/09/25 23:00:00,Annual,14 years,Males,Percentage,Liechtenstein,2019,2.40,,
ESTAT:EDUC_UOE_ENRA27(1.0),11/09/25 23:00:00,Annual,14 years,Males,Percentage,Liechtenstein,2020,1.55,,
ESTAT:EDUC_UOE_ENRA27(1.0),11/09/25 23:00:00,Annual,14 years,Males,Percentage,Liechtenstein,2021,3.08,,
ESTAT:EDUC_UOE_ENRA27(1.0),11/09/25 23:00:00,Annual,14 years,Males,Percentage,Liechtenstein,2022,1.45,,
ESTAT:EDUC_UOE_ENRA27(1.0),11/09/25 23:00:00,Annual,14 years,Males,Percentage,Lithuania,2015,0.37,,
ESTAT:EDUC_UOE_ENRA27(1.0),11/09/25 23:00:00,Annual,14 years,Males,Percentage,Lithuania,2016,0.80,,
ESTAT:EDUC_UOE_ENRA27(1.0),11/09/25 23:00:00,Annual,14 years,Males,Percentage,Lithuania,2017,0.00,,
ESTAT:EDUC_UOE_ENRA27(1.0),11/09/25 23:00:00,Annual,14 years,Males,Percentage,Lithuania,2018,0.89,,
ESTAT:EDUC_UOE_ENRA27(1.0),11/09/25 23:00:00,Annual,14 years,Males,Percentage,Lithuania,2019,0.00,,
ESTAT:EDUC_UOE_ENRA27(1.0),11/09/25 23:00:00,Annual,14 years,Males,Percentage,Lithuania,2020,0.00,,
ESTAT:EDUC_UOE_ENRA27(1.0),11/09/25 23:00:00,Annual,14 years,Males,Percentage,Lithuania,2021,0.00,,
ESTAT:EDUC_UOE_ENRA27(1.0),11/09/25 23:00:00,Annual,14 years,Males,Percentage,Lithuania,2022,0.00,,
ESTAT:EDUC_UOE_ENRA27(1.0),11/09/25 23:00:00,Annual,14 years,Males,Percentage,Lithuania,2023,0.00,,
ESTAT:EDUC_UOE_ENRA27(1.0),11/09/25 23:00:00,Annual,14 years,Males,Percentage,Luxembourg,2015,7.12,,
ESTAT:EDUC_UOE_ENRA27(1.0),11/09/25 23:00:00,Annual,14 years,Males,Percentage,Luxembourg,2016,5.01,,
ESTAT:EDUC_UOE_ENRA27(1.0),11/09/25 23:00:00,Annual,14 years,Males,Percentage,Luxembourg,2017,5.71,,
ESTAT:EDUC_UOE_ENRA27(1.0),11/09/25 23:00:00,Annual,14 years,Males,Percentage,Luxembourg,2018,5.22,,
ESTAT:EDUC_UOE_ENRA27(1.0),11/09/25 23:00:00,Annual,14 years,Males,Percentage,Luxembourg,2019,4.21,,
ESTAT:EDUC_UOE_ENRA27(1.0),11/09/25 23:00:00,Annual,14 years,Males,Percentage,Luxembourg,2020,3.90,,
ESTAT:EDUC_UOE_ENRA27(1.0),11/09/25 23:00:00,Annual,14 years,Males,Percentage,Luxembourg,2021,4.40,,
ESTAT:EDUC_UOE_ENRA27(1.0),11/09/25 23:00:00,Annual,14 years,Males,Percentage,Luxembourg,2022,3.03,,
ESTAT:EDUC_UOE_ENRA27(1.0),11/09/25 23:00:00,Annual,14 years,Males,Percentage,Luxembourg,2023,2.69,,
ESTAT:EDUC_UOE_ENRA27(1.0),11/09/25 23:00:00,Annual,14 years,Males,Percentage,Latvia,2015,2.62,,
ESTAT:EDUC_UOE_ENRA27(1.0),11/09/25 23:00:00,Annual,14 years,Males,Percentage,Latvia,2016,2.22,,
ESTAT:EDUC_UOE_ENRA27(1.0),11/09/25 23:00:00,Annual,14 years,Males,Percentage,Latvia,2017,2.29,,
ESTAT:EDUC_UOE_ENRA27(1.0),11/09/25 23:00:00,Annual,14 years,Males,Percentage,Latvia,2018,2.15,,
ESTAT:EDUC_UOE_ENRA27(1.0),11/09/25 23:00:00,Annual,14 years,Males,Percentage,Latvia,2019,2.31,,
ESTAT:EDUC_UOE_ENRA27(1.0),11/09/25 23:00:00,Annual,14 years,Males,Percentage,Latvia,2020,1.77,,
ESTAT:EDUC_UOE_ENRA27(1.0),11/09/25 23:00:00,Annual,14 years,Males,Percentage,Latvia,2021,1.86,,
ESTAT:EDUC_UOE_ENRA27(1.0),11/09/25 23:00:00,Annual,14 years,Males,Percentage,Latvia,2022,1.67,,
ESTAT:EDUC_UOE_ENRA27(1.0),11/09/25 23:00:00,Annual,14 years,Males,Percentage,Latvia,2023,2.10,,
ESTAT:EDUC_UOE_ENRA27(1.0),11/09/25 23:00:00,Annual,14 years,Males,Percentage,Montenegro,2015,6.53,d,
ESTAT:EDUC_UOE_ENRA27(1.0),11/09/25 23:00:00,Annual,14 years,Males,Percentage,Montenegro,2016,2.68,,
ESTAT:EDUC_UOE_ENRA27(1.0),11/09/25 23:00:00,Annual,14 years,Males,Percentage,Montenegro,2017,4.61,,
ESTAT:EDUC_UOE_ENRA27(1.0),11/09/25 23:00:00,Annual,14 years,Males,Percentage,Montenegro,2018,2.74,,
ESTAT:EDUC_UOE_ENRA27(1.0),11/09/25 23:00:00,Annual,14 years,Males,Percentage,Montenegro,2019,2.61,,
ESTAT:EDUC_UOE_ENRA27(1.0),11/09/25 23:00:00,Annual,14 years,Males,Percentage,Montenegro,2020,2.31,,
ESTAT:EDUC_UOE_ENRA27(1.0),11/09/25 23:00:00,Annual,14 years,Males,Percentage,Montenegro,2021,2.92,,
ESTAT:EDUC_UOE_ENRA27(1.0),11/09/25 23:00:00,Annual,14 years,Males,Percentage,Montenegro,2023,0.00,,
ESTAT:EDUC_UOE_ENRA27(1.0),11/09/25 23:00:00,Annual,14 years,Males,Percentage,North Macedonia,2015,,d,
ESTAT:EDUC_UOE_ENRA27(1.0),11/09/25 23:00:00,Annual,14 years,Males,Percentage,North Macedonia,2016,,d,
ESTAT:EDUC_UOE_ENRA27(1.0),11/09/25 23:00:00,Annual,14 years,Males,Percentage,North Macedonia,2017,,d,
ESTAT:EDUC_UOE_ENRA27(1.0),11/09/25 23:00:00,Annual,14 years,Males,Percentage,North Macedonia,2018,13.86,d,
ESTAT:EDUC_UOE_ENRA27(1.0),11/09/25 23:00:00,Annual,14 years,Males,Percentage,North Macedonia,2019,14.55,,
ESTAT:EDUC_UOE_ENRA27(1.0),11/09/25 23:00:00,Annual,14 years,Males,Percentage,North Macedonia,2020,,d,
ESTAT:EDUC_UOE_ENRA27(1.0),11/09/25 23:00:00,Annual,14 years,Males,Percentage,North Macedonia,2021,,d,
ESTAT:EDUC_UOE_ENRA27(1.0),11/09/25 23:00:00,Annual,14 years,Males,Percentage,North Macedonia,2022,,d,
ESTAT:EDUC_UOE_ENRA27(1.0),11/09/25 23:00:00,Annual,14 years,Males,Percentage,North Macedonia,2023,,d,
ESTAT:EDUC_UOE_ENRA27(1.0),11/09/25 23:00:00,Annual,14 years,Males,Percentage,Malta,2015,8.94,,
ESTAT:EDUC_UOE_ENRA27(1.0),11/09/25 23:00:00,Annual,14 years,Males,Percentage,Malta,2016,8.45,,
ESTAT:EDUC_UOE_ENRA27(1.0),11/09/25 23:00:00,Annual,14 years,Males,Percentage,Malta,2017,8.84,,
ESTAT:EDUC_UOE_ENRA27(1.0),11/09/25 23:00:00,Annual,14 years,Males,Percentage,Malta,2018,7.01,,
ESTAT:EDUC_UOE_ENRA27(1.0),11/09/25 23:00:00,Annual,14 years,Males,Percentage,Malta,2019,4.82,,
ESTAT:EDUC_UOE_ENRA27(1.0),11/09/25 23:00:00,Annual,14 years,Males,Percentage,Malta,2020,1.69,,
ESTAT:EDUC_UOE_ENRA27(1.0),11/09/25 23:00:00,Annual,14 years,Males,Percentage,Malta,2021,2.03,,
ESTAT:EDUC_UOE_ENRA27(1.0),11/09/25 23:00:00,Annual,14 years,Males,Percentage,Malta,2022,1.24,,
ESTAT:EDUC_UOE_ENRA27(1.0),11/09/25 23:00:00,Annual,14 years,Males,Percentage,Malta,2023,0.79,,
ESTAT:EDUC_UOE_ENRA27(1.0),11/09/25 23:00:00,Annual,14 years,Males,Percentage,Netherlands,2015,0.43,,
ESTAT:EDUC_UOE_ENRA27(1.0),11/09/25 23:00:00,Annual,14 years,Males,Percentage,Netherlands,2016,0.50,,
ESTAT:EDUC_UOE_ENRA27(1.0),11/09/25 23:00:00,Annual,14 years,Males,Percentage,Netherlands,2017,0.61,,
ESTAT:EDUC_UOE_ENRA27(1.0),11/09/25 23:00:00,Annual,14 years,Males,Percentage,Netherlands,2018,0.53,,
ESTAT:EDUC_UOE_ENRA27(1.0),11/09/25 23:00:00,Annual,14 years,Males,Percentage,Netherlands,2019,0.57,,
ESTAT:EDUC_UOE_ENRA27(1.0),11/09/25 23:00:00,Annual,14 years,Males,Percentage,Netherlands,2020,0.60,e,
ESTAT:EDUC_UOE_ENRA27(1.0),11/09/25 23:00:00,Annual,14 years,Males,Percentage,Netherlands,2021,0.64,e,
ESTAT:EDUC_UOE_ENRA27(1.0),11/09/25 23:00:00,Annual,14 years,Males,Percentage,Netherlands,2022,0.61,,
ESTAT:EDUC_UOE_ENRA27(1.0),11/09/25 23:00:00,Annual,14 years,Males,Percentage,Netherlands,2023,0.67,,
ESTAT:EDUC_UOE_ENRA27(1.0),11/09/25 23:00:00,Annual,14 years,Males,Percentage,Norway,2015,0.27,,
ESTAT:EDUC_UOE_ENRA27(1.0),11/09/25 23:00:00,Annual,14 years,Males,Percentage,Norway,2016,0.47,,
ESTAT:EDUC_UOE_ENRA27(1.0),11/09/25 23:00:00,Annual,14 years,Males,Percentage,Norway,2017,0.00,,
ESTAT:EDUC_UOE_ENRA27(1.0),11/09/25 23:00:00,Annual,14 years,Males,Percentage,Norway,2018,0.56,,
ESTAT:EDUC_UOE_ENRA27(1.0),11/09/25 23:00:00,Annual,14 years,Males,Percentage,Norway,2019,0.45,,
ESTAT:EDUC_UOE_ENRA27(1.0),11/09/25 23:00:00,Annual,14 years,Males,Percentage,Norway,2020,0.44,,
ESTAT:EDUC_UOE_ENRA27(1.0),11/09/25 23:00:00,Annual,14 years,Males,Percentage,Norway,2021,0.30,,
ESTAT:EDUC_UOE_ENRA27(1.0),11/09/25 23:00:00,Annual,14 years,Males,Percentage,Norway,2022,0.55,,
ESTAT:EDUC_UOE_ENRA27(1.0),11/09/25 23:00:00,Annual,14 years,Males,Percentage,Norway,2023,0.94,,
ESTAT:EDUC_UOE_ENRA27(1.0),11/09/25 23:00:00,Annual,14 years,Males,Percentage,Poland,2015,4.31,d,
ESTAT:EDUC_UOE_ENRA27(1.0),11/09/25 23:00:00,Annual,14 years,Males,Percentage,Poland,2016,4.60,d,
ESTAT:EDUC_UOE_ENRA27(1.0),11/09/25 23:00:00,Annual,14 years,Males,Percentage,Poland,2017,4.80,d,
ESTAT:EDUC_UOE_ENRA27(1.0),11/09/25 23:00:00,Annual,14 years,Males,Percentage,Poland,2018,4.99,e,
ESTAT:EDUC_UOE_ENRA27(1.0),11/09/25 23:00:00,Annual,14 years,Males,Percentage,Poland,2019,3.83,e,
ESTAT:EDUC_UOE_ENRA27(1.0),11/09/25 23:00:00,Annual,14 years,Males,Percentage,Poland,2020,4.72,e,
ESTAT:EDUC_UOE_ENRA27(1.0),11/09/25 23:00:00,Annual,14 years,Males,Percentage,Poland,2021,0.00,p,
ESTAT:EDUC_UOE_ENRA27(1.0),11/09/25 23:00:00,Annual,14 years,Males,Percentage,Poland,2022,0.00,p,
ESTAT:EDUC_UOE_ENRA27(1.0),11/09/25 23:00:00,Annual,14 years,Males,Percentage,Poland,2023,0.00,p,
ESTAT:EDUC_UOE_ENRA27(1.0),11/09/25 23:00:00,Annual,14 years,Males,Percentage,Portugal,2015,1.21,,
ESTAT:EDUC_UOE_ENRA27(1.0),11/09/25 23:00:00,Annual,14 years,Males,Percentage,Portugal,2016,0.63,,
ESTAT:EDUC_UOE_ENRA27(1.0),11/09/25 23:00:00,Annual,14 years,Males,Percentage,Portugal,2017,0.58,,
ESTAT:EDUC_UOE_ENRA27(1.0),11/09/25 23:00:00,Annual,14 years,Males,Percentage,Portugal,2018,0.63,,
ESTAT:EDUC_UOE_ENRA27(1.0),11/09/25 23:00:00,Annual,14 years,Males,Percentage,Portugal,2019,0.00,,
ESTAT:EDUC_UOE_ENRA27(1.0),11/09/25 23:00:00,Annual,14 years,Males,Percentage,Portugal,2020,0.00,,
ESTAT:EDUC_UOE_ENRA27(1.0),11/09/25 23:00:00,Annual,14 years,Males,Percentage,Portugal,2021,0.00,,
ESTAT:EDUC_UOE_ENRA27(1.0),11/09/25 23:00:00,Annual,14 years,Males,Percentage,Portugal,2022,0.00,,
ESTAT:EDUC_UOE_ENRA27(1.0),11/09/25 23:00:00,Annual,14 years,Males,Percentage,Portugal,2023,0.00,,
ESTAT:EDUC_UOE_ENRA27(1.0),11/09/25 23:00:00,Annual,14 years,Males,Percentage,Romania,2015,9.25,,
ESTAT:EDUC_UOE_ENRA27(1.0),11/09/25 23:00:00,Annual,14 years,Males,Percentage,Romania,2016,10.43,d,
ESTAT:EDUC_UOE_ENRA27(1.0),11/09/25 23:00:00,Annual,14 years,Males,Percentage,Romania,2017,11.32,d,
ESTAT:EDUC_UOE_ENRA27(1.0),11/09/25 23:00:00,Annual,14 years,Males,Percentage,Romania,2018,11.61,d,
ESTAT:EDUC_UOE_ENRA27(1.0),11/09/25 23:00:00,Annual,14 years,Males,Percentage,Romania,2019,10.78,d,
ESTAT:EDUC_UOE_ENRA27(1.0),11/09/25 23:00:00,Annual,14 years,Males,Percentage,Romania,2020,11.47,d,
ESTAT:EDUC_UOE_ENRA27(1.0),11/09/25 23:00:00,Annual,14 years,Males,Percentage,Romania,2021,13.05,d,
ESTAT:EDUC_UOE_ENRA27(1.0),11/09/25 23:00:00,Annual,14 years,Males,Percentage,Romania,2022,15.35,,
ESTAT:EDUC_UOE_ENRA27(1.0),11/09/25 23:00:00,Annual,14 years,Males,Percentage,Romania,2023,16.38,,
ESTAT:EDUC_UOE_ENRA27(1.0),11/09/25 23:00:00,Annual,14 years,Males,Percentage,Serbia,2015,0.00,,
ESTAT:EDUC_UOE_ENRA27(1.0),11/09/25 23:00:00,Annual,14 years,Males,Percentage,Serbia,2016,3.76,,
ESTAT:EDUC_UOE_ENRA27(1.0),11/09/25 23:00:00,Annual,14 years,Males,Percentage,Serbia,2017,4.38,,
ESTAT:EDUC_UOE_ENRA27(1.0),11/09/25 23:00:00,Annual,14 years,Males,Percentage,Serbia,2018,3.49,,
ESTAT:EDUC_UOE_ENRA27(1.0),11/09/25 23:00:00,Annual,14 years,Males,Percentage,Serbia,2019,2.87,,
ESTAT:EDUC_UOE_ENRA27(1.0),11/09/25 23:00:00,Annual,14 years,Males,Percentage,Serbia,2020,3.05,,
ESTAT:EDUC_UOE_ENRA27(1.0),11/09/25 23:00:00,Annual,14 years,Males,Percentage,Serbia,2021,0.81,,
ESTAT:EDUC_UOE_ENRA27(1.0),11/09/25 23:00:00,Annual,14 years,Males,Percentage,Serbia,2022,0.00,,
ESTAT:EDUC_UOE_ENRA27(1.0),11/09/25 23:00:00,Annual,14 years,Males,Percentage,Serbia,2023,4.79,,
ESTAT:EDUC_UOE_ENRA27(1.0),11/09/25 23:00:00,Annual,14 years,Males,Percentage,Sweden,2015,0.99,,
ESTAT:EDUC_UOE_ENRA27(1.0),11/09/25 23:00:00,Annual,14 years,Males,Percentage,Sweden,2016,0.00,,
ESTAT:EDUC_UOE_ENRA27(1.0),11/09/25 23:00:00,Annual,14 years,Males,Percentage,Sweden,2017,0.00,,
ESTAT:EDUC_UOE_ENRA27(1.0),11/09/25 23:00:00,Annual,14 years,Males,Percentage,Sweden,2018,0.34,,
ESTAT:EDUC_UOE_ENRA27(1.0),11/09/25 23:00:00,Annual,14 years,Males,Percentage,Sweden,2019,0.68,,
ESTAT:EDUC_UOE_ENRA27(1.0),11/09/25 23:00:00,Annual,14 years,Males,Percentage,Sweden,2020,0.49,,
ESTAT:EDUC_UOE_ENRA27(1.0),11/09/25 23:00:00,Annual,14 years,Males,Percentage,Sweden,2021,0.39,,
ESTAT:EDUC_UOE_ENRA27(1.0),11/09/25 23:00:00,Annual,14 years,Males,Percentage,Sweden,2022,0.48,,
ESTAT:EDUC_UOE_ENRA27(1.0),11/09/25 23:00:00,Annual,14 years,Males,Percentage,Sweden,2023,0.23,,
ESTAT:EDUC_UOE_ENRA27(1.0),11/09/25 23:00:00,Annual,14 years,Males,Percentage,Slovenia,2015,4.07,d,
ESTAT:EDUC_UOE_ENRA27(1.0),11/09/25 23:00:00,Annual,14 years,Males,Percentage,Slovenia,2016,2.35,d,
ESTAT:EDUC_UOE_ENRA27(1.0),11/09/25 23:00:00,Annual,14 years,Males,Percentage,Slovenia,2017,2.12,d,
ESTAT:EDUC_UOE_ENRA27(1.0),11/09/25 23:00:00,Annual,14 years,Males,Percentage,Slovenia,2018,1.63,,
ESTAT:EDUC_UOE_ENRA27(1.0),11/09/25 23:00:00,Annual,14 years,Males,Percentage,Slovenia,2019,1.51,,
ESTAT:EDUC_UOE_ENRA27(1.0),11/09/25 23:00:00,Annual,14 years,Males,Percentage,Slovenia,2020,0.83,,
ESTAT:EDUC_UOE_ENRA27(1.0),11/09/25 23:00:00,Annual,14 years,Males,Percentage,Slovenia,2021,2.01,,
ESTAT:EDUC_UOE_ENRA27(1.0),11/09/25 23:00:00,Annual,14 years,Males,Percentage,Slovenia,2022,1.55,,
ESTAT:EDUC_UOE_ENRA27(1.0),11/09/25 23:00:00,Annual,14 years,Males,Percentage,Slovenia,2023,1.58,,
ESTAT:EDUC_UOE_ENRA27(1.0),11/09/25 23:00:00,Annual,14 years,Males,Percentage,Slovakia,2015,3.66,,
ESTAT:EDUC_UOE_ENRA27(1.0),11/09/25 23:00:00,Annual,14 years,Males,Percentage,Slovakia,2016,3.58,,
ESTAT:EDUC_UOE_ENRA27(1.0),11/09/25 23:00:00,Annual,14 years,Males,Percentage,Slovakia,2017,3.83,,
ESTAT:EDUC_UOE_ENRA27(1.0),11/09/25 23:00:00,Annual,14 years,Males,Percentage,Slovakia,2018,4.21,,
ESTAT:EDUC_UOE_ENRA27(1.0),11/09/25 23:00:00,Annual,14 years,Males,Percentage,Slovakia,2019,4.74,,
ESTAT:EDUC_UOE_ENRA27(1.0),11/09/25 23:00:00,Annual,14 years,Males,Percentage,Slovakia,2020,4.51,,
ESTAT:EDUC_UOE_ENRA27(1.0),11/09/25 23:00:00,Annual,14 years,Males,Percentage,Slovakia,2021,4.78,,
ESTAT:EDUC_UOE_ENRA27(1.0),11/09/25 23:00:00,Annual,14 years,Males,Percentage,Slovakia,2022,3.36,,
ESTAT:EDUC_UOE_ENRA27(1.0),11/09/25 23:00:00,Annual,14 years,Males,Percentage,Slovakia,2023,2.26,,
ESTAT:EDUC_UOE_ENRA27(1.0),11/09/25 23:00:00,Annual,14 years,Males,Percentage,Türkiye,2015,5.06,,
ESTAT:EDUC_UOE_ENRA27(1.0),11/09/25 23:00:00,Annual,14 years,Males,Percentage,Türkiye,2016,8.61,,
ESTAT:EDUC_UOE_ENRA27(1.0),11/09/25 23:00:00,Annual,14 years,Males,Percentage,Türkiye,2017,2.62,,
ESTAT:EDUC_UOE_ENRA27(1.0),11/09/25 23:00:00,Annual,14 years,Males,Percentage,Türkiye,2018,3.82,,
ESTAT:EDUC_UOE_ENRA27(1.0),11/09/25 23:00:00,Annual,14 years,Males,Percentage,Türkiye,2019,2.63,,
ESTAT:EDUC_UOE_ENRA27(1.0),11/09/25 23:00:00,Annual,14 years,Males,Percentage,Türkiye,2020,1.66,,
ESTAT:EDUC_UOE_ENRA27(1.0),11/09/25 23:00:00,Annual,14 years,Males,Percentage,Türkiye,2021,1.47,,
ESTAT:EDUC_UOE_ENRA27(1.0),11/09/25 23:00:00,Annual,14 years,Males,Percentage,Türkiye,2022,1.26,,
ESTAT:EDUC_UOE_ENRA27(1.0),11/09/25 23:00:00,Annual,14 years,Males,Percentage,Türkiye,2023,0.00,,
ESTAT:EDUC_UOE_ENRA27(1.0),11/09/25 23:00:00,Annual,14 years,Males,Percentage,United Kingdom,2015,1.01,d,
ESTAT:EDUC_UOE_ENRA27(1.0),11/09/25 23:00:00,Annual,14 years,Males,Percentage,United Kingdom,2016,0.51,d,
ESTAT:EDUC_UOE_ENRA27(1.0),11/09/25 23:00:00,Annual,14 years,Males,Percentage,United Kingdom,2017,1.12,d,
ESTAT:EDUC_UOE_ENRA27(1.0),11/09/25 23:00:00,Annual,14 years,Males,Percentage,United Kingdom,2018,1.14,d,
ESTAT:EDUC_UOE_ENRA27(1.0),11/09/25 23:00:00,Annual,14 years,Males,Percentage,United Kingdom,2019,1.43,d,
ESTAT:EDUC_UOE_ENRA27(1.0),11/09/25 23:00:00,Annual,14 years,Total,Percentage,Albania,2021,1.80,,
ESTAT:EDUC_UOE_ENRA27(1.0),11/09/25 23:00:00,Annual,14 years,Total,Percentage,Albania,2022,0.00,d,
ESTAT:EDUC_UOE_ENRA27(1.0),11/09/25 23:00:00,Annual,14 years,Total,Percentage,Albania,2023,10.50,d,
ESTAT:EDUC_UOE_ENRA27(1.0),11/09/25 23:00:00,Annual,14 years,Total,Percentage,Austria,2015,1.49,,
ESTAT:EDUC_UOE_ENRA27(1.0),11/09/25 23:00:00,Annual,14 years,Total,Percentage,Austria,2016,2.22,,
ESTAT:EDUC_UOE_ENRA27(1.0),11/09/25 23:00:00,Annual,14 years,Total,Percentage,Austria,2017,1.39,,
ESTAT:EDUC_UOE_ENRA27(1.0),11/09/25 23:00:00,Annual,14 years,Total,Percentage,Austria,2018,1.31,,
ESTAT:EDUC_UOE_ENRA27(1.0),11/09/25 23:00:00,Annual,14 years,Total,Percentage,Austria,2019,1.11,,
ESTAT:EDUC_UOE_ENRA27(1.0),11/09/25 23:00:00,Annual,14 years,Total,Percentage,Austria,2020,1.22,,
ESTAT:EDUC_UOE_ENRA27(1.0),11/09/25 23:00:00,Annual,14 years,Total,Percentage,Austria,2021,1.10,,
ESTAT:EDUC_UOE_ENRA27(1.0),11/09/25 23:00:00,Annual,14 years,Total,Percentage,Austria,2022,1.47,,
ESTAT:EDUC_UOE_ENRA27(1.0),11/09/25 23:00:00,Annual,14 years,Total,Percentage,Austria,2023,1.69,,
ESTAT:EDUC_UOE_ENRA27(1.0),11/09/25 23:00:00,Annual,14 years,Total,Percentage,Belgium,2015,1.52,,
ESTAT:EDUC_UOE_ENRA27(1.0),11/09/25 23:00:00,Annual,14 years,Total,Percentage,Belgium,2016,1.63,,
ESTAT:EDUC_UOE_ENRA27(1.0),11/09/25 23:00:00,Annual,14 years,Total,Percentage,Belgium,2017,0.87,,
ESTAT:EDUC_UOE_ENRA27(1.0),11/09/25 23:00:00,Annual,14 years,Total,Percentage,Belgium,2018,0.80,,
ESTAT:EDUC_UOE_ENRA27(1.0),11/09/25 23:00:00,Annual,14 years,Total,Percentage,Belgium,2019,0.94,,
ESTAT:EDUC_UOE_ENRA27(1.0),11/09/25 23:00:00,Annual,14 years,Total,Percentage,Belgium,2020,0.89,bd,
ESTAT:EDUC_UOE_ENRA27(1.0),11/09/25 23:00:00,Annual,14 years,Total,Percentage,Belgium,2021,1.10,,
ESTAT:EDUC_UOE_ENRA27(1.0),11/09/25 23:00:00,Annual,14 years,Total,Percentage,Belgium,2022,1.24,,
ESTAT:EDUC_UOE_ENRA27(1.0),11/09/25 23:00:00,Annual,14 years,Total,Percentage,Belgium,2023,1.31,,
ESTAT:EDUC_UOE_ENRA27(1.0),11/09/25 23:00:00,Annual,14 years,Total,Percentage,Bulgaria,2015,3.59,,
ESTAT:EDUC_UOE_ENRA27(1.0),11/09/25 23:00:00,Annual,14 years,Total,Percentage,Bulgaria,2016,3.03,,
ESTAT:EDUC_UOE_ENRA27(1.0),11/09/25 23:00:00,Annual,14 years,Total,Percentage,Bulgaria,2017,0.71,,
ESTAT:EDUC_UOE_ENRA27(1.0),11/09/25 23:00:00,Annual,14 years,Total,Percentage,Bulgaria,2018,7.98,,
ESTAT:EDUC_UOE_ENRA27(1.0),11/09/25 23:00:00,Annual,14 years,Total,Percentage,Bulgaria,2019,4.03,,
ESTAT:EDUC_UOE_ENRA27(1.0),11/09/25 23:00:00,Annual,14 years,Total,Percentage,Bulgaria,2020,3.48,,
ESTAT:EDUC_UOE_ENRA27(1.0),11/09/25 23:00:00,Annual,14 years,Total,Percentage,Bulgaria,2021,4.31,,
ESTAT:EDUC_UOE_ENRA27(1.0),11/09/25 23:00:00,Annual,14 years,Total,Percentage,Bulgaria,2022,7.04,,
ESTAT:EDUC_UOE_ENRA27(1.0),11/09/25 23:00:00,Annual,14 years,Total,Percentage,Bulgaria,2023,7.62,,
ESTAT:EDUC_UOE_ENRA27(1.0),11/09/25 23:00:00,Annual,14 years,Total,Percentage,Switzerland,2015,0.24,,
ESTAT:EDUC_UOE_ENRA27(1.0),11/09/25 23:00:00,Annual,14 years,Total,Percentage,Switzerland,2016,0.30,,
ESTAT:EDUC_UOE_ENRA27(1.0),11/09/25 23:00:00,Annual,14 years,Total,Percentage,Switzerland,2017,0.18,,
ESTAT:EDUC_UOE_ENRA27(1.0),11/09/25 23:00:00,Annual,14 years,Total,Percentage,Switzerland,2018,0.30,,
ESTAT:EDUC_UOE_ENRA27(1.0),11/09/25 23:00:00,Annual,14 years,Total,Percentage,Switzerland,2019,0.22,,
ESTAT:EDUC_UOE_ENRA27(1.0),11/09/25 23:00:00,Annual,14 years,Total,Percentage,Switzerland,2020,0.20,,
ESTAT:EDUC_UOE_ENRA27(1.0),11/09/25 23:00:00,Annual,14 years,Total,Percentage,Switzerland,2021,0.21,,
ESTAT:EDUC_UOE_ENRA27(1.0),11/09/25 23:00:00,Annual,14 years,Total,Percentage,Switzerland,2022,0.33,,
ESTAT:EDUC_UOE_ENRA27(1.0),11/09/25 23:00:00,Annual,14 years,Total,Percentage,Switzerland,2023,0.00,,
ESTAT:EDUC_UOE_ENRA27(1.0),11/09/25 23:00:00,Annual,14 years,Total,Percentage,Cyprus,2015,2.53,,
ESTAT:EDUC_UOE_ENRA27(1.0),11/09/25 23:00:00,Annual,14 years,Total,Percentage,Cyprus,2016,4.59,,
ESTAT:EDUC_UOE_ENRA27(1.0),11/09/25 23:00:00,Annual,14 years,Total,Percentage,Cyprus,2017,0.79,,
ESTAT:EDUC_UOE_ENRA27(1.0),11/09/25 23:00:00,Annual,14 years,Total,Percentage,Cyprus,2018,2.50,,
ESTAT:EDUC_UOE_ENRA27(1.0),11/09/25 23:00:00,Annual,14 years,Total,Percentage,Cyprus,2019,0.00,,
ESTAT:EDUC_UOE_ENRA27(1.0),11/09/25 23:00:00,Annual,14 years,Total,Percentage,Cyprus,2020,0.00,,
ESTAT:EDUC_UOE_ENRA27(1.0),11/09/25 23:00:00,Annual,14 years,Total,Percentage,Cyprus,2021,0.00,,
ESTAT:EDUC_UOE_ENRA27(1.0),11/09/25 23:00:00,Annual,14 years,Total,Percentage,Cyprus,2022,0.00,,
ESTAT:EDUC_UOE_ENRA27(1.0),11/09/25 23:00:00,Annual,14 years,Total,Percentage,Cyprus,2023,0.00,,
ESTAT:EDUC_UOE_ENRA27(1.0),11/09/25 23:00:00,Annual,14 years,Total,Percentage,Czechia,2015,0.00,,
ESTAT:EDUC_UOE_ENRA27(1.0),11/09/25 23:00:00,Annual,14 years,Total,Percentage,Czechia,2016,0.62,,
ESTAT:EDUC_UOE_ENRA27(1.0),11/09/25 23:00:00,Annual,14 years,Total,Percentage,Czechia,2017,0.31,,
ESTAT:EDUC_UOE_ENRA27(1.0),11/09/25 23:00:00,Annual,14 years,Total,Percentage,Czechia,2018,0.21,,
ESTAT:EDUC_UOE_ENRA27(1.0),11/09/25 23:00:00,Annual,14 years,Total,Percentage,Czechia,2019,,d,
ESTAT:EDUC_UOE_ENRA27(1.0),11/09/25 23:00:00,Annual,14 years,Total,Percentage,Czechia,2020,0.15,,
ESTAT:EDUC_UOE_ENRA27(1.0),11/09/25 23:00:00,Annual,14 years,Total,Percentage,Czechia,2021,0.00,,
ESTAT:EDUC_UOE_ENRA27(1.0),11/09/25 23:00:00,Annual,14 years,Total,Percentage,Czechia,2022,0.00,,
ESTAT:EDUC_UOE_ENRA27(1.0),11/09/25 23:00:00,Annual,14 years,Total,Percentage,Czechia,2023,0.43,d,
ESTAT:EDUC_UOE_ENRA27(1.0),11/09/25 23:00:00,Annual,14 years,Total,Percentage,Germany,2015,1.02,d,
ESTAT:EDUC_UOE_ENRA27(1.0),11/09/25 23:00:00,Annual,14 years,Total,Percentage,Germany,2016,2.13,d,
ESTAT:EDUC_UOE_ENRA27(1.0),11/09/25 23:00:00,Annual,14 years,Total,Percentage,Germany,2017,1.49,d,
ESTAT:EDUC_UOE_ENRA27(1.0),11/09/25 23:00:00,Annual,14 years,Total,Percentage,Germany,2018,1.38,d,
ESTAT:EDUC_UOE_ENRA27(1.0),11/09/25 23:00:00,Annual,14 years,Total,Percentage,Germany,2019,1.35,,
ESTAT:EDUC_UOE_ENRA27(1.0),11/09/25 23:00:00,Annual,14 years,Total,Percentage,Germany,2020,1.48,bd,
ESTAT:EDUC_UOE_ENRA27(1.0),11/09/25 23:00:00,Annual,14 years,Total,Percentage,Germany,2021,1.28,,
ESTAT:EDUC_UOE_ENRA27(1.0),11/09/25 23:00:00,Annual,14 years,Total,Percentage,Germany,2022,1.61,,
ESTAT:EDUC_UOE_ENRA27(1.0),11/09/25 23:00:00,Annual,14 years,Total,Percentage,Germany,2023,0.80,,
ESTAT:EDUC_UOE_ENRA27(1.0),11/09/25 23:00:00,Annual,14 years,Total,Percentage,Denmark,2015,0.74,,
ESTAT:EDUC_UOE_ENRA27(1.0),11/09/25 23:00:00,Annual,14 years,Total,Percentage,Denmark,2016,0.79,,
ESTAT:EDUC_UOE_ENRA27(1.0),11/09/25 23:00:00,Annual,14 years,Total,Percentage,Denmark,2017,0.66,,
ESTAT:EDUC_UOE_ENRA27(1.0),11/09/25 23:00:00,Annual,14 years,Total,Percentage,Denmark,2018,0.60,,
ESTAT:EDUC_UOE_ENRA27(1.0),11/09/25 23:00:00,Annual,14 years,Total,Percentage,Denmark,2019,0.52,,
ESTAT:EDUC_UOE_ENRA27(1.0),11/09/25 23:00:00,Annual,14 years,Total,Percentage,Denmark,2020,0.40,,
ESTAT:EDUC_UOE_ENRA27(1.0),11/09/25 23:00:00,Annual,14 years,Total,Percentage,Denmark,2021,0.56,,
ESTAT:EDUC_UOE_ENRA27(1.0),11/09/25 23:00:00,Annual,14 years,Total,Percentage,Denmark,2022,0.67,,
ESTAT:EDUC_UOE_ENRA27(1.0),11/09/25 23:00:00,Annual,14 years,Total,Percentage,Denmark,2023,0.95,,
ESTAT:EDUC_UOE_ENRA27(1.0),11/09/25 23:00:00,Annual,14 years,Total,Percentage,Estonia,2015,2.16,,
ESTAT:EDUC_UOE_ENRA27(1.0),11/09/25 23:00:00,Annual,14 years,Total,Percentage,Estonia,2016,2.38,,
ESTAT:EDUC_UOE_ENRA27(1.0),11/09/25 23:00:00,Annual,14 years,Total,Percentage,Estonia,2017,2.12,,
ESTAT:EDUC_UOE_ENRA27(1.0),11/09/25 23:00:00,Annual,14 years,Total,Percentage,Estonia,2018,2.18,,
ESTAT:EDUC_UOE_ENRA27(1.0),11/09/25 23:00:00,Annual,14 years,Total,Percentage,Estonia,2019,2.05,,
ESTAT:EDUC_UOE_ENRA27(1.0),11/09/25 23:00:00,Annual,14 years,Total,Percentage,Estonia,2020,2.00,,
ESTAT:EDUC_UOE_ENRA27(1.0),11/09/25 23:00:00,Annual,14 years,Total,Percentage,Estonia,2021,2.08,,
ESTAT:EDUC_UOE_ENRA27(1.0),11/09/25 23:00:00,Annual,14 years,Total,Percentage,Estonia,2022,1.55,,
ESTAT:EDUC_UOE_ENRA27(1.0),11/09/25 23:00:00,Annual,14 years,Total,Percentage,Estonia,2023,2.07,,
ESTAT:EDUC_UOE_ENRA27(1.0),11/09/25 23:00:00,Annual,14 years,Total,Percentage,Greece,2015,2.74,,
ESTAT:EDUC_UOE_ENRA27(1.0),11/09/25 23:00:00,Annual,14 years,Total,Percentage,Greece,2016,4.87,,
ESTAT:EDUC_UOE_ENRA27(1.0),11/09/25 23:00:00,Annual,14 years,Total,Percentage,Greece,2017,4.68,,
ESTAT:EDUC_UOE_ENRA27(1.0),11/09/25 23:00:00,Annual,14 years,Total,Percentage,Greece,2018,4.83,,
ESTAT:EDUC_UOE_ENRA27(1.0),11/09/25 23:00:00,Annual,14 years,Total,Percentage,Greece,2019,3.77,,
ESTAT:EDUC_UOE_ENRA27(1.0),11/09/25 23:00:00,Annual,14 years,Total,Percentage,Greece,2020,4.35,,
ESTAT:EDUC_UOE_ENRA27(1.0),11/09/25 23:00:00,Annual,14 years,Total,Percentage,Greece,2021,3.72,,
ESTAT:EDUC_UOE_ENRA27(1.0),11/09/25 23:00:00,Annual,14 years,Total,Percentage,Greece,2022,1.89,,
ESTAT:EDUC_UOE_ENRA27(1.0),11/09/25 23:00:00,Annual,14 years,Total,Percentage,Greece,2023,1.10,,
ESTAT:EDUC_UOE_ENRA27(1.0),11/09/25 23:00:00,Annual,14 years,Total,Percentage,Spain,2015,2.44,,
ESTAT:EDUC_UOE_ENRA27(1.0),11/09/25 23:00:00,Annual,14 years,Total,Percentage,Spain,2016,2.67,,
ESTAT:EDUC_UOE_ENRA27(1.0),11/09/25 23:00:00,Annual,14 years,Total,Percentage,Spain,2017,2.28,,
ESTAT:EDUC_UOE_ENRA27(1.0),11/09/25 23:00:00,Annual,14 years,Total,Percentage,Spain,2018,2.13,,
ESTAT:EDUC_UOE_ENRA27(1.0),11/09/25 23:00:00,Annual,14 years,Total,Percentage,Spain,2019,2.02,,
ESTAT:EDUC_UOE_ENRA27(1.0),11/09/25 23:00:00,Annual,14 years,Total,Percentage,Spain,2020,2.06,,
ESTAT:EDUC_UOE_ENRA27(1.0),11/09/25 23:00:00,Annual,14 years,Total,Percentage,Spain,2021,1.94,,
ESTAT:EDUC_UOE_ENRA27(1.0),11/09/25 23:00:00,Annual,14 years,Total,Percentage,Spain,2022,2.09,,
ESTAT:EDUC_UOE_ENRA27(1.0),11/09/25 23:00:00,Annual,14 years,Total,Percentage,Spain,2023,2.14,,
ESTAT:EDUC_UOE_ENRA27(1.0),11/09/25 23:00:00,Annual,14 years,Total,Percentage,European Union - 27 countries (from 2020),2015,2.30,,
ESTAT:EDUC_UOE_ENRA27(1.0),11/09/25 23:00:00,Annual,14 years,Total,Percentage,European Union - 27 countries (from 2020),2016,2.42,,
ESTAT:EDUC_UOE_ENRA27(1.0),11/09/25 23:00:00,Annual,14 years,Total,Percentage,European Union - 27 countries (from 2020),2017,2.16,,
ESTAT:EDUC_UOE_ENRA27(1.0),11/09/25 23:00:00,Annual,14 years,Total,Percentage,European Union - 27 countries (from 2020),2018,2.19,,
ESTAT:EDUC_UOE_ENRA27(1.0),11/09/25 23:00:00,Annual,14 years,Total,Percentage,European Union - 27 countries (from 2020),2019,2.04,,
ESTAT:EDUC_UOE_ENRA27(1.0),11/09/25 23:00:00,Annual,14 years,Total,Percentage,European Union - 27 countries (from 2020),2020,1.99,,
ESTAT:EDUC_UOE_ENRA27(1.0),11/09/25 23:00:00,Annual,14 years,Total,Percentage,European Union - 27 countries (from 2020),2021,1.85,,
ESTAT:EDUC_UOE_ENRA27(1.0),11/09/25 23:00:00,Annual,14 years,Total,Percentage,European Union - 27 countries (from 2020),2022,2.05,,
ESTAT:EDUC_UOE_ENRA27(1.0),11/09/25 23:00:00,Annual,14 years,Total,Percentage,European Union - 27 countries (from 2020),2023,1.73,,
ESTAT:EDUC_UOE_ENRA27(1.0),11/09/25 23:00:00,Annual,14 years,Total,Percentage,European Union - 28 countries (2013-2020),2015,2.14,,
ESTAT:EDUC_UOE_ENRA27(1.0),11/09/25 23:00:00,Annual,14 years,Total,Percentage,European Union - 28 countries (2013-2020),2016,2.17,,
ESTAT:EDUC_UOE_ENRA27(1.0),11/09/25 23:00:00,Annual,14 years,Total,Percentage,European Union - 28 countries (2013-2020),2017,2.00,,
ESTAT:EDUC_UOE_ENRA27(1.0),11/09/25 23:00:00,Annual,14 years,Total,Percentage,European Union - 28 countries (2013-2020),2018,2.06,,
ESTAT:EDUC_UOE_ENRA27(1.0),11/09/25 23:00:00,Annual,14 years,Total,Percentage,European Union - 28 countries (2013-2020),2019,1.96,,
ESTAT:EDUC_UOE_ENRA27(1.0),11/09/25 23:00:00,Annual,14 years,Total,Percentage,Finland,2015,0.80,,
ESTAT:EDUC_UOE_ENRA27(1.0),11/09/25 23:00:00,Annual,14 years,Total,Percentage,Finland,2016,0.34,,
ESTAT:EDUC_UOE_ENRA27(1.0),11/09/25 23:00:00,Annual,14 years,Total,Percentage,Finland,2017,0.42,,
ESTAT:EDUC_UOE_ENRA27(1.0),11/09/25 23:00:00,Annual,14 years,Total,Percentage,Finland,2018,0.26,,
ESTAT:EDUC_UOE_ENRA27(1.0),11/09/25 23:00:00,Annual,14 years,Total,Percentage,Finland,2019,0.13,,
ESTAT:EDUC_UOE_ENRA27(1.0),11/09/25 23:00:00,Annual,14 years,Total,Percentage,Finland,2020,1.12,,
ESTAT:EDUC_UOE_ENRA27(1.0),11/09/25 23:00:00,Annual,14 years,Total,Percentage,Finland,2021,1.26,,
ESTAT:EDUC_UOE_ENRA27(1.0),11/09/25 23:00:00,Annual,14 years,Total,Percentage,Finland,2022,1.53,,
ESTAT:EDUC_UOE_ENRA27(1.0),11/09/25 23:00:00,Annual,14 years,Total,Percentage,Finland,2023,1.14,,
ESTAT:EDUC_UOE_ENRA27(1.0),11/09/25 23:00:00,Annual,14 years,Total,Percentage,France,2015,2.83,,
ESTAT:EDUC_UOE_ENRA27(1.0),11/09/25 23:00:00,Annual,14 years,Total,Percentage,France,2016,2.14,,
ESTAT:EDUC_UOE_ENRA27(1.0),11/09/25 23:00:00,Annual,14 years,Total,Percentage,France,2017,1.63,,
ESTAT:EDUC_UOE_ENRA27(1.0),11/09/25 23:00:00,Annual,14 years,Total,Percentage,France,2018,1.69,p,
ESTAT:EDUC_UOE_ENRA27(1.0),11/09/25 23:00:00,Annual,14 years,Total,Percentage,France,2019,1.12,,
ESTAT:EDUC_UOE_ENRA27(1.0),11/09/25 23:00:00,Annual,14 years,Total,Percentage,France,2020,0.73,,
ESTAT:EDUC_UOE_ENRA27(1.0),11/09/25 23:00:00,Annual,14 years,Total,Percentage,France,2021,0.62,,
ESTAT:EDUC_UOE_ENRA27(1.0),11/09/25 23:00:00,Annual,14 years,Total,Percentage,France,2022,0.72,,
ESTAT:EDUC_UOE_ENRA27(1.0),11/09/25 23:00:00,Annual,14 years,Total,Percentage,France,2023,0.38,bdp,
ESTAT:EDUC_UOE_ENRA27(1.0),11/09/25 23:00:00,Annual,14 years,Total,Percentage,Croatia,2015,0.65,,
ESTAT:EDUC_UOE_ENRA27(1.0),11/09/25 23:00:00,Annual,14 years,Total,Percentage,Croatia,2016,0.00,,
ESTAT:EDUC_UOE_ENRA27(1.0),11/09/25 23:00:00,Annual,14 years,Total,Percentage,Croatia,2017,0.00,,
ESTAT:EDUC_UOE_ENRA27(1.0),11/09/25 23:00:00,Annual,14 years,Total,Percentage,Croatia,2018,0.00,,
ESTAT:EDUC_UOE_ENRA27(1.0),11/09/25 23:00:00,Annual,14 years,Total,Percentage,Croatia,2019,0.00,,
ESTAT:EDUC_UOE_ENRA27(1.0),11/09/25 23:00:00,Annual,14 years,Total,Percentage,Croatia,2020,0.00,,
ESTAT:EDUC_UOE_ENRA27(1.0),11/09/25 23:00:00,Annual,14 years,Total,Percentage,Croatia,2021,0.00,,
ESTAT:EDUC_UOE_ENRA27(1.0),11/09/25 23:00:00,Annual,14 years,Total,Percentage,Croatia,2022,0.00,,
ESTAT:EDUC_UOE_ENRA27(1.0),11/09/25 23:00:00,Annual,14 years,Total,Percentage,Croatia,2023,0.00,,
ESTAT:EDUC_UOE_ENRA27(1.0),11/09/25 23:00:00,Annual,14 years,Total,Percentage,Hungary,2015,1.53,,
ESTAT:EDUC_UOE_ENRA27(1.0),11/09/25 23:00:00,Annual,14 years,Total,Percentage,Hungary,2016,1.57,,
ESTAT:EDUC_UOE_ENRA27(1.0),11/09/25 23:00:00,Annual,14 years,Total,Percentage,Hungary,2017,2.58,,
ESTAT:EDUC_UOE_ENRA27(1.0),11/09/25 23:00:00,Annual,14 years,Total,Percentage,Hungary,2018,2.35,,
ESTAT:EDUC_UOE_ENRA27(1.0),11/09/25 23:00:00,Annual,14 years,Total,Percentage,Hungary,2019,3.82,,
ESTAT:EDUC_UOE_ENRA27(1.0),11/09/25 23:00:00,Annual,14 years,Total,Percentage,Hungary,2020,3.77,,
ESTAT:EDUC_UOE_ENRA27(1.0),11/09/25 23:00:00,Annual,14 years,Total,Percentage,Hungary,2021,8.34,,
ESTAT:EDUC_UOE_ENRA27(1.0),11/09/25 23:00:00,Annual,14 years,Total,Percentage,Hungary,2022,6.70,,
ESTAT:EDUC_UOE_ENRA27(1.0),11/09/25 23:00:00,Annual,14 years,Total,Percentage,Hungary,2023,4.09,,
ESTAT:EDUC_UOE_ENRA27(1.0),11/09/25 23:00:00,Annual,14 years,Total,Percentage,Ireland,2015,0.00,d,
ESTAT:EDUC_UOE_ENRA27(1.0),11/09/25 23:00:00,Annual,14 years,Total,Percentage,Ireland,2016,0.00,d,
ESTAT:EDUC_UOE_ENRA27(1.0),11/09/25 23:00:00,Annual,14 years,Total,Percentage,Ireland,2017,0.00,d,
ESTAT:EDUC_UOE_ENRA27(1.0),11/09/25 23:00:00,Annual,14 years,Total,Percentage,Ireland,2018,0.00,d,
ESTAT:EDUC_UOE_ENRA27(1.0),11/09/25 23:00:00,Annual,14 years,Total,Percentage,Ireland,2019,0.00,,
ESTAT:EDUC_UOE_ENRA27(1.0),11/09/25 23:00:00,Annual,14 years,Total,Percentage,Ireland,2020,0.13,,
ESTAT:EDUC_UOE_ENRA27(1.0),11/09/25 23:00:00,Annual,14 years,Total,Percentage,Ireland,2021,0.00,,
ESTAT:EDUC_UOE_ENRA27(1.0),11/09/25 23:00:00,Annual,14 years,Total,Percentage,Ireland,2022,0.00,,
ESTAT:EDUC_UOE_ENRA27(1.0),11/09/25 23:00:00,Annual,14 years,Total,Percentage,Ireland,2023,0.00,,
ESTAT:EDUC_UOE_ENRA27(1.0),11/09/25 23:00:00,Annual,14 years,Total,Percentage,Iceland,2015,1.22,,
ESTAT:EDUC_UOE_ENRA27(1.0),11/09/25 23:00:00,Annual,14 years,Total,Percentage,Iceland,2016,0.48,,
ESTAT:EDUC_UOE_ENRA27(1.0),11/09/25 23:00:00,Annual,14 years,Total,Percentage,Iceland,2017,1.08,,
ESTAT:EDUC_UOE_ENRA27(1.0),11/09/25 23:00:00,Annual,14 years,Total,Percentage,Iceland,2018,0.70,,
ESTAT:EDUC_UOE_ENRA27(1.0),11/09/25 23:00:00,Annual,14 years,Total,Percentage,Iceland,2019,1.07,,
ESTAT:EDUC_UOE_ENRA27(1.0),11/09/25 23:00:00,Annual,14 years,Total,Percentage,Iceland,2020,0.96,,
ESTAT:EDUC_UOE_ENRA27(1.0),11/09/25 23:00:00,Annual,14 years,Total,Percentage,Iceland,2021,0.91,,
ESTAT:EDUC_UOE_ENRA27(1.0),11/09/25 23:00:00,Annual,14 years,Total,Percentage,Iceland,2022,1.45,,
ESTAT:EDUC_UOE_ENRA27(1.0),11/09/25 23:00:00,Annual,14 years,Total,Percentage,Iceland,2023,1.49,,
ESTAT:EDUC_UOE_ENRA27(1.0),11/09/25 23:00:00,Annual,14 years,Total,Percentage,Italy,2015,1.28,,
ESTAT:EDUC_UOE_ENRA27(1.0),11/09/25 23:00:00,Annual,14 years,Total,Percentage,Italy,2016,1.32,,
ESTAT:EDUC_UOE_ENRA27(1.0),11/09/25 23:00:00,Annual,14 years,Total,Percentage,Italy,2017,1.15,d,
ESTAT:EDUC_UOE_ENRA27(1.0),11/09/25 23:00:00,Annual,14 years,Total,Percentage,Italy,2018,0.74,d,
ESTAT:EDUC_UOE_ENRA27(1.0),11/09/25 23:00:00,Annual,14 years,Total,Percentage,Italy,2019,0.77,d,
ESTAT:EDUC_UOE_ENRA27(1.0),11/09/25 23:00:00,Annual,14 years,Total,Percentage,Italy,2020,0.79,,
ESTAT:EDUC_UOE_ENRA27(1.0),11/09/25 23:00:00,Annual,14 years,Total,Percentage,Italy,2021,1.74,,
ESTAT:EDUC_UOE_ENRA27(1.0),11/09/25 23:00:00,Annual,14 years,Total,Percentage,Italy,2022,2.26,,
ESTAT:EDUC_UOE_ENRA27(1.0),11/09/25 23:00:00,Annual,14 years,Total,Percentage,Italy,2023,1.25,,
ESTAT:EDUC_UOE_ENRA27(1.0),11/09/25 23:00:00,Annual,14 years,Total,Percentage,Liechtenstein,2015,5.10,,
ESTAT:EDUC_UOE_ENRA27(1.0),11/09/25 23:00:00,Annual,14 years,Total,Percentage,Liechtenstein,2016,3.89,,
ESTAT:EDUC_UOE_ENRA27(1.0),11/09/25 23:00:00,Annual,14 years,Total,Percentage,Liechtenstein,2017,21.37,,
ESTAT:EDUC_UOE_ENRA27(1.0),11/09/25 23:00:00,Annual,14 years,Total,Percentage,Liechtenstein,2018,4.57,,
ESTAT:EDUC_UOE_ENRA27(1.0),11/09/25 23:00:00,Annual,14 years,Total,Percentage,Liechtenstein,2019,4.46,,
ESTAT:EDUC_UOE_ENRA27(1.0),11/09/25 23:00:00,Annual,14 years,Total,Percentage,Liechtenstein,2020,3.29,,
ESTAT:EDUC_UOE_ENRA27(1.0),11/09/25 23:00:00,Annual,14 years,Total,Percentage,Liechtenstein,2021,2.84,,
ESTAT:EDUC_UOE_ENRA27(1.0),11/09/25 23:00:00,Annual,14 years,Total,Percentage,Liechtenstein,2022,2.60,,
ESTAT:EDUC_UOE_ENRA27(1.0),11/09/25 23:00:00,Annual,14 years,Total,Percentage,Lithuania,2015,0.46,,
ESTAT:EDUC_UOE_ENRA27(1.0),11/09/25 23:00:00,Annual,14 years,Total,Percentage,Lithuania,2016,0.53,,
ESTAT:EDUC_UOE_ENRA27(1.0),11/09/25 23:00:00,Annual,14 years,Total,Percentage,Lithuania,2017,0.00,,
ESTAT:EDUC_UOE_ENRA27(1.0),11/09/25 23:00:00,Annual,14 years,Total,Percentage,Lithuania,2018,0.19,,
ESTAT:EDUC_UOE_ENRA27(1.0),11/09/25 23:00:00,Annual,14 years,Total,Percentage,Lithuania,2019,0.00,,
ESTAT:EDUC_UOE_ENRA27(1.0),11/09/25 23:00:00,Annual,14 years,Total,Percentage,Lithuania,2020,0.00,,
ESTAT:EDUC_UOE_ENRA27(1.0),11/09/25 23:00:00,Annual,14 years,Total,Percentage,Lithuania,2021,0.00,,
ESTAT:EDUC_UOE_ENRA27(1.0),11/09/25 23:00:00,Annual,14 years,Total,Percentage,Lithuania,2022,0.00,,
ESTAT:EDUC_UOE_ENRA27(1.0),11/09/25 23:00:00,Annual,14 years,Total,Percentage,Lithuania,2023,0.00,,
ESTAT:EDUC_UOE_ENRA27(1.0),11/09/25 23:00:00,Annual,14 years,Total,Percentage,Luxembourg,2015,6.33,,
ESTAT:EDUC_UOE_ENRA27(1.0),11/09/25 23:00:00,Annual,14 years,Total,Percentage,Luxembourg,2016,2.62,,
ESTAT:EDUC_UOE_ENRA27(1.0),11/09/25 23:00:00,Annual,14 years,Total,Percentage,Luxembourg,2017,5.05,,
ESTAT:EDUC_UOE_ENRA27(1.0),11/09/25 23:00:00,Annual,14 years,Total,Percentage,Luxembourg,2018,4.14,,
ESTAT:EDUC_UOE_ENRA27(1.0),11/09/25 23:00:00,Annual,14 years,Total,Percentage,Luxembourg,2019,4.22,,
ESTAT:EDUC_UOE_ENRA27(1.0),11/09/25 23:00:00,Annual,14 years,Total,Percentage,Luxembourg,2020,2.79,,
ESTAT:EDUC_UOE_ENRA27(1.0),11/09/25 23:00:00,Annual,14 years,Total,Percentage,Luxembourg,2021,4.97,,
ESTAT:EDUC_UOE_ENRA27(1.0),11/09/25 23:00:00,Annual,14 years,Total,Percentage,Luxembourg,2022,2.62,,
ESTAT:EDUC_UOE_ENRA27(1.0),11/09/25 23:00:00,Annual,14 years,Total,Percentage,Luxembourg,2023,2.30,,
ESTAT:EDUC_UOE_ENRA27(1.0),11/09/25 23:00:00,Annual,14 years,Total,Percentage,Latvia,2015,2.24,,
ESTAT:EDUC_UOE_ENRA27(1.0),11/09/25 23:00:00,Annual,14 years,Total,Percentage,Latvia,2016,1.82,,
ESTAT:EDUC_UOE_ENRA27(1.0),11/09/25 23:00:00,Annual,14 years,Total,Percentage,Latvia,2017,1.79,,
ESTAT:EDUC_UOE_ENRA27(1.0),11/09/25 23:00:00,Annual,14 years,Total,Percentage,Latvia,2018,1.86,,
ESTAT:EDUC_UOE_ENRA27(1.0),11/09/25 23:00:00,Annual,14 years,Total,Percentage,Latvia,2019,1.98,,
ESTAT:EDUC_UOE_ENRA27(1.0),11/09/25 23:00:00,Annual,14 years,Total,Percentage,Latvia,2020,1.38,,
ESTAT:EDUC_UOE_ENRA27(1.0),11/09/25 23:00:00,Annual,14 years,Total,Percentage,Latvia,2021,1.42,,
ESTAT:EDUC_UOE_ENRA27(1.0),11/09/25 23:00:00,Annual,14 years,Total,Percentage,Latvia,2022,1.22,,
ESTAT:EDUC_UOE_ENRA27(1.0),11/09/25 23:00:00,Annual,14 years,Total,Percentage,Latvia,2023,2.12,,
ESTAT:EDUC_UOE_ENRA27(1.0),11/09/25 23:00:00,Annual,14 years,Total,Percentage,Montenegro,2015,7.23,d,
ESTAT:EDUC_UOE_ENRA27(1.0),11/09/25 23:00:00,Annual,14 years,Total,Percentage,Montenegro,2016,2.92,,
ESTAT:EDUC_UOE_ENRA27(1.0),11/09/25 23:00:00,Annual,14 years,Total,Percentage,Montenegro,2017,4.61,,
ESTAT:EDUC_UOE_ENRA27(1.0),11/09/25 23:00:00,Annual,14 years,Total,Percentage,Montenegro,2018,2.76,,
ESTAT:EDUC_UOE_ENRA27(1.0),11/09/25 23:00:00,Annual,14 years,Total,Percentage,Montenegro,2019,2.50,,
ESTAT:EDUC_UOE_ENRA27(1.0),11/09/25 23:00:00,Annual,14 years,Total,Percentage,Montenegro,2020,2.81,,
ESTAT:EDUC_UOE_ENRA27(1.0),11/09/25 23:00:00,Annual,14 years,Total,Percentage,Montenegro,2021,2.48,,
ESTAT:EDUC_UOE_ENRA27(1.0),11/09/25 23:00:00,Annual,14 years,Total,Percentage,Montenegro,2023,0.00,,
ESTAT:EDUC_UOE_ENRA27(1.0),11/09/25 23:00:00,Annual,14 years,Total,Percentage,North Macedonia,2015,,d,
ESTAT:EDUC_UOE_ENRA27(1.0),11/09/25 23:00:00,Annual,14 years,Total,Percentage,North Macedonia,2016,,d,
ESTAT:EDUC_UOE_ENRA27(1.0),11/09/25 23:00:00,Annual,14 years,Total,Percentage,North Macedonia,2017,,d,
ESTAT:EDUC_UOE_ENRA27(1.0),11/09/25 23:00:00,Annual,14 years,Total,Percentage,North Macedonia,2018,13.76,d,
ESTAT:EDUC_UOE_ENRA27(1.0),11/09/25 23:00:00,Annual,14 years,Total,Percentage,North Macedonia,2019,14.70,,
ESTAT:EDUC_UOE_ENRA27(1.0),11/09/25 23:00:00,Annual,14 years,Total,Percentage,North Macedonia,2020,,d,
ESTAT:EDUC_UOE_ENRA27(1.0),11/09/25 23:00:00,Annual,14 years,Total,Percentage,North Macedonia,2021,,d,
ESTAT:EDUC_UOE_ENRA27(1.0),11/09/25 23:00:00,Annual,14 years,Total,Percentage,North Macedonia,2022,,d,
ESTAT:EDUC_UOE_ENRA27(1.0),11/09/25 23:00:00,Annual,14 years,Total,Percentage,North Macedonia,2023,,d,
ESTAT:EDUC_UOE_ENRA27(1.0),11/09/25 23:00:00,Annual,14 years,Total,Percentage,Malta,2015,5.25,,
ESTAT:EDUC_UOE_ENRA27(1.0),11/09/25 23:00:00,Annual,14 years,Total,Percentage,Malta,2016,5.91,,
ESTAT:EDUC_UOE_ENRA27(1.0),11/09/25 23:00:00,Annual,14 years,Total,Percentage,Malta,2017,5.90,,
ESTAT:EDUC_UOE_ENRA27(1.0),11/09/25 23:00:00,Annual,14 years,Total,Percentage,Malta,2018,5.15,,
ESTAT:EDUC_UOE_ENRA27(1.0),11/09/25 23:00:00,Annual,14 years,Total,Percentage,Malta,2019,3.34,,
ESTAT:EDUC_UOE_ENRA27(1.0),11/09/25 23:00:00,Annual,14 years,Total,Percentage,Malta,2020,1.13,,
ESTAT:EDUC_UOE_ENRA27(1.0),11/09/25 23:00:00,Annual,14 years,Total,Percentage,Malta,2021,1.82,,
ESTAT:EDUC_UOE_ENRA27(1.0),11/09/25 23:00:00,Annual,14 years,Total,Percentage,Malta,2022,1.28,,
ESTAT:EDUC_UOE_ENRA27(1.0),11/09/25 23:00:00,Annual,14 years,Total,Percentage,Malta,2023,1.26,,
ESTAT:EDUC_UOE_ENRA27(1.0),11/09/25 23:00:00,Annual,14 years,Total,Percentage,Netherlands,2015,0.31,,
ESTAT:EDUC_UOE_ENRA27(1.0),11/09/25 23:00:00,Annual,14 years,Total,Percentage,Netherlands,2016,0.36,,
ESTAT:EDUC_UOE_ENRA27(1.0),11/09/25 23:00:00,Annual,14 years,Total,Percentage,Netherlands,2017,0.43,,
ESTAT:EDUC_UOE_ENRA27(1.0),11/09/25 23:00:00,Annual,14 years,Total,Percentage,Netherlands,2018,0.36,,
ESTAT:EDUC_UOE_ENRA27(1.0),11/09/25 23:00:00,Annual,14 years,Total,Percentage,Netherlands,2019,0.40,,
ESTAT:EDUC_UOE_ENRA27(1.0),11/09/25 23:00:00,Annual,14 years,Total,Percentage,Netherlands,2020,0.40,e,
ESTAT:EDUC_UOE_ENRA27(1.0),11/09/25 23:00:00,Annual,14 years,Total,Percentage,Netherlands,2021,0.44,e,
ESTAT:EDUC_UOE_ENRA27(1.0),11/09/25 23:00:00,Annual,14 years,Total,Percentage,Netherlands,2022,0.45,,
ESTAT:EDUC_UOE_ENRA27(1.0),11/09/25 23:00:00,Annual,14 years,Total,Percentage,Netherlands,2023,0.58,,
ESTAT:EDUC_UOE_ENRA27(1.0),11/09/25 23:00:00,Annual,14 years,Total,Percentage,Norway,2015,0.42,,
ESTAT:EDUC_UOE_ENRA27(1.0),11/09/25 23:00:00,Annual,14 years,Total,Percentage,Norway,2016,0.30,,
ESTAT:EDUC_UOE_ENRA27(1.0),11/09/25 23:00:00,Annual,14 years,Total,Percentage,Norway,2017,0.27,,
ESTAT:EDUC_UOE_ENRA27(1.0),11/09/25 23:00:00,Annual,14 years,Total,Percentage,Norway,2018,0.67,,
ESTAT:EDUC_UOE_ENRA27(1.0),11/09/25 23:00:00,Annual,14 years,Total,Percentage,Norway,2019,0.46,,
ESTAT:EDUC_UOE_ENRA27(1.0),11/09/25 23:00:00,Annual,14 years,Total,Percentage,Norway,2020,0.53,,
ESTAT:EDUC_UOE_ENRA27(1.0),11/09/25 23:00:00,Annual,14 years,Total,Percentage,Norway,2021,0.47,,
ESTAT:EDUC_UOE_ENRA27(1.0),11/09/25 23:00:00,Annual,14 years,Total,Percentage,Norway,2022,0.60,,
ESTAT:EDUC_UOE_ENRA27(1.0),11/09/25 23:00:00,Annual,14 years,Total,Percentage,Norway,2023,1.02,,
ESTAT:EDUC_UOE_ENRA27(1.0),11/09/25 23:00:00,Annual,14 years,Total,Percentage,Poland,2015,4.35,d,
ESTAT:EDUC_UOE_ENRA27(1.0),11/09/25 23:00:00,Annual,14 years,Total,Percentage,Poland,2016,4.60,d,
ESTAT:EDUC_UOE_ENRA27(1.0),11/09/25 23:00:00,Annual,14 years,Total,Percentage,Poland,2017,4.79,d,
ESTAT:EDUC_UOE_ENRA27(1.0),11/09/25 23:00:00,Annual,14 years,Total,Percentage,Poland,2018,4.99,e,
ESTAT:EDUC_UOE_ENRA27(1.0),11/09/25 23:00:00,Annual,14 years,Total,Percentage,Poland,2019,4.86,e,
ESTAT:EDUC_UOE_ENRA27(1.0),11/09/25 23:00:00,Annual,14 years,Total,Percentage,Poland,2020,4.66,e,
ESTAT:EDUC_UOE_ENRA27(1.0),11/09/25 23:00:00,Annual,14 years,Total,Percentage,Poland,2021,0.00,p,
ESTAT:EDUC_UOE_ENRA27(1.0),11/09/25 23:00:00,Annual,14 years,Total,Percentage,Poland,2022,0.00,p,
ESTAT:EDUC_UOE_ENRA27(1.0),11/09/25 23:00:00,Annual,14 years,Total,Percentage,Poland,2023,0.00,p,
ESTAT:EDUC_UOE_ENRA27(1.0),11/09/25 23:00:00,Annual,14 years,Total,Percentage,Portugal,2015,1.22,,
ESTAT:EDUC_UOE_ENRA27(1.0),11/09/25 23:00:00,Annual,14 years,Total,Percentage,Portugal,2016,0.35,,
ESTAT:EDUC_UOE_ENRA27(1.0),11/09/25 23:00:00,Annual,14 years,Total,Percentage,Portugal,2017,0.39,,
ESTAT:EDUC_UOE_ENRA27(1.0),11/09/25 23:00:00,Annual,14 years,Total,Percentage,Portugal,2018,0.29,,
ESTAT:EDUC_UOE_ENRA27(1.0),11/09/25 23:00:00,Annual,14 years,Total,Percentage,Portugal,2019,0.00,,
ESTAT:EDUC_UOE_ENRA27(1.0),11/09/25 23:00:00,Annual,14 years,Total,Percentage,Portugal,2020,0.00,,
ESTAT:EDUC_UOE_ENRA27(1.0),11/09/25 23:00:00,Annual,14 years,Total,Percentage,Portugal,2021,0.00,,
ESTAT:EDUC_UOE_ENRA27(1.0),11/09/25 23:00:00,Annual,14 years,Total,Percentage,Portugal,2022,0.00,,
ESTAT:EDUC_UOE_ENRA27(1.0),11/09/25 23:00:00,Annual,14 years,Total,Percentage,Portugal,2023,0.00,,
ESTAT:EDUC_UOE_ENRA27(1.0),11/09/25 23:00:00,Annual,14 years,Total,Percentage,Romania,2015,9.75,,
ESTAT:EDUC_UOE_ENRA27(1.0),11/09/25 23:00:00,Annual,14 years,Total,Percentage,Romania,2016,10.10,d,
ESTAT:EDUC_UOE_ENRA27(1.0),11/09/25 23:00:00,Annual,14 years,Total,Percentage,Romania,2017,11.14,d,
ESTAT:EDUC_UOE_ENRA27(1.0),11/09/25 23:00:00,Annual,14 years,Total,Percentage,Romania,2018,11.24,d,
ESTAT:EDUC_UOE_ENRA27(1.0),11/09/25 23:00:00,Annual,14 years,Total,Percentage,Romania,2019,10.87,d,
ESTAT:EDUC_UOE_ENRA27(1.0),11/09/25 23:00:00,Annual,14 years,Total,Percentage,Romania,2020,11.35,d,
ESTAT:EDUC_UOE_ENRA27(1.0),11/09/25 23:00:00,Annual,14 years,Total,Percentage,Romania,2021,13.25,d,
ESTAT:EDUC_UOE_ENRA27(1.0),11/09/25 23:00:00,Annual,14 years,Total,Percentage,Romania,2022,15.21,,
ESTAT:EDUC_UOE_ENRA27(1.0),11/09/25 23:00:00,Annual,14 years,Total,Percentage,Romania,2023,16.38,,
ESTAT:EDUC_UOE_ENRA27(1.0),11/09/25 23:00:00,Annual,14 years,Total,Percentage,Serbia,2015,0.00,,
ESTAT:EDUC_UOE_ENRA27(1.0),11/09/25 23:00:00,Annual,14 years,Total,Percentage,Serbia,2016,3.35,,
ESTAT:EDUC_UOE_ENRA27(1.0),11/09/25 23:00:00,Annual,14 years,Total,Percentage,Serbia,2017,4.11,,
ESTAT:EDUC_UOE_ENRA27(1.0),11/09/25 23:00:00,Annual,14 years,Total,Percentage,Serbia,2018,3.17,,
ESTAT:EDUC_UOE_ENRA27(1.0),11/09/25 23:00:00,Annual,14 years,Total,Percentage,Serbia,2019,2.81,,
ESTAT:EDUC_UOE_ENRA27(1.0),11/09/25 23:00:00,Annual,14 years,Total,Percentage,Serbia,2020,3.09,,
ESTAT:EDUC_UOE_ENRA27(1.0),11/09/25 23:00:00,Annual,14 years,Total,Percentage,Serbia,2021,1.35,,
ESTAT:EDUC_UOE_ENRA27(1.0),11/09/25 23:00:00,Annual,14 years,Total,Percentage,Serbia,2022,0.00,,
ESTAT:EDUC_UOE_ENRA27(1.0),11/09/25 23:00:00,Annual,14 years,Total,Percentage,Serbia,2023,5.13,,
ESTAT:EDUC_UOE_ENRA27(1.0),11/09/25 23:00:00,Annual,14 years,Total,Percentage,Sweden,2015,0.98,,
ESTAT:EDUC_UOE_ENRA27(1.0),11/09/25 23:00:00,Annual,14 years,Total,Percentage,Sweden,2016,0.00,,
ESTAT:EDUC_UOE_ENRA27(1.0),11/09/25 23:00:00,Annual,14 years,Total,Percentage,Sweden,2017,0.00,,
ESTAT:EDUC_UOE_ENRA27(1.0),11/09/25 23:00:00,Annual,14 years,Total,Percentage,Sweden,2018,0.53,,
ESTAT:EDUC_UOE_ENRA27(1.0),11/09/25 23:00:00,Annual,14 years,Total,Percentage,Sweden,2019,0.72,,
ESTAT:EDUC_UOE_ENRA27(1.0),11/09/25 23:00:00,Annual,14 years,Total,Percentage,Sweden,2020,0.62,,
ESTAT:EDUC_UOE_ENRA27(1.0),11/09/25 23:00:00,Annual,14 years,Total,Percentage,Sweden,2021,0.36,,
ESTAT:EDUC_UOE_ENRA27(1.0),11/09/25 23:00:00,Annual,14 years,Total,Percentage,Sweden,2022,0.62,,
ESTAT:EDUC_UOE_ENRA27(1.0),11/09/25 23:00:00,Annual,14 years,Total,Percentage,Sweden,2023,0.30,,
ESTAT:EDUC_UOE_ENRA27(1.0),11/09/25 23:00:00,Annual,14 years,Total,Percentage,Slovenia,2015,3.64,d,
ESTAT:EDUC_UOE_ENRA27(1.0),11/09/25 23:00:00,Annual,14 years,Total,Percentage,Slovenia,2016,2.31,d,
ESTAT:EDUC_UOE_ENRA27(1.0),11/09/25 23:00:00,Annual,14 years,Total,Percentage,Slovenia,2017,1.90,d,
ESTAT:EDUC_UOE_ENRA27(1.0),11/09/25 23:00:00,Annual,14 years,Total,Percentage,Slovenia,2018,1.51,,
ESTAT:EDUC_UOE_ENRA27(1.0),11/09/25 23:00:00,Annual,14 years,Total,Percentage,Slovenia,2019,1.24,,
ESTAT:EDUC_UOE_ENRA27(1.0),11/09/25 23:00:00,Annual,14 years,Total,Percentage,Slovenia,2020,0.95,,
ESTAT:EDUC_UOE_ENRA27(1.0),11/09/25 23:00:00,Annual,14 years,Total,Percentage,Slovenia,2021,1.74,,
ESTAT:EDUC_UOE_ENRA27(1.0),11/09/25 23:00:00,Annual,14 years,Total,Percentage,Slovenia,2022,1.24,,
ESTAT:EDUC_UOE_ENRA27(1.0),11/09/25 23:00:00,Annual,14 years,Total,Percentage,Slovenia,2023,1.46,,
ESTAT:EDUC_UOE_ENRA27(1.0),11/09/25 23:00:00,Annual,14 years,Total,Percentage,Slovakia,2015,3.60,,
ESTAT:EDUC_UOE_ENRA27(1.0),11/09/25 23:00:00,Annual,14 years,Total,Percentage,Slovakia,2016,3.52,,
ESTAT:EDUC_UOE_ENRA27(1.0),11/09/25 23:00:00,Annual,14 years,Total,Percentage,Slovakia,2017,3.95,,
ESTAT:EDUC_UOE_ENRA27(1.0),11/09/25 23:00:00,Annual,14 years,Total,Percentage,Slovakia,2018,4.04,,
ESTAT:EDUC_UOE_ENRA27(1.0),11/09/25 23:00:00,Annual,14 years,Total,Percentage,Slovakia,2019,4.85,,
ESTAT:EDUC_UOE_ENRA27(1.0),11/09/25 23:00:00,Annual,14 years,Total,Percentage,Slovakia,2020,4.43,,
ESTAT:EDUC_UOE_ENRA27(1.0),11/09/25 23:00:00,Annual,14 years,Total,Percentage,Slovakia,2021,4.36,,
ESTAT:EDUC_UOE_ENRA27(1.0),11/09/25 23:00:00,Annual,14 years,Total,Percentage,Slovakia,2022,3.28,,
ESTAT:EDUC_UOE_ENRA27(1.0),11/09/25 23:00:00,Annual,14 years,Total,Percentage,Slovakia,2023,2.21,,
ESTAT:EDUC_UOE_ENRA27(1.0),11/09/25 23:00:00,Annual,14 years,Total,Percentage,Türkiye,2015,5.81,,
ESTAT:EDUC_UOE_ENRA27(1.0),11/09/25 23:00:00,Annual,14 years,Total,Percentage,Türkiye,2016,8.97,,
ESTAT:EDUC_UOE_ENRA27(1.0),11/09/25 23:00:00,Annual,14 years,Total,Percentage,Türkiye,2017,3.59,,
ESTAT:EDUC_UOE_ENRA27(1.0),11/09/25 23:00:00,Annual,14 years,Total,Percentage,Türkiye,2018,4.15,,
ESTAT:EDUC_UOE_ENRA27(1.0),11/09/25 23:00:00,Annual,14 years,Total,Percentage,Türkiye,2019,3.41,,
ESTAT:EDUC_UOE_ENRA27(1.0),11/09/25 23:00:00,Annual,14 years,Total,Percentage,Türkiye,2020,2.21,,
ESTAT:EDUC_UOE_ENRA27(1.0),11/09/25 23:00:00,Annual,14 years,Total,Percentage,Türkiye,2021,2.13,,
ESTAT:EDUC_UOE_ENRA27(1.0),11/09/25 23:00:00,Annual,14 years,Total,Percentage,Türkiye,2022,1.84,,
ESTAT:EDUC_UOE_ENRA27(1.0),11/09/25 23:00:00,Annual,14 years,Total,Percentage,Türkiye,2023,0.00,,
ESTAT:EDUC_UOE_ENRA27(1.0),11/09/25 23:00:00,Annual,14 years,Total,Percentage,United Kingdom,2015,1.10,d,
ESTAT:EDUC_UOE_ENRA27(1.0),11/09/25 23:00:00,Annual,14 years,Total,Percentage,United Kingdom,2016,0.49,d,
ESTAT:EDUC_UOE_ENRA27(1.0),11/09/25 23:00:00,Annual,14 years,Total,Percentage,United Kingdom,2017,1.02,d,
ESTAT:EDUC_UOE_ENRA27(1.0),11/09/25 23:00:00,Annual,14 years,Total,Percentage,United Kingdom,2018,1.22,d,
ESTAT:EDUC_UOE_ENRA27(1.0),11/09/25 23:00:00,Annual,14 years,Total,Percentage,United Kingdom,2019,1.44,d,
ESTAT:EDUC_UOE_ENRA27(1.0),11/09/25 23:00:00,Annual,15 years,Females,Percentage,Albania,2021,11.19,,
ESTAT:EDUC_UOE_ENRA27(1.0),11/09/25 23:00:00,Annual,15 years,Females,Percentage,Albania,2022,9.88,d,
ESTAT:EDUC_UOE_ENRA27(1.0),11/09/25 23:00:00,Annual,15 years,Females,Percentage,Albania,2023,3.91,d,
ESTAT:EDUC_UOE_ENRA27(1.0),11/09/25 23:00:00,Annual,15 years,Females,Percentage,Austria,2015,4.65,,
ESTAT:EDUC_UOE_ENRA27(1.0),11/09/25 23:00:00,Annual,15 years,Females,Percentage,Austria,2016,4.69,,
ESTAT:EDUC_UOE_ENRA27(1.0),11/09/25 23:00:00,Annual,15 years,Females,Percentage,Austria,2017,4.52,,
ESTAT:EDUC_UOE_ENRA27(1.0),11/09/25 23:00:00,Annual,15 years,Females,Percentage,Austria,2018,4.55,,
ESTAT:EDUC_UOE_ENRA27(1.0),11/09/25 23:00:00,Annual,15 years,Females,Percentage,Austria,2019,4.50,,
ESTAT:EDUC_UOE_ENRA27(1.0),11/09/25 23:00:00,Annual,15 years,Females,Percentage,Austria,2020,4.05,,
ESTAT:EDUC_UOE_ENRA27(1.0),11/09/25 23:00:00,Annual,15 years,Females,Percentage,Austria,2021,3.85,,
ESTAT:EDUC_UOE_ENRA27(1.0),11/09/25 23:00:00,Annual,15 years,Females,Percentage,Austria,2022,4.47,,
ESTAT:EDUC_UOE_ENRA27(1.0),11/09/25 23:00:00,Annual,15 years,Females,Percentage,Austria,2023,5.35,,
ESTAT:EDUC_UOE_ENRA27(1.0),11/09/25 23:00:00,Annual,15 years,Females,Percentage,Belgium,2015,1.77,,
ESTAT:EDUC_UOE_ENRA27(1.0),11/09/25 23:00:00,Annual,15 years,Females,Percentage,Belgium,2016,1.76,,
ESTAT:EDUC_UOE_ENRA27(1.0),11/09/25 23:00:00,Annual,15 years,Females,Percentage,Belgium,2017,1.10,,
ESTAT:EDUC_UOE_ENRA27(1.0),11/09/25 23:00:00,Annual,15 years,Females,Percentage,Belgium,2018,0.87,,
ESTAT:EDUC_UOE_ENRA27(1.0),11/09/25 23:00:00,Annual,15 years,Females,Percentage,Belgium,2019,0.85,,
ESTAT:EDUC_UOE_ENRA27(1.0),11/09/25 23:00:00,Annual,15 years,Females,Percentage,Belgium,2020,0.80,bd,
ESTAT:EDUC_UOE_ENRA27(1.0),11/09/25 23:00:00,Annual,15 years,Females,Percentage,Belgium,2021,0.40,,
ESTAT:EDUC_UOE_ENRA27(1.0),11/09/25 23:00:00,Annual,15 years,Females,Percentage,Belgium,2022,0.53,,
ESTAT:EDUC_UOE_ENRA27(1.0),11/09/25 23:00:00,Annual,15 years,Females,Percentage,Belgium,2023,0.73,,
ESTAT:EDUC_UOE_ENRA27(1.0),11/09/25 23:00:00,Annual,15 years,Females,Percentage,Bulgaria,2015,5.39,,
ESTAT:EDUC_UOE_ENRA27(1.0),11/09/25 23:00:00,Annual,15 years,Females,Percentage,Bulgaria,2016,9.62,,
ESTAT:EDUC_UOE_ENRA27(1.0),11/09/25 23:00:00,Annual,15 years,Females,Percentage,Bulgaria,2017,8.35,,
ESTAT:EDUC_UOE_ENRA27(1.0),11/09/25 23:00:00,Annual,15 years,Females,Percentage,Bulgaria,2018,7.76,,
ESTAT:EDUC_UOE_ENRA27(1.0),11/09/25 23:00:00,Annual,15 years,Females,Percentage,Bulgaria,2019,7.98,,
ESTAT:EDUC_UOE_ENRA27(1.0),11/09/25 23:00:00,Annual,15 years,Females,Percentage,Bulgaria,2020,6.06,,
ESTAT:EDUC_UOE_ENRA27(1.0),11/09/25 23:00:00,Annual,15 years,Females,Percentage,Bulgaria,2021,7.24,,
ESTAT:EDUC_UOE_ENRA27(1.0),11/09/25 23:00:00,Annual,15 years,Females,Percentage,Bulgaria,2022,8.46,,
ESTAT:EDUC_UOE_ENRA27(1.0),11/09/25 23:00:00,Annual,15 years,Females,Percentage,Bulgaria,2023,10.32,,
ESTAT:EDUC_UOE_ENRA27(1.0),11/09/25 23:00:00,Annual,15 years,Females,Percentage,Switzerland,2015,2.65,,
ESTAT:EDUC_UOE_ENRA27(1.0),11/09/25 23:00:00,Annual,15 years,Females,Percentage,Switzerland,2016,2.78,,
ESTAT:EDUC_UOE_ENRA27(1.0),11/09/25 23:00:00,Annual,15 years,Females,Percentage,Switzerland,2017,2.98,,
ESTAT:EDUC_UOE_ENRA27(1.0),11/09/25 23:00:00,Annual,15 years,Females,Percentage,Switzerland,2018,2.72,,
ESTAT:EDUC_UOE_ENRA27(1.0),11/09/25 23:00:00,Annual,15 years,Females,Percentage,Switzerland,2019,2.94,,
ESTAT:EDUC_UOE_ENRA27(1.0),11/09/25 23:00:00,Annual,15 years,Females,Percentage,Switzerland,2020,2.48,,
ESTAT:EDUC_UOE_ENRA27(1.0),11/09/25 23:00:00,Annual,15 years,Females,Percentage,Switzerland,2021,2.48,,
ESTAT:EDUC_UOE_ENRA27(1.0),11/09/25 23:00:00,Annual,15 years,Females,Percentage,Switzerland,2022,2.53,,
ESTAT:EDUC_UOE_ENRA27(1.0),11/09/25 23:00:00,Annual,15 years,Females,Percentage,Switzerland,2023,1.65,,
ESTAT:EDUC_UOE_ENRA27(1.0),11/09/25 23:00:00,Annual,15 years,Females,Percentage,Cyprus,2015,0.70,,
ESTAT:EDUC_UOE_ENRA27(1.0),11/09/25 23:00:00,Annual,15 years,Females,Percentage,Cyprus,2016,5.20,,
ESTAT:EDUC_UOE_ENRA27(1.0),11/09/25 23:00:00,Annual,15 years,Females,Percentage,Cyprus,2017,5.11,,
ESTAT:EDUC_UOE_ENRA27(1.0),11/09/25 23:00:00,Annual,15 years,Females,Percentage,Cyprus,2018,4.54,,
ESTAT:EDUC_UOE_ENRA27(1.0),11/09/25 23:00:00,Annual,15 years,Females,Percentage,Cyprus,2019,4.67,,
ESTAT:EDUC_UOE_ENRA27(1.0),11/09/25 23:00:00,Annual,15 years,Females,Percentage,Cyprus,2020,3.38,,
ESTAT:EDUC_UOE_ENRA27(1.0),11/09/25 23:00:00,Annual,15 years,Females,Percentage,Cyprus,2021,0.00,,
ESTAT:EDUC_UOE_ENRA27(1.0),11/09/25 23:00:00,Annual,15 years,Females,Percentage,Cyprus,2022,0.00,,
ESTAT:EDUC_UOE_ENRA27(1.0),11/09/25 23:00:00,Annual,15 years,Females,Percentage,Cyprus,2023,0.00,,
ESTAT:EDUC_UOE_ENRA27(1.0),11/09/25 23:00:00,Annual,15 years,Females,Percentage,Czechia,2015,0.69,,
ESTAT:EDUC_UOE_ENRA27(1.0),11/09/25 23:00:00,Annual,15 years,Females,Percentage,Czechia,2016,0.40,,
ESTAT:EDUC_UOE_ENRA27(1.0),11/09/25 23:00:00,Annual,15 years,Females,Percentage,Czechia,2017,1.37,,
ESTAT:EDUC_UOE_ENRA27(1.0),11/09/25 23:00:00,Annual,15 years,Females,Percentage,Czechia,2018,,d,
ESTAT:EDUC_UOE_ENRA27(1.0),11/09/25 23:00:00,Annual,15 years,Females,Percentage,Czechia,2019,,d,
ESTAT:EDUC_UOE_ENRA27(1.0),11/09/25 23:00:00,Annual,15 years,Females,Percentage,Czechia,2020,1.13,,
ESTAT:EDUC_UOE_ENRA27(1.0),11/09/25 23:00:00,Annual,15 years,Females,Percentage,Czechia,2021,0.43,,
ESTAT:EDUC_UOE_ENRA27(1.0),11/09/25 23:00:00,Annual,15 years,Females,Percentage,Czechia,2022,0.61,,
ESTAT:EDUC_UOE_ENRA27(1.0),11/09/25 23:00:00,Annual,15 years,Females,Percentage,Czechia,2023,1.98,d,
ESTAT:EDUC_UOE_ENRA27(1.0),11/09/25 23:00:00,Annual,15 years,Females,Percentage,Germany,2015,0.70,d,
ESTAT:EDUC_UOE_ENRA27(1.0),11/09/25 23:00:00,Annual,15 years,Females,Percentage,Germany,2016,1.76,d,
ESTAT:EDUC_UOE_ENRA27(1.0),11/09/25 23:00:00,Annual,15 years,Females,Percentage,Germany,2017,1.39,d,
ESTAT:EDUC_UOE_ENRA27(1.0),11/09/25 23:00:00,Annual,15 years,Females,Percentage,Germany,2018,1.24,d,
ESTAT:EDUC_UOE_ENRA27(1.0),11/09/25 23:00:00,Annual,15 years,Females,Percentage,Germany,2019,1.29,,
ESTAT:EDUC_UOE_ENRA27(1.0),11/09/25 23:00:00,Annual,15 years,Females,Percentage,Germany,2020,1.47,bd,
ESTAT:EDUC_UOE_ENRA27(1.0),11/09/25 23:00:00,Annual,15 years,Females,Percentage,Germany,2021,0.00,,
ESTAT:EDUC_UOE_ENRA27(1.0),11/09/25 23:00:00,Annual,15 years,Females,Percentage,Germany,2022,1.44,,
ESTAT:EDUC_UOE_ENRA27(1.0),11/09/25 23:00:00,Annual,15 years,Females,Percentage,Germany,2023,0.95,,
ESTAT:EDUC_UOE_ENRA27(1.0),11/09/25 23:00:00,Annual,15 years,Females,Percentage,Denmark,2015,0.89,,
ESTAT:EDUC_UOE_ENRA27(1.0),11/09/25 23:00:00,Annual,15 years,Females,Percentage,Denmark,2016,1.07,,
ESTAT:EDUC_UOE_ENRA27(1.0),11/09/25 23:00:00,Annual,15 years,Females,Percentage,Denmark,2017,0.90,,
ESTAT:EDUC_UOE_ENRA27(1.0),11/09/25 23:00:00,Annual,15 years,Females,Percentage,Denmark,2018,0.87,,
ESTAT:EDUC_UOE_ENRA27(1.0),11/09/25 23:00:00,Annual,15 years,Females,Percentage,Denmark,2019,0.77,,
ESTAT:EDUC_UOE_ENRA27(1.0),11/09/25 23:00:00,Annual,15 years,Females,Percentage,Denmark,2020,0.68,,
ESTAT:EDUC_UOE_ENRA27(1.0),11/09/25 23:00:00,Annual,15 years,Females,Percentage,Denmark,2021,0.68,,
ESTAT:EDUC_UOE_ENRA27(1.0),11/09/25 23:00:00,Annual,15 years,Females,Percentage,Denmark,2022,1.04,,
ESTAT:EDUC_UOE_ENRA27(1.0),11/09/25 23:00:00,Annual,15 years,Females,Percentage,Denmark,2023,1.36,,
ESTAT:EDUC_UOE_ENRA27(1.0),11/09/25 23:00:00,Annual,15 years,Females,Percentage,Estonia,2015,1.89,,
ESTAT:EDUC_UOE_ENRA27(1.0),11/09/25 23:00:00,Annual,15 years,Females,Percentage,Estonia,2016,2.12,,
ESTAT:EDUC_UOE_ENRA27(1.0),11/09/25 23:00:00,Annual,15 years,Females,Percentage,Estonia,2017,2.66,,
ESTAT:EDUC_UOE_ENRA27(1.0),11/09/25 23:00:00,Annual,15 years,Females,Percentage,Estonia,2018,2.14,,
ESTAT:EDUC_UOE_ENRA27(1.0),11/09/25 23:00:00,Annual,15 years,Females,Percentage,Estonia,2019,1.88,,
ESTAT:EDUC_UOE_ENRA27(1.0),11/09/25 23:00:00,Annual,15 years,Females,Percentage,Estonia,2020,2.14,,
ESTAT:EDUC_UOE_ENRA27(1.0),11/09/25 23:00:00,Annual,15 years,Females,Percentage,Estonia,2021,1.96,,
ESTAT:EDUC_UOE_ENRA27(1.0),11/09/25 23:00:00,Annual,15 years,Females,Percentage,Estonia,2022,1.85,,
ESTAT:EDUC_UOE_ENRA27(1.0),11/09/25 23:00:00,Annual,15 years,Females,Percentage,Estonia,2023,2.19,,
ESTAT:EDUC_UOE_ENRA27(1.0),11/09/25 23:00:00,Annual,15 years,Females,Percentage,Greece,2015,7.69,,
ESTAT:EDUC_UOE_ENRA27(1.0),11/09/25 23:00:00,Annual,15 years,Females,Percentage,Greece,2016,4.75,,
ESTAT:EDUC_UOE_ENRA27(1.0),11/09/25 23:00:00,Annual,15 years,Females,Percentage,Greece,2017,7.44,,
ESTAT:EDUC_UOE_ENRA27(1.0),11/09/25 23:00:00,Annual,15 years,Females,Percentage,Greece,2018,5.41,,
ESTAT:EDUC_UOE_ENRA27(1.0),11/09/25 23:00:00,Annual,15 years,Females,Percentage,Greece,2019,0.39,,
ESTAT:EDUC_UOE_ENRA27(1.0),11/09/25 23:00:00,Annual,15 years,Females,Percentage,Greece,2020,5.37,,
ESTAT:EDUC_UOE_ENRA27(1.0),11/09/25 23:00:00,Annual,15 years,Females,Percentage,Greece,2021,4.16,,
ESTAT:EDUC_UOE_ENRA27(1.0),11/09/25 23:00:00,Annual,15 years,Females,Percentage,Greece,2022,0.82,,
ESTAT:EDUC_UOE_ENRA27(1.0),11/09/25 23:00:00,Annual,15 years,Females,Percentage,Greece,2023,3.48,,
ESTAT:EDUC_UOE_ENRA27(1.0),11/09/25 23:00:00,Annual,15 years,Females,Percentage,Spain,2015,3.13,,
ESTAT:EDUC_UOE_ENRA27(1.0),11/09/25 23:00:00,Annual,15 years,Females,Percentage,Spain,2016,2.86,,
ESTAT:EDUC_UOE_ENRA27(1.0),11/09/25 23:00:00,Annual,15 years,Females,Percentage,Spain,2017,2.95,,
ESTAT:EDUC_UOE_ENRA27(1.0),11/09/25 23:00:00,Annual,15 years,Females,Percentage,Spain,2018,2.63,,
ESTAT:EDUC_UOE_ENRA27(1.0),11/09/25 23:00:00,Annual,15 years,Females,Percentage,Spain,2019,2.74,,
ESTAT:EDUC_UOE_ENRA27(1.0),11/09/25 23:00:00,Annual,15 years,Females,Percentage,Spain,2020,2.68,,
ESTAT:EDUC_UOE_ENRA27(1.0),11/09/25 23:00:00,Annual,15 years,Females,Percentage,Spain,2021,2.31,,
ESTAT:EDUC_UOE_ENRA27(1.0),11/09/25 23:00:00,Annual,15 years,Females,Percentage,Spain,2022,3.28,,
ESTAT:EDUC_UOE_ENRA27(1.0),11/09/25 23:00:00,Annual,15 years,Females,Percentage,Spain,2023,3.51,,
ESTAT:EDUC_UOE_ENRA27(1.0),11/09/25 23:00:00,Annual,15 years,Females,Percentage,European Union - 27 countries (from 2020),2015,2.74,,
ESTAT:EDUC_UOE_ENRA27(1.0),11/09/25 23:00:00,Annual,15 years,Females,Percentage,European Union - 27 countries (from 2020),2016,3.11,,
ESTAT:EDUC_UOE_ENRA27(1.0),11/09/25 23:00:00,Annual,15 years,Females,Percentage,European Union - 27 countries (from 2020),2017,2.82,,
ESTAT:EDUC_UOE_ENRA27(1.0),11/09/25 23:00:00,Annual,15 years,Females,Percentage,European Union - 27 countries (from 2020),2018,2.63,,
ESTAT:EDUC_UOE_ENRA27(1.0),11/09/25 23:00:00,Annual,15 years,Females,Percentage,European Union - 27 countries (from 2020),2019,2.60,,
ESTAT:EDUC_UOE_ENRA27(1.0),11/09/25 23:00:00,Annual,15 years,Females,Percentage,European Union - 27 countries (from 2020),2020,2.55,,
ESTAT:EDUC_UOE_ENRA27(1.0),11/09/25 23:00:00,Annual,15 years,Females,Percentage,European Union - 27 countries (from 2020),2021,2.09,,
ESTAT:EDUC_UOE_ENRA27(1.0),11/09/25 23:00:00,Annual,15 years,Females,Percentage,European Union - 27 countries (from 2020),2022,2.64,,
ESTAT:EDUC_UOE_ENRA27(1.0),11/09/25 23:00:00,Annual,15 years,Females,Percentage,European Union - 27 countries (from 2020),2023,2.60,,
ESTAT:EDUC_UOE_ENRA27(1.0),11/09/25 23:00:00,Annual,15 years,Females,Percentage,European Union - 28 countries (2013-2020),2015,2.43,,
ESTAT:EDUC_UOE_ENRA27(1.0),11/09/25 23:00:00,Annual,15 years,Females,Percentage,European Union - 28 countries (2013-2020),2016,2.71,,
ESTAT:EDUC_UOE_ENRA27(1.0),11/09/25 23:00:00,Annual,15 years,Females,Percentage,European Union - 28 countries (2013-2020),2017,2.44,,
ESTAT:EDUC_UOE_ENRA27(1.0),11/09/25 23:00:00,Annual,15 years,Females,Percentage,European Union - 28 countries (2013-2020),2018,2.47,,
ESTAT:EDUC_UOE_ENRA27(1.0),11/09/25 23:00:00,Annual,15 years,Females,Percentage,European Union - 28 countries (2013-2020),2019,2.39,,
ESTAT:EDUC_UOE_ENRA27(1.0),11/09/25 23:00:00,Annual,15 years,Females,Percentage,Finland,2015,2.05,,
ESTAT:EDUC_UOE_ENRA27(1.0),11/09/25 23:00:00,Annual,15 years,Females,Percentage,Finland,2016,1.78,,
ESTAT:EDUC_UOE_ENRA27(1.0),11/09/25 23:00:00,Annual,15 years,Females,Percentage,Finland,2017,1.27,,
ESTAT:EDUC_UOE_ENRA27(1.0),11/09/25 23:00:00,Annual,15 years,Females,Percentage,Finland,2018,1.01,,
ESTAT:EDUC_UOE_ENRA27(1.0),11/09/25 23:00:00,Annual,15 years,Females,Percentage,Finland,2019,1.78,,
ESTAT:EDUC_UOE_ENRA27(1.0),11/09/25 23:00:00,Annual,15 years,Females,Percentage,Finland,2020,1.37,,
ESTAT:EDUC_UOE_ENRA27(1.0),11/09/25 23:00:00,Annual,15 years,Females,Percentage,Finland,2021,1.02,,
ESTAT:EDUC_UOE_ENRA27(1.0),11/09/25 23:00:00,Annual,15 years,Females,Percentage,Finland,2022,1.47,,
ESTAT:EDUC_UOE_ENRA27(1.0),11/09/25 23:00:00,Annual,15 years,Females,Percentage,Finland,2023,0.85,,
ESTAT:EDUC_UOE_ENRA27(1.0),11/09/25 23:00:00,Annual,15 years,Females,Percentage,France,2015,2.21,,
ESTAT:EDUC_UOE_ENRA27(1.0),11/09/25 23:00:00,Annual,15 years,Females,Percentage,France,2016,2.65,,
ESTAT:EDUC_UOE_ENRA27(1.0),11/09/25 23:00:00,Annual,15 years,Females,Percentage,France,2017,2.00,,
ESTAT:EDUC_UOE_ENRA27(1.0),11/09/25 23:00:00,Annual,15 years,Females,Percentage,France,2018,2.18,p,
ESTAT:EDUC_UOE_ENRA27(1.0),11/09/25 23:00:00,Annual,15 years,Females,Percentage,France,2019,1.77,,
ESTAT:EDUC_UOE_ENRA27(1.0),11/09/25 23:00:00,Annual,15 years,Females,Percentage,France,2020,1.48,,
ESTAT:EDUC_UOE_ENRA27(1.0),11/09/25 23:00:00,Annual,15 years,Females,Percentage,France,2021,1.72,,
ESTAT:EDUC_UOE_ENRA27(1.0),11/09/25 23:00:00,Annual,15 years,Females,Percentage,France,2022,1.41,,
ESTAT:EDUC_UOE_ENRA27(1.0),11/09/25 23:00:00,Annual,15 years,Females,Percentage,France,2023,1.58,bdp,
ESTAT:EDUC_UOE_ENRA27(1.0),11/09/25 23:00:00,Annual,15 years,Females,Percentage,Croatia,2015,0.00,,
ESTAT:EDUC_UOE_ENRA27(1.0),11/09/25 23:00:00,Annual,15 years,Females,Percentage,Croatia,2016,0.00,,
ESTAT:EDUC_UOE_ENRA27(1.0),11/09/25 23:00:00,Annual,15 years,Females,Percentage,Croatia,2017,0.00,,
ESTAT:EDUC_UOE_ENRA27(1.0),11/09/25 23:00:00,Annual,15 years,Females,Percentage,Croatia,2018,0.00,,
ESTAT:EDUC_UOE_ENRA27(1.0),11/09/25 23:00:00,Annual,15 years,Females,Percentage,Croatia,2019,0.00,,
ESTAT:EDUC_UOE_ENRA27(1.0),11/09/25 23:00:00,Annual,15 years,Females,Percentage,Croatia,2020,0.00,,
ESTAT:EDUC_UOE_ENRA27(1.0),11/09/25 23:00:00,Annual,15 years,Females,Percentage,Croatia,2021,0.00,,
ESTAT:EDUC_UOE_ENRA27(1.0),11/09/25 23:00:00,Annual,15 years,Females,Percentage,Croatia,2022,0.00,,
ESTAT:EDUC_UOE_ENRA27(1.0),11/09/25 23:00:00,Annual,15 years,Females,Percentage,Croatia,2023,0.00,,
ESTAT:EDUC_UOE_ENRA27(1.0),11/09/25 23:00:00,Annual,15 years,Females,Percentage,Hungary,2015,2.98,,
ESTAT:EDUC_UOE_ENRA27(1.0),11/09/25 23:00:00,Annual,15 years,Females,Percentage,Hungary,2016,3.86,,
ESTAT:EDUC_UOE_ENRA27(1.0),11/09/25 23:00:00,Annual,15 years,Females,Percentage,Hungary,2017,3.28,,
ESTAT:EDUC_UOE_ENRA27(1.0),11/09/25 23:00:00,Annual,15 years,Females,Percentage,Hungary,2018,4.51,,
ESTAT:EDUC_UOE_ENRA27(1.0),11/09/25 23:00:00,Annual,15 years,Females,Percentage,Hungary,2019,3.60,,
ESTAT:EDUC_UOE_ENRA27(1.0),11/09/25 23:00:00,Annual,15 years,Females,Percentage,Hungary,2020,4.62,,
ESTAT:EDUC_UOE_ENRA27(1.0),11/09/25 23:00:00,Annual,15 years,Females,Percentage,Hungary,2021,6.66,,
ESTAT:EDUC_UOE_ENRA27(1.0),11/09/25 23:00:00,Annual,15 years,Females,Percentage,Hungary,2022,6.87,,
ESTAT:EDUC_UOE_ENRA27(1.0),11/09/25 23:00:00,Annual,15 years,Females,Percentage,Hungary,2023,3.54,,
ESTAT:EDUC_UOE_ENRA27(1.0),11/09/25 23:00:00,Annual,15 years,Females,Percentage,Ireland,2015,0.00,d,
ESTAT:EDUC_UOE_ENRA27(1.0),11/09/25 23:00:00,Annual,15 years,Females,Percentage,Ireland,2016,0.00,d,
ESTAT:EDUC_UOE_ENRA27(1.0),11/09/25 23:00:00,Annual,15 years,Females,Percentage,Ireland,2017,0.00,d,
ESTAT:EDUC_UOE_ENRA27(1.0),11/09/25 23:00:00,Annual,15 years,Females,Percentage,Ireland,2018,0.00,d,
ESTAT:EDUC_UOE_ENRA27(1.0),11/09/25 23:00:00,Annual,15 years,Females,Percentage,Ireland,2019,0.00,,
ESTAT:EDUC_UOE_ENRA27(1.0),11/09/25 23:00:00,Annual,15 years,Females,Percentage,Ireland,2020,0.00,,
ESTAT:EDUC_UOE_ENRA27(1.0),11/09/25 23:00:00,Annual,15 years,Females,Percentage,Ireland,2021,0.00,,
ESTAT:EDUC_UOE_ENRA27(1.0),11/09/25 23:00:00,Annual,15 years,Females,Percentage,Ireland,2022,0.00,,
ESTAT:EDUC_UOE_ENRA27(1.0),11/09/25 23:00:00,Annual,15 years,Females,Percentage,Ireland,2023,0.00,,
ESTAT:EDUC_UOE_ENRA27(1.0),11/09/25 23:00:00,Annual,15 years,Females,Percentage,Iceland,2015,0.70,,
ESTAT:EDUC_UOE_ENRA27(1.0),11/09/25 23:00:00,Annual,15 years,Females,Percentage,Iceland,2016,1.33,,
ESTAT:EDUC_UOE_ENRA27(1.0),11/09/25 23:00:00,Annual,15 years,Females,Percentage,Iceland,2017,0.63,,
ESTAT:EDUC_UOE_ENRA27(1.0),11/09/25 23:00:00,Annual,15 years,Females,Percentage,Iceland,2018,1.39,,
ESTAT:EDUC_UOE_ENRA27(1.0),11/09/25 23:00:00,Annual,15 years,Females,Percentage,Iceland,2019,0.70,,
ESTAT:EDUC_UOE_ENRA27(1.0),11/09/25 23:00:00,Annual,15 years,Females,Percentage,Iceland,2020,1.49,,
ESTAT:EDUC_UOE_ENRA27(1.0),11/09/25 23:00:00,Annual,15 years,Females,Percentage,Iceland,2021,0.87,,
ESTAT:EDUC_UOE_ENRA27(1.0),11/09/25 23:00:00,Annual,15 years,Females,Percentage,Iceland,2022,0.80,,
ESTAT:EDUC_UOE_ENRA27(1.0),11/09/25 23:00:00,Annual,15 years,Females,Percentage,Iceland,2023,1.86,,
ESTAT:EDUC_UOE_ENRA27(1.0),11/09/25 23:00:00,Annual,15 years,Females,Percentage,Italy,2015,2.14,,
ESTAT:EDUC_UOE_ENRA27(1.0),11/09/25 23:00:00,Annual,15 years,Females,Percentage,Italy,2016,2.45,,
ESTAT:EDUC_UOE_ENRA27(1.0),11/09/25 23:00:00,Annual,15 years,Females,Percentage,Italy,2017,2.04,d,
ESTAT:EDUC_UOE_ENRA27(1.0),11/09/25 23:00:00,Annual,15 years,Females,Percentage,Italy,2018,0.96,d,
ESTAT:EDUC_UOE_ENRA27(1.0),11/09/25 23:00:00,Annual,15 years,Females,Percentage,Italy,2019,1.44,d,
ESTAT:EDUC_UOE_ENRA27(1.0),11/09/25 23:00:00,Annual,15 years,Females,Percentage,Italy,2020,1.05,,
ESTAT:EDUC_UOE_ENRA27(1.0),11/09/25 23:00:00,Annual,15 years,Females,Percentage,Italy,2021,1.80,,
ESTAT:EDUC_UOE_ENRA27(1.0),11/09/25 23:00:00,Annual,15 years,Females,Percentage,Italy,2022,2.62,,
ESTAT:EDUC_UOE_ENRA27(1.0),11/09/25 23:00:00,Annual,15 years,Females,Percentage,Italy,2023,2.14,,
ESTAT:EDUC_UOE_ENRA27(1.0),11/09/25 23:00:00,Annual,15 years,Females,Percentage,Liechtenstein,2015,7.73,,
ESTAT:EDUC_UOE_ENRA27(1.0),11/09/25 23:00:00,Annual,15 years,Females,Percentage,Liechtenstein,2016,8.96,,
ESTAT:EDUC_UOE_ENRA27(1.0),11/09/25 23:00:00,Annual,15 years,Females,Percentage,Liechtenstein,2017,57.46,,
ESTAT:EDUC_UOE_ENRA27(1.0),11/09/25 23:00:00,Annual,15 years,Females,Percentage,Liechtenstein,2018,10.10,,
ESTAT:EDUC_UOE_ENRA27(1.0),11/09/25 23:00:00,Annual,15 years,Females,Percentage,Liechtenstein,2019,10.47,,
ESTAT:EDUC_UOE_ENRA27(1.0),11/09/25 23:00:00,Annual,15 years,Females,Percentage,Liechtenstein,2020,6.57,,
ESTAT:EDUC_UOE_ENRA27(1.0),11/09/25 23:00:00,Annual,15 years,Females,Percentage,Liechtenstein,2021,10.34,,
ESTAT:EDUC_UOE_ENRA27(1.0),11/09/25 23:00:00,Annual,15 years,Females,Percentage,Liechtenstein,2022,4.66,,
ESTAT:EDUC_UOE_ENRA27(1.0),11/09/25 23:00:00,Annual,15 years,Females,Percentage,Lithuania,2015,0.44,,
ESTAT:EDUC_UOE_ENRA27(1.0),11/09/25 23:00:00,Annual,15 years,Females,Percentage,Lithuania,2016,0.73,,
ESTAT:EDUC_UOE_ENRA27(1.0),11/09/25 23:00:00,Annual,15 years,Females,Percentage,Lithuania,2017,0.36,,
ESTAT:EDUC_UOE_ENRA27(1.0),11/09/25 23:00:00,Annual,15 years,Females,Percentage,Lithuania,2018,0.00,,
ESTAT:EDUC_UOE_ENRA27(1.0),11/09/25 23:00:00,Annual,15 years,Females,Percentage,Lithuania,2019,0.00,,
ESTAT:EDUC_UOE_ENRA27(1.0),11/09/25 23:00:00,Annual,15 years,Females,Percentage,Lithuania,2020,0.00,,
ESTAT:EDUC_UOE_ENRA27(1.0),11/09/25 23:00:00,Annual,15 years,Females,Percentage,Lithuania,2021,0.00,,
ESTAT:EDUC_UOE_ENRA27(1.0),11/09/25 23:00:00,Annual,15 years,Females,Percentage,Lithuania,2022,0.00,,
ESTAT:EDUC_UOE_ENRA27(1.0),11/09/25 23:00:00,Annual,15 years,Females,Percentage,Lithuania,2023,0.00,,
ESTAT:EDUC_UOE_ENRA27(1.0),11/09/25 23:00:00,Annual,15 years,Females,Percentage,Luxembourg,2015,3.88,,
ESTAT:EDUC_UOE_ENRA27(1.0),11/09/25 23:00:00,Annual,15 years,Females,Percentage,Luxembourg,2016,6.78,,
ESTAT:EDUC_UOE_ENRA27(1.0),11/09/25 23:00:00,Annual,15 years,Females,Percentage,Luxembourg,2017,2.41,,
ESTAT:EDUC_UOE_ENRA27(1.0),11/09/25 23:00:00,Annual,15 years,Females,Percentage,Luxembourg,2018,5.10,,
ESTAT:EDUC_UOE_ENRA27(1.0),11/09/25 23:00:00,Annual,15 years,Females,Percentage,Luxembourg,2019,2.41,,
ESTAT:EDUC_UOE_ENRA27(1.0),11/09/25 23:00:00,Annual,15 years,Females,Percentage,Luxembourg,2020,3.90,,
ESTAT:EDUC_UOE_ENRA27(1.0),11/09/25 23:00:00,Annual,15 years,Females,Percentage,Luxembourg,2021,3.16,,
ESTAT:EDUC_UOE_ENRA27(1.0),11/09/25 23:00:00,Annual,15 years,Females,Percentage,Luxembourg,2022,4.64,,
ESTAT:EDUC_UOE_ENRA27(1.0),11/09/25 23:00:00,Annual,15 years,Females,Percentage,Luxembourg,2023,2.68,,
ESTAT:EDUC_UOE_ENRA27(1.0),11/09/25 23:00:00,Annual,15 years,Females,Percentage,Latvia,2015,1.52,,
ESTAT:EDUC_UOE_ENRA27(1.0),11/09/25 23:00:00,Annual,15 years,Females,Percentage,Latvia,2016,1.17,,
ESTAT:EDUC_UOE_ENRA27(1.0),11/09/25 23:00:00,Annual,15 years,Females,Percentage,Latvia,2017,0.00,,
ESTAT:EDUC_UOE_ENRA27(1.0),11/09/25 23:00:00,Annual,15 years,Females,Percentage,Latvia,2018,0.00,,
ESTAT:EDUC_UOE_ENRA27(1.0),11/09/25 23:00:00,Annual,15 years,Females,Percentage,Latvia,2019,1.83,,
ESTAT:EDUC_UOE_ENRA27(1.0),11/09/25 23:00:00,Annual,15 years,Females,Percentage,Latvia,2020,1.72,,
ESTAT:EDUC_UOE_ENRA27(1.0),11/09/25 23:00:00,Annual,15 years,Females,Percentage,Latvia,2021,0.98,,
ESTAT:EDUC_UOE_ENRA27(1.0),11/09/25 23:00:00,Annual,15 years,Females,Percentage,Latvia,2022,1.15,,
ESTAT:EDUC_UOE_ENRA27(1.0),11/09/25 23:00:00,Annual,15 years,Females,Percentage,Latvia,2023,1.78,,
ESTAT:EDUC_UOE_ENRA27(1.0),11/09/25 23:00:00,Annual,15 years,Females,Percentage,Montenegro,2015,1.01,d,
ESTAT:EDUC_UOE_ENRA27(1.0),11/09/25 23:00:00,Annual,15 years,Females,Percentage,Montenegro,2016,4.70,,
ESTAT:EDUC_UOE_ENRA27(1.0),11/09/25 23:00:00,Annual,15 years,Females,Percentage,Montenegro,2017,6.40,,
ESTAT:EDUC_UOE_ENRA27(1.0),11/09/25 23:00:00,Annual,15 years,Females,Percentage,Montenegro,2018,8.21,,
ESTAT:EDUC_UOE_ENRA27(1.0),11/09/25 23:00:00,Annual,15 years,Females,Percentage,Montenegro,2019,7.25,,
ESTAT:EDUC_UOE_ENRA27(1.0),11/09/25 23:00:00,Annual,15 years,Females,Percentage,Montenegro,2020,5.36,,
ESTAT:EDUC_UOE_ENRA27(1.0),11/09/25 23:00:00,Annual,15 years,Females,Percentage,Montenegro,2021,7.23,,
ESTAT:EDUC_UOE_ENRA27(1.0),11/09/25 23:00:00,Annual,15 years,Females,Percentage,Montenegro,2023,3.21,,
ESTAT:EDUC_UOE_ENRA27(1.0),11/09/25 23:00:00,Annual,15 years,Females,Percentage,North Macedonia,2015,,d,
ESTAT:EDUC_UOE_ENRA27(1.0),11/09/25 23:00:00,Annual,15 years,Females,Percentage,North Macedonia,2016,,d,
ESTAT:EDUC_UOE_ENRA27(1.0),11/09/25 23:00:00,Annual,15 years,Females,Percentage,North Macedonia,2017,,d,
ESTAT:EDUC_UOE_ENRA27(1.0),11/09/25 23:00:00,Annual,15 years,Females,Percentage,North Macedonia,2018,97.73,d,
ESTAT:EDUC_UOE_ENRA27(1.0),11/09/25 23:00:00,Annual,15 years,Females,Percentage,North Macedonia,2019,96.88,,
ESTAT:EDUC_UOE_ENRA27(1.0),11/09/25 23:00:00,Annual,15 years,Females,Percentage,North Macedonia,2020,,d,
ESTAT:EDUC_UOE_ENRA27(1.0),11/09/25 23:00:00,Annual,15 years,Females,Percentage,North Macedonia,2021,,d,
ESTAT:EDUC_UOE_ENRA27(1.0),11/09/25 23:00:00,Annual,15 years,Females,Percentage,North Macedonia,2022,,d,
ESTAT:EDUC_UOE_ENRA27(1.0),11/09/25 23:00:00,Annual,15 years,Females,Percentage,North Macedonia,2023,,d,
ESTAT:EDUC_UOE_ENRA27(1.0),11/09/25 23:00:00,Annual,15 years,Females,Percentage,Malta,2015,0.78,,
ESTAT:EDUC_UOE_ENRA27(1.0),11/09/25 23:00:00,Annual,15 years,Females,Percentage,Malta,2016,4.08,,
ESTAT:EDUC_UOE_ENRA27(1.0),11/09/25 23:00:00,Annual,15 years,Females,Percentage,Malta,2017,4.05,,
ESTAT:EDUC_UOE_ENRA27(1.0),11/09/25 23:00:00,Annual,15 years,Females,Percentage,Malta,2018,3.25,,
ESTAT:EDUC_UOE_ENRA27(1.0),11/09/25 23:00:00,Annual,15 years,Females,Percentage,Malta,2019,3.22,,
ESTAT:EDUC_UOE_ENRA27(1.0),11/09/25 23:00:00,Annual,15 years,Females,Percentage,Malta,2020,3.00,,
ESTAT:EDUC_UOE_ENRA27(1.0),11/09/25 23:00:00,Annual,15 years,Females,Percentage,Malta,2021,0.49,,
ESTAT:EDUC_UOE_ENRA27(1.0),11/09/25 23:00:00,Annual,15 years,Females,Percentage,Malta,2022,1.48,,
ESTAT:EDUC_UOE_ENRA27(1.0),11/09/25 23:00:00,Annual,15 years,Females,Percentage,Malta,2023,1.03,,
ESTAT:EDUC_UOE_ENRA27(1.0),11/09/25 23:00:00,Annual,15 years,Females,Percentage,Netherlands,2015,0.28,,
ESTAT:EDUC_UOE_ENRA27(1.0),11/09/25 23:00:00,Annual,15 years,Females,Percentage,Netherlands,2016,0.33,,
ESTAT:EDUC_UOE_ENRA27(1.0),11/09/25 23:00:00,Annual,15 years,Females,Percentage,Netherlands,2017,0.34,,
ESTAT:EDUC_UOE_ENRA27(1.0),11/09/25 23:00:00,Annual,15 years,Females,Percentage,Netherlands,2018,0.35,,
ESTAT:EDUC_UOE_ENRA27(1.0),11/09/25 23:00:00,Annual,15 years,Females,Percentage,Netherlands,2019,0.19,,
ESTAT:EDUC_UOE_ENRA27(1.0),11/09/25 23:00:00,Annual,15 years,Females,Percentage,Netherlands,2020,0.36,e,
ESTAT:EDUC_UOE_ENRA27(1.0),11/09/25 23:00:00,Annual,15 years,Females,Percentage,Netherlands,2021,0.32,e,
ESTAT:EDUC_UOE_ENRA27(1.0),11/09/25 23:00:00,Annual,15 years,Females,Percentage,Netherlands,2022,0.39,,
ESTAT:EDUC_UOE_ENRA27(1.0),11/09/25 23:00:00,Annual,15 years,Females,Percentage,Netherlands,2023,0.47,,
ESTAT:EDUC_UOE_ENRA27(1.0),11/09/25 23:00:00,Annual,15 years,Females,Percentage,Norway,2015,0.00,,
ESTAT:EDUC_UOE_ENRA27(1.0),11/09/25 23:00:00,Annual,15 years,Females,Percentage,Norway,2016,0.09,,
ESTAT:EDUC_UOE_ENRA27(1.0),11/09/25 23:00:00,Annual,15 years,Females,Percentage,Norway,2017,0.00,,
ESTAT:EDUC_UOE_ENRA27(1.0),11/09/25 23:00:00,Annual,15 years,Females,Percentage,Norway,2018,0.14,,
ESTAT:EDUC_UOE_ENRA27(1.0),11/09/25 23:00:00,Annual,15 years,Females,Percentage,Norway,2019,0.23,,
ESTAT:EDUC_UOE_ENRA27(1.0),11/09/25 23:00:00,Annual,15 years,Females,Percentage,Norway,2020,0.20,,
ESTAT:EDUC_UOE_ENRA27(1.0),11/09/25 23:00:00,Annual,15 years,Females,Percentage,Norway,2021,0.09,,
ESTAT:EDUC_UOE_ENRA27(1.0),11/09/25 23:00:00,Annual,15 years,Females,Percentage,Norway,2022,0.08,,
ESTAT:EDUC_UOE_ENRA27(1.0),11/09/25 23:00:00,Annual,15 years,Females,Percentage,Norway,2023,0.47,,
ESTAT:EDUC_UOE_ENRA27(1.0),11/09/25 23:00:00,Annual,15 years,Females,Percentage,Poland,2015,4.23,d,
ESTAT:EDUC_UOE_ENRA27(1.0),11/09/25 23:00:00,Annual,15 years,Females,Percentage,Poland,2016,4.42,d,
ESTAT:EDUC_UOE_ENRA27(1.0),11/09/25 23:00:00,Annual,15 years,Females,Percentage,Poland,2017,4.59,d,
ESTAT:EDUC_UOE_ENRA27(1.0),11/09/25 23:00:00,Annual,15 years,Females,Percentage,Poland,2018,4.48,e,
ESTAT:EDUC_UOE_ENRA27(1.0),11/09/25 23:00:00,Annual,15 years,Females,Percentage,Poland,2019,4.59,e,
ESTAT:EDUC_UOE_ENRA27(1.0),11/09/25 23:00:00,Annual,15 years,Females,Percentage,Poland,2020,4.42,e,
ESTAT:EDUC_UOE_ENRA27(1.0),11/09/25 23:00:00,Annual,15 years,Females,Percentage,Poland,2021,0.00,p,
ESTAT:EDUC_UOE_ENRA27(1.0),11/09/25 23:00:00,Annual,15 years,Females,Percentage,Poland,2022,0.00,p,
ESTAT:EDUC_UOE_ENRA27(1.0),11/09/25 23:00:00,Annual,15 years,Females,Percentage,Poland,2023,0.00,p,
ESTAT:EDUC_UOE_ENRA27(1.0),11/09/25 23:00:00,Annual,15 years,Females,Percentage,Portugal,2015,0.57,,
ESTAT:EDUC_UOE_ENRA27(1.0),11/09/25 23:00:00,Annual,15 years,Females,Percentage,Portugal,2016,1.85,,
ESTAT:EDUC_UOE_ENRA27(1.0),11/09/25 23:00:00,Annual,15 years,Females,Percentage,Portugal,2017,0.05,,
ESTAT:EDUC_UOE_ENRA27(1.0),11/09/25 23:00:00,Annual,15 years,Females,Percentage,Portugal,2018,0.00,,
ESTAT:EDUC_UOE_ENRA27(1.0),11/09/25 23:00:00,Annual,15 years,Females,Percentage,Portugal,2019,0.00,,
ESTAT:EDUC_UOE_ENRA27(1.0),11/09/25 23:00:00,Annual,15 years,Females,Percentage,Portugal,2020,0.00,,
ESTAT:EDUC_UOE_ENRA27(1.0),11/09/25 23:00:00,Annual,15 years,Females,Percentage,Portugal,2021,0.00,,
ESTAT:EDUC_UOE_ENRA27(1.0),11/09/25 23:00:00,Annual,15 years,Females,Percentage,Portugal,2022,0.00,,
ESTAT:EDUC_UOE_ENRA27(1.0),11/09/25 23:00:00,Annual,15 years,Females,Percentage,Portugal,2023,0.00,,
ESTAT:EDUC_UOE_ENRA27(1.0),11/09/25 23:00:00,Annual,15 years,Females,Percentage,Romania,2015,14.66,,
ESTAT:EDUC_UOE_ENRA27(1.0),11/09/25 23:00:00,Annual,15 years,Females,Percentage,Romania,2016,15.76,d,
ESTAT:EDUC_UOE_ENRA27(1.0),11/09/25 23:00:00,Annual,15 years,Females,Percentage,Romania,2017,15.46,d,
ESTAT:EDUC_UOE_ENRA27(1.0),11/09/25 23:00:00,Annual,15 years,Females,Percentage,Romania,2018,15.12,d,
ESTAT:EDUC_UOE_ENRA27(1.0),11/09/25 23:00:00,Annual,15 years,Females,Percentage,Romania,2019,17.14,d,
ESTAT:EDUC_UOE_ENRA27(1.0),11/09/25 23:00:00,Annual,15 years,Females,Percentage,Romania,2020,16.51,d,
ESTAT:EDUC_UOE_ENRA27(1.0),11/09/25 23:00:00,Annual,15 years,Females,Percentage,Romania,2021,17.11,d,
ESTAT:EDUC_UOE_ENRA27(1.0),11/09/25 23:00:00,Annual,15 years,Females,Percentage,Romania,2022,20.80,,
ESTAT:EDUC_UOE_ENRA27(1.0),11/09/25 23:00:00,Annual,15 years,Females,Percentage,Romania,2023,21.09,,
ESTAT:EDUC_UOE_ENRA27(1.0),11/09/25 23:00:00,Annual,15 years,Females,Percentage,Serbia,2015,4.84,,
ESTAT:EDUC_UOE_ENRA27(1.0),11/09/25 23:00:00,Annual,15 years,Females,Percentage,Serbia,2016,4.05,,
ESTAT:EDUC_UOE_ENRA27(1.0),11/09/25 23:00:00,Annual,15 years,Females,Percentage,Serbia,2017,7.23,,
ESTAT:EDUC_UOE_ENRA27(1.0),11/09/25 23:00:00,Annual,15 years,Females,Percentage,Serbia,2018,6.99,,
ESTAT:EDUC_UOE_ENRA27(1.0),11/09/25 23:00:00,Annual,15 years,Females,Percentage,Serbia,2019,5.94,,
ESTAT:EDUC_UOE_ENRA27(1.0),11/09/25 23:00:00,Annual,15 years,Females,Percentage,Serbia,2020,8.84,,
ESTAT:EDUC_UOE_ENRA27(1.0),11/09/25 23:00:00,Annual,15 years,Females,Percentage,Serbia,2021,6.03,,
ESTAT:EDUC_UOE_ENRA27(1.0),11/09/25 23:00:00,Annual,15 years,Females,Percentage,Serbia,2022,7.06,,
ESTAT:EDUC_UOE_ENRA27(1.0),11/09/25 23:00:00,Annual,15 years,Females,Percentage,Serbia,2023,6.37,,
ESTAT:EDUC_UOE_ENRA27(1.0),11/09/25 23:00:00,Annual,15 years,Females,Percentage,Sweden,2015,0.74,,
ESTAT:EDUC_UOE_ENRA27(1.0),11/09/25 23:00:00,Annual,15 years,Females,Percentage,Sweden,2016,0.32,,
ESTAT:EDUC_UOE_ENRA27(1.0),11/09/25 23:00:00,Annual,15 years,Females,Percentage,Sweden,2017,0.00,,
ESTAT:EDUC_UOE_ENRA27(1.0),11/09/25 23:00:00,Annual,15 years,Females,Percentage,Sweden,2018,0.51,,
ESTAT:EDUC_UOE_ENRA27(1.0),11/09/25 23:00:00,Annual,15 years,Females,Percentage,Sweden,2019,0.83,,
ESTAT:EDUC_UOE_ENRA27(1.0),11/09/25 23:00:00,Annual,15 years,Females,Percentage,Sweden,2020,0.56,,
ESTAT:EDUC_UOE_ENRA27(1.0),11/09/25 23:00:00,Annual,15 years,Females,Percentage,Sweden,2021,0.53,,
ESTAT:EDUC_UOE_ENRA27(1.0),11/09/25 23:00:00,Annual,15 years,Females,Percentage,Sweden,2022,0.27,,
ESTAT:EDUC_UOE_ENRA27(1.0),11/09/25 23:00:00,Annual,15 years,Females,Percentage,Sweden,2023,0.49,,
ESTAT:EDUC_UOE_ENRA27(1.0),11/09/25 23:00:00,Annual,15 years,Females,Percentage,Slovenia,2015,2.89,d,
ESTAT:EDUC_UOE_ENRA27(1.0),11/09/25 23:00:00,Annual,15 years,Females,Percentage,Slovenia,2016,2.48,d,
ESTAT:EDUC_UOE_ENRA27(1.0),11/09/25 23:00:00,Annual,15 years,Females,Percentage,Slovenia,2017,3.38,d,
ESTAT:EDUC_UOE_ENRA27(1.0),11/09/25 23:00:00,Annual,15 years,Females,Percentage,Slovenia,2018,1.74,,
ESTAT:EDUC_UOE_ENRA27(1.0),11/09/25 23:00:00,Annual,15 years,Females,Percentage,Slovenia,2019,2.05,,
ESTAT:EDUC_UOE_ENRA27(1.0),11/09/25 23:00:00,Annual,15 years,Females,Percentage,Slovenia,2020,2.96,,
ESTAT:EDUC_UOE_ENRA27(1.0),11/09/25 23:00:00,Annual,15 years,Females,Percentage,Slovenia,2021,2.43,,
ESTAT:EDUC_UOE_ENRA27(1.0),11/09/25 23:00:00,Annual,15 years,Females,Percentage,Slovenia,2022,2.21,,
ESTAT:EDUC_UOE_ENRA27(1.0),11/09/25 23:00:00,Annual,15 years,Females,Percentage,Slovenia,2023,1.42,,
ESTAT:EDUC_UOE_ENRA27(1.0),11/09/25 23:00:00,Annual,15 years,Females,Percentage,Slovakia,2015,2.50,,
ESTAT:EDUC_UOE_ENRA27(1.0),11/09/25 23:00:00,Annual,15 years,Females,Percentage,Slovakia,2016,2.09,,
ESTAT:EDUC_UOE_ENRA27(1.0),11/09/25 23:00:00,Annual,15 years,Females,Percentage,Slovakia,2017,1.95,,
ESTAT:EDUC_UOE_ENRA27(1.0),11/09/25 23:00:00,Annual,15 years,Females,Percentage,Slovakia,2018,2.90,,
ESTAT:EDUC_UOE_ENRA27(1.0),11/09/25 23:00:00,Annual,15 years,Females,Percentage,Slovakia,2019,1.73,,
ESTAT:EDUC_UOE_ENRA27(1.0),11/09/25 23:00:00,Annual,15 years,Females,Percentage,Slovakia,2020,2.72,,
ESTAT:EDUC_UOE_ENRA27(1.0),11/09/25 23:00:00,Annual,15 years,Females,Percentage,Slovakia,2021,2.05,,
ESTAT:EDUC_UOE_ENRA27(1.0),11/09/25 23:00:00,Annual,15 years,Females,Percentage,Slovakia,2022,3.17,,
ESTAT:EDUC_UOE_ENRA27(1.0),11/09/25 23:00:00,Annual,15 years,Females,Percentage,Slovakia,2023,2.25,,
ESTAT:EDUC_UOE_ENRA27(1.0),11/09/25 23:00:00,Annual,15 years,Females,Percentage,Türkiye,2015,10.85,,
ESTAT:EDUC_UOE_ENRA27(1.0),11/09/25 23:00:00,Annual,15 years,Females,Percentage,Türkiye,2016,9.45,,
ESTAT:EDUC_UOE_ENRA27(1.0),11/09/25 23:00:00,Annual,15 years,Females,Percentage,Türkiye,2017,8.94,,
ESTAT:EDUC_UOE_ENRA27(1.0),11/09/25 23:00:00,Annual,15 years,Females,Percentage,Türkiye,2018,8.02,,
ESTAT:EDUC_UOE_ENRA27(1.0),11/09/25 23:00:00,Annual,15 years,Females,Percentage,Türkiye,2019,8.47,,
ESTAT:EDUC_UOE_ENRA27(1.0),11/09/25 23:00:00,Annual,15 years,Females,Percentage,Türkiye,2020,6.57,,
ESTAT:EDUC_UOE_ENRA27(1.0),11/09/25 23:00:00,Annual,15 years,Females,Percentage,Türkiye,2021,5.59,,
ESTAT:EDUC_UOE_ENRA27(1.0),11/09/25 23:00:00,Annual,15 years,Females,Percentage,Türkiye,2022,5.21,,
ESTAT:EDUC_UOE_ENRA27(1.0),11/09/25 23:00:00,Annual,15 years,Females,Percentage,Türkiye,2023,0.00,,
ESTAT:EDUC_UOE_ENRA27(1.0),11/09/25 23:00:00,Annual,15 years,Females,Percentage,United Kingdom,2015,0.54,d,
ESTAT:EDUC_UOE_ENRA27(1.0),11/09/25 23:00:00,Annual,15 years,Females,Percentage,United Kingdom,2016,0.16,d,
ESTAT:EDUC_UOE_ENRA27(1.0),11/09/25 23:00:00,Annual,15 years,Females,Percentage,United Kingdom,2017,0.00,d,
ESTAT:EDUC_UOE_ENRA27(1.0),11/09/25 23:00:00,Annual,15 years,Females,Percentage,United Kingdom,2018,1.49,d,
ESTAT:EDUC_UOE_ENRA27(1.0),11/09/25 23:00:00,Annual,15 years,Females,Percentage,United Kingdom,2019,1.14,d,
ESTAT:EDUC_UOE_ENRA27(1.0),11/09/25 23:00:00,Annual,15 years,Males,Percentage,Albania,2021,7.10,,
ESTAT:EDUC_UOE_ENRA27(1.0),11/09/25 23:00:00,Annual,15 years,Males,Percentage,Albania,2022,3.37,,
ESTAT:EDUC_UOE_ENRA27(1.0),11/09/25 23:00:00,Annual,15 years,Males,Percentage,Albania,2023,3.46,,
ESTAT:EDUC_UOE_ENRA27(1.0),11/09/25 23:00:00,Annual,15 years,Males,Percentage,Austria,2015,6.15,,
ESTAT:EDUC_UOE_ENRA27(1.0),11/09/25 23:00:00,Annual,15 years,Males,Percentage,Austria,2016,7.63,,
ESTAT:EDUC_UOE_ENRA27(1.0),11/09/25 23:00:00,Annual,15 years,Males,Percentage,Austria,2017,7.50,,
ESTAT:EDUC_UOE_ENRA27(1.0),11/09/25 23:00:00,Annual,15 years,Males,Percentage,Austria,2018,6.38,,
ESTAT:EDUC_UOE_ENRA27(1.0),11/09/25 23:00:00,Annual,15 years,Males,Percentage,Austria,2019,6.00,,
ESTAT:EDUC_UOE_ENRA27(1.0),11/09/25 23:00:00,Annual,15 years,Males,Percentage,Austria,2020,5.71,,
ESTAT:EDUC_UOE_ENRA27(1.0),11/09/25 23:00:00,Annual,15 years,Males,Percentage,Austria,2021,5.54,,
ESTAT:EDUC_UOE_ENRA27(1.0),11/09/25 23:00:00,Annual,15 years,Males,Percentage,Austria,2022,6.02,,
ESTAT:EDUC_UOE_ENRA27(1.0),11/09/25 23:00:00,Annual,15 years,Males,Percentage,Austria,2023,6.65,,
ESTAT:EDUC_UOE_ENRA27(1.0),11/09/25 23:00:00,Annual,15 years,Males,Percentage,Belgium,2015,1.93,,
ESTAT:EDUC_UOE_ENRA27(1.0),11/09/25 23:00:00,Annual,15 years,Males,Percentage,Belgium,2016,2.09,,
ESTAT:EDUC_UOE_ENRA27(1.0),11/09/25 23:00:00,Annual,15 years,Males,Percentage,Belgium,2017,0.77,,
ESTAT:EDUC_UOE_ENRA27(1.0),11/09/25 23:00:00,Annual,15 years,Males,Percentage,Belgium,2018,0.69,,
ESTAT:EDUC_UOE_ENRA27(1.0),11/09/25 23:00:00,Annual,15 years,Males,Percentage,Belgium,2019,0.78,,
ESTAT:EDUC_UOE_ENRA27(1.0),11/09/25 23:00:00,Annual,15 years,Males,Percentage,Belgium,2020,0.94,bd,
ESTAT:EDUC_UOE_ENRA27(1.0),11/09/25 23:00:00,Annual,15 years,Males,Percentage,Belgium,2021,0.35,,
ESTAT:EDUC_UOE_ENRA27(1.0),11/09/25 23:00:00,Annual,15 years,Males,Percentage,Belgium,2022,0.61,,
ESTAT:EDUC_UOE_ENRA27(1.0),11/09/25 23:00:00,Annual,15 years,Males,Percentage,Belgium,2023,0.54,,
ESTAT:EDUC_UOE_ENRA27(1.0),11/09/25 23:00:00,Annual,15 years,Males,Percentage,Bulgaria,2015,0.16,,
ESTAT:EDUC_UOE_ENRA27(1.0),11/09/25 23:00:00,Annual,15 years,Males,Percentage,Bulgaria,2016,3.55,,
ESTAT:EDUC_UOE_ENRA27(1.0),11/09/25 23:00:00,Annual,15 years,Males,Percentage,Bulgaria,2017,2.70,,
ESTAT:EDUC_UOE_ENRA27(1.0),11/09/25 23:00:00,Annual,15 years,Males,Percentage,Bulgaria,2018,1.21,,
ESTAT:EDUC_UOE_ENRA27(1.0),11/09/25 23:00:00,Annual,15 years,Males,Percentage,Bulgaria,2019,3.83,,
ESTAT:EDUC_UOE_ENRA27(1.0),11/09/25 23:00:00,Annual,15 years,Males,Percentage,Bulgaria,2020,2.29,,
ESTAT:EDUC_UOE_ENRA27(1.0),11/09/25 23:00:00,Annual,15 years,Males,Percentage,Bulgaria,2021,4.57,,
ESTAT:EDUC_UOE_ENRA27(1.0),11/09/25 23:00:00,Annual,15 years,Males,Percentage,Bulgaria,2022,5.62,,
ESTAT:EDUC_UOE_ENRA27(1.0),11/09/25 23:00:00,Annual,15 years,Males,Percentage,Bulgaria,2023,7.76,,
ESTAT:EDUC_UOE_ENRA27(1.0),11/09/25 23:00:00,Annual,15 years,Males,Percentage,Switzerland,2015,1.55,,
ESTAT:EDUC_UOE_ENRA27(1.0),11/09/25 23:00:00,Annual,15 years,Males,Percentage,Switzerland,2016,1.64,,
ESTAT:EDUC_UOE_ENRA27(1.0),11/09/25 23:00:00,Annual,15 years,Males,Percentage,Switzerland,2017,1.57,,
ESTAT:EDUC_UOE_ENRA27(1.0),11/09/25 23:00:00,Annual,15 years,Males,Percentage,Switzerland,2018,1.52,,
ESTAT:EDUC_UOE_ENRA27(1.0),11/09/25 23:00:00,Annual,15 years,Males,Percentage,Switzerland,2019,1.72,,
ESTAT:EDUC_UOE_ENRA27(1.0),11/09/25 23:00:00,Annual,15 years,Males,Percentage,Switzerland,2020,1.74,,
ESTAT:EDUC_UOE_ENRA27(1.0),11/09/25 23:00:00,Annual,15 years,Males,Percentage,Switzerland,2021,1.54,,
ESTAT:EDUC_UOE_ENRA27(1.0),11/09/25 23:00:00,Annual,15 years,Males,Percentage,Switzerland,2022,1.33,,
ESTAT:EDUC_UOE_ENRA27(1.0),11/09/25 23:00:00,Annual,15 years,Males,Percentage,Switzerland,2023,0.54,,
ESTAT:EDUC_UOE_ENRA27(1.0),11/09/25 23:00:00,Annual,15 years,Males,Percentage,Cyprus,2015,0.00,,
ESTAT:EDUC_UOE_ENRA27(1.0),11/09/25 23:00:00,Annual,15 years,Males,Percentage,Cyprus,2016,3.68,,
ESTAT:EDUC_UOE_ENRA27(1.0),11/09/25 23:00:00,Annual,15 years,Males,Percentage,Cyprus,2017,4.44,,
ESTAT:EDUC_UOE_ENRA27(1.0),11/09/25 23:00:00,Annual,15 years,Males,Percentage,Cyprus,2018,1.32,,
ESTAT:EDUC_UOE_ENRA27(1.0),11/09/25 23:00:00,Annual,15 years,Males,Percentage,Cyprus,2019,4.58,,
ESTAT:EDUC_UOE_ENRA27(1.0),11/09/25 23:00:00,Annual,15 years,Males,Percentage,Cyprus,2020,1.26,,
ESTAT:EDUC_UOE_ENRA27(1.0),11/09/25 23:00:00,Annual,15 years,Males,Percentage,Cyprus,2021,0.00,,
ESTAT:EDUC_UOE_ENRA27(1.0),11/09/25 23:00:00,Annual,15 years,Males,Percentage,Cyprus,2022,0.20,,
ESTAT:EDUC_UOE_ENRA27(1.0),11/09/25 23:00:00,Annual,15 years,Males,Percentage,Cyprus,2023,0.00,,
ESTAT:EDUC_UOE_ENRA27(1.0),11/09/25 23:00:00,Annual,15 years,Males,Percentage,Czechia,2015,0.82,,
ESTAT:EDUC_UOE_ENRA27(1.0),11/09/25 23:00:00,Annual,15 years,Males,Percentage,Czechia,2016,0.34,,
ESTAT:EDUC_UOE_ENRA27(1.0),11/09/25 23:00:00,Annual,15 years,Males,Percentage,Czechia,2017,1.34,,
ESTAT:EDUC_UOE_ENRA27(1.0),11/09/25 23:00:00,Annual,15 years,Males,Percentage,Czechia,2018,,d,
ESTAT:EDUC_UOE_ENRA27(1.0),11/09/25 23:00:00,Annual,15 years,Males,Percentage,Czechia,2019,,d,
ESTAT:EDUC_UOE_ENRA27(1.0),11/09/25 23:00:00,Annual,15 years,Males,Percentage,Czechia,2020,,d,
ESTAT:EDUC_UOE_ENRA27(1.0),11/09/25 23:00:00,Annual,15 years,Males,Percentage,Czechia,2021,0.26,,
ESTAT:EDUC_UOE_ENRA27(1.0),11/09/25 23:00:00,Annual,15 years,Males,Percentage,Czechia,2022,0.00,,
ESTAT:EDUC_UOE_ENRA27(1.0),11/09/25 23:00:00,Annual,15 years,Males,Percentage,Czechia,2023,0.59,d,
ESTAT:EDUC_UOE_ENRA27(1.0),11/09/25 23:00:00,Annual,15 years,Males,Percentage,Germany,2015,1.19,d,
ESTAT:EDUC_UOE_ENRA27(1.0),11/09/25 23:00:00,Annual,15 years,Males,Percentage,Germany,2016,3.11,d,
ESTAT:EDUC_UOE_ENRA27(1.0),11/09/25 23:00:00,Annual,15 years,Males,Percentage,Germany,2017,1.95,d,
ESTAT:EDUC_UOE_ENRA27(1.0),11/09/25 23:00:00,Annual,15 years,Males,Percentage,Germany,2018,2.04,d,
ESTAT:EDUC_UOE_ENRA27(1.0),11/09/25 23:00:00,Annual,15 years,Males,Percentage,Germany,2019,2.00,,
ESTAT:EDUC_UOE_ENRA27(1.0),11/09/25 23:00:00,Annual,15 years,Males,Percentage,Germany,2020,2.31,bd,
ESTAT:EDUC_UOE_ENRA27(1.0),11/09/25 23:00:00,Annual,15 years,Males,Percentage,Germany,2021,0.00,,
ESTAT:EDUC_UOE_ENRA27(1.0),11/09/25 23:00:00,Annual,15 years,Males,Percentage,Germany,2022,2.53,,
ESTAT:EDUC_UOE_ENRA27(1.0),11/09/25 23:00:00,Annual,15 years,Males,Percentage,Germany,2023,1.42,,
ESTAT:EDUC_UOE_ENRA27(1.0),11/09/25 23:00:00,Annual,15 years,Males,Percentage,Denmark,2015,0.96,,
ESTAT:EDUC_UOE_ENRA27(1.0),11/09/25 23:00:00,Annual,15 years,Males,Percentage,Denmark,2016,1.22,,
ESTAT:EDUC_UOE_ENRA27(1.0),11/09/25 23:00:00,Annual,15 years,Males,Percentage,Denmark,2017,0.97,,
ESTAT:EDUC_UOE_ENRA27(1.0),11/09/25 23:00:00,Annual,15 years,Males,Percentage,Denmark,2018,0.80,,
ESTAT:EDUC_UOE_ENRA27(1.0),11/09/25 23:00:00,Annual,15 years,Males,Percentage,Denmark,2019,0.83,,
ESTAT:EDUC_UOE_ENRA27(1.0),11/09/25 23:00:00,Annual,15 years,Males,Percentage,Denmark,2020,0.69,,
ESTAT:EDUC_UOE_ENRA27(1.0),11/09/25 23:00:00,Annual,15 years,Males,Percentage,Denmark,2021,0.69,,
ESTAT:EDUC_UOE_ENRA27(1.0),11/09/25 23:00:00,Annual,15 years,Males,Percentage,Denmark,2022,1.03,,
ESTAT:EDUC_UOE_ENRA27(1.0),11/09/25 23:00:00,Annual,15 years,Males,Percentage,Denmark,2023,1.27,,
ESTAT:EDUC_UOE_ENRA27(1.0),11/09/25 23:00:00,Annual,15 years,Males,Percentage,Estonia,2015,2.35,,
ESTAT:EDUC_UOE_ENRA27(1.0),11/09/25 23:00:00,Annual,15 years,Males,Percentage,Estonia,2016,2.22,,
ESTAT:EDUC_UOE_ENRA27(1.0),11/09/25 23:00:00,Annual,15 years,Males,Percentage,Estonia,2017,2.12,,
ESTAT:EDUC_UOE_ENRA27(1.0),11/09/25 23:00:00,Annual,15 years,Males,Percentage,Estonia,2018,2.35,,
ESTAT:EDUC_UOE_ENRA27(1.0),11/09/25 23:00:00,Annual,15 years,Males,Percentage,Estonia,2019,2.29,,
ESTAT:EDUC_UOE_ENRA27(1.0),11/09/25 23:00:00,Annual,15 years,Males,Percentage,Estonia,2020,2.30,,
ESTAT:EDUC_UOE_ENRA27(1.0),11/09/25 23:00:00,Annual,15 years,Males,Percentage,Estonia,2021,1.76,,
ESTAT:EDUC_UOE_ENRA27(1.0),11/09/25 23:00:00,Annual,15 years,Males,Percentage,Estonia,2022,1.54,,
ESTAT:EDUC_UOE_ENRA27(1.0),11/09/25 23:00:00,Annual,15 years,Males,Percentage,Estonia,2023,2.48,,
ESTAT:EDUC_UOE_ENRA27(1.0),11/09/25 23:00:00,Annual,15 years,Males,Percentage,Greece,2015,6.47,,
ESTAT:EDUC_UOE_ENRA27(1.0),11/09/25 23:00:00,Annual,15 years,Males,Percentage,Greece,2016,3.51,,
ESTAT:EDUC_UOE_ENRA27(1.0),11/09/25 23:00:00,Annual,15 years,Males,Percentage,Greece,2017,5.42,,
ESTAT:EDUC_UOE_ENRA27(1.0),11/09/25 23:00:00,Annual,15 years,Males,Percentage,Greece,2018,6.81,,
ESTAT:EDUC_UOE_ENRA27(1.0),11/09/25 23:00:00,Annual,15 years,Males,Percentage,Greece,2019,1.01,,
ESTAT:EDUC_UOE_ENRA27(1.0),11/09/25 23:00:00,Annual,15 years,Males,Percentage,Greece,2020,6.40,,
ESTAT:EDUC_UOE_ENRA27(1.0),11/09/25 23:00:00,Annual,15 years,Males,Percentage,Greece,2021,5.00,,
ESTAT:EDUC_UOE_ENRA27(1.0),11/09/25 23:00:00,Annual,15 years,Males,Percentage,Greece,2022,1.49,,
ESTAT:EDUC_UOE_ENRA27(1.0),11/09/25 23:00:00,Annual,15 years,Males,Percentage,Greece,2023,2.89,,
ESTAT:EDUC_UOE_ENRA27(1.0),11/09/25 23:00:00,Annual,15 years,Males,Percentage,Spain,2015,2.92,,
ESTAT:EDUC_UOE_ENRA27(1.0),11/09/25 23:00:00,Annual,15 years,Males,Percentage,Spain,2016,3.07,,
ESTAT:EDUC_UOE_ENRA27(1.0),11/09/25 23:00:00,Annual,15 years,Males,Percentage,Spain,2017,3.01,,
ESTAT:EDUC_UOE_ENRA27(1.0),11/09/25 23:00:00,Annual,15 years,Males,Percentage,Spain,2018,2.76,,
ESTAT:EDUC_UOE_ENRA27(1.0),11/09/25 23:00:00,Annual,15 years,Males,Percentage,Spain,2019,2.66,,
ESTAT:EDUC_UOE_ENRA27(1.0),11/09/25 23:00:00,Annual,15 years,Males,Percentage,Spain,2020,2.32,,
ESTAT:EDUC_UOE_ENRA27(1.0),11/09/25 23:00:00,Annual,15 years,Males,Percentage,Spain,2021,2.32,,
ESTAT:EDUC_UOE_ENRA27(1.0),11/09/25 23:00:00,Annual,15 years,Males,Percentage,Spain,2022,2.80,,
ESTAT:EDUC_UOE_ENRA27(1.0),11/09/25 23:00:00,Annual,15 years,Males,Percentage,Spain,2023,2.79,,
ESTAT:EDUC_UOE_ENRA27(1.0),11/09/25 23:00:00,Annual,15 years,Males,Percentage,European Union - 27 countries (from 2020),2015,2.75,,
ESTAT:EDUC_UOE_ENRA27(1.0),11/09/25 23:00:00,Annual,15 years,Males,Percentage,European Union - 27 countries (from 2020),2016,3.31,,
ESTAT:EDUC_UOE_ENRA27(1.0),11/09/25 23:00:00,Annual,15 years,Males,Percentage,European Union - 27 countries (from 2020),2017,2.92,,
ESTAT:EDUC_UOE_ENRA27(1.0),11/09/25 23:00:00,Annual,15 years,Males,Percentage,European Union - 27 countries (from 2020),2018,2.73,,
ESTAT:EDUC_UOE_ENRA27(1.0),11/09/25 23:00:00,Annual,15 years,Males,Percentage,European Union - 27 countries (from 2020),2019,2.64,,
ESTAT:EDUC_UOE_ENRA27(1.0),11/09/25 23:00:00,Annual,15 years,Males,Percentage,European Union - 27 countries (from 2020),2020,2.80,,
ESTAT:EDUC_UOE_ENRA27(1.0),11/09/25 23:00:00,Annual,15 years,Males,Percentage,European Union - 27 countries (from 2020),2021,2.24,,
ESTAT:EDUC_UOE_ENRA27(1.0),11/09/25 23:00:00,Annual,15 years,Males,Percentage,European Union - 27 countries (from 2020),2022,2.95,,
ESTAT:EDUC_UOE_ENRA27(1.0),11/09/25 23:00:00,Annual,15 years,Males,Percentage,European Union - 27 countries (from 2020),2023,2.60,,
ESTAT:EDUC_UOE_ENRA27(1.0),11/09/25 23:00:00,Annual,15 years,Males,Percentage,European Union - 28 countries (2013-2020),2015,2.49,,
ESTAT:EDUC_UOE_ENRA27(1.0),11/09/25 23:00:00,Annual,15 years,Males,Percentage,European Union - 28 countries (2013-2020),2016,2.91,,
ESTAT:EDUC_UOE_ENRA27(1.0),11/09/25 23:00:00,Annual,15 years,Males,Percentage,European Union - 28 countries (2013-2020),2017,2.55,,
ESTAT:EDUC_UOE_ENRA27(1.0),11/09/25 23:00:00,Annual,15 years,Males,Percentage,European Union - 28 countries (2013-2020),2018,2.61,,
ESTAT:EDUC_UOE_ENRA27(1.0),11/09/25 23:00:00,Annual,15 years,Males,Percentage,European Union - 28 countries (2013-2020),2019,2.45,,
ESTAT:EDUC_UOE_ENRA27(1.0),11/09/25 23:00:00,Annual,15 years,Males,Percentage,Finland,2015,2.07,,
ESTAT:EDUC_UOE_ENRA27(1.0),11/09/25 23:00:00,Annual,15 years,Males,Percentage,Finland,2016,1.71,,
ESTAT:EDUC_UOE_ENRA27(1.0),11/09/25 23:00:00,Annual,15 years,Males,Percentage,Finland,2017,1.27,,
ESTAT:EDUC_UOE_ENRA27(1.0),11/09/25 23:00:00,Annual,15 years,Males,Percentage,Finland,2018,1.12,,
ESTAT:EDUC_UOE_ENRA27(1.0),11/09/25 23:00:00,Annual,15 years,Males,Percentage,Finland,2019,1.74,,
ESTAT:EDUC_UOE_ENRA27(1.0),11/09/25 23:00:00,Annual,15 years,Males,Percentage,Finland,2020,1.42,,
ESTAT:EDUC_UOE_ENRA27(1.0),11/09/25 23:00:00,Annual,15 years,Males,Percentage,Finland,2021,0.94,,
ESTAT:EDUC_UOE_ENRA27(1.0),11/09/25 23:00:00,Annual,15 years,Males,Percentage,Finland,2022,1.34,,
ESTAT:EDUC_UOE_ENRA27(1.0),11/09/25 23:00:00,Annual,15 years,Males,Percentage,Finland,2023,1.13,,
ESTAT:EDUC_UOE_ENRA27(1.0),11/09/25 23:00:00,Annual,15 years,Males,Percentage,France,2015,2.69,,
ESTAT:EDUC_UOE_ENRA27(1.0),11/09/25 23:00:00,Annual,15 years,Males,Percentage,France,2016,2.87,,
ESTAT:EDUC_UOE_ENRA27(1.0),11/09/25 23:00:00,Annual,15 years,Males,Percentage,France,2017,2.77,,
ESTAT:EDUC_UOE_ENRA27(1.0),11/09/25 23:00:00,Annual,15 years,Males,Percentage,France,2018,2.00,p,
ESTAT:EDUC_UOE_ENRA27(1.0),11/09/25 23:00:00,Annual,15 years,Males,Percentage,France,2019,1.76,,
ESTAT:EDUC_UOE_ENRA27(1.0),11/09/25 23:00:00,Annual,15 years,Males,Percentage,France,2020,2.01,,
ESTAT:EDUC_UOE_ENRA27(1.0),11/09/25 23:00:00,Annual,15 years,Males,Percentage,France,2021,2.45,,
ESTAT:EDUC_UOE_ENRA27(1.0),11/09/25 23:00:00,Annual,15 years,Males,Percentage,France,2022,2.58,,
ESTAT:EDUC_UOE_ENRA27(1.0),11/09/25 23:00:00,Annual,15 years,Males,Percentage,France,2023,2.37,bdp,
ESTAT:EDUC_UOE_ENRA27(1.0),11/09/25 23:00:00,Annual,15 years,Males,Percentage,Croatia,2015,0.00,,
ESTAT:EDUC_UOE_ENRA27(1.0),11/09/25 23:00:00,Annual,15 years,Males,Percentage,Croatia,2016,0.00,,
ESTAT:EDUC_UOE_ENRA27(1.0),11/09/25 23:00:00,Annual,15 years,Males,Percentage,Croatia,2017,0.00,,
ESTAT:EDUC_UOE_ENRA27(1.0),11/09/25 23:00:00,Annual,15 years,Males,Percentage,Croatia,2018,0.00,,
ESTAT:EDUC_UOE_ENRA27(1.0),11/09/25 23:00:00,Annual,15 years,Males,Percentage,Croatia,2019,0.00,,
ESTAT:EDUC_UOE_ENRA27(1.0),11/09/25 23:00:00,Annual,15 years,Males,Percentage,Croatia,2020,0.00,,
ESTAT:EDUC_UOE_ENRA27(1.0),11/09/25 23:00:00,Annual,15 years,Males,Percentage,Croatia,2021,0.00,,
ESTAT:EDUC_UOE_ENRA27(1.0),11/09/25 23:00:00,Annual,15 years,Males,Percentage,Croatia,2022,0.00,,
ESTAT:EDUC_UOE_ENRA27(1.0),11/09/25 23:00:00,Annual,15 years,Males,Percentage,Croatia,2023,0.00,,
ESTAT:EDUC_UOE_ENRA27(1.0),11/09/25 23:00:00,Annual,15 years,Males,Percentage,Hungary,2015,2.60,,
ESTAT:EDUC_UOE_ENRA27(1.0),11/09/25 23:00:00,Annual,15 years,Males,Percentage,Hungary,2016,4.01,,
ESTAT:EDUC_UOE_ENRA27(1.0),11/09/25 23:00:00,Annual,15 years,Males,Percentage,Hungary,2017,2.31,,
ESTAT:EDUC_UOE_ENRA27(1.0),11/09/25 23:00:00,Annual,15 years,Males,Percentage,Hungary,2018,3.88,,
ESTAT:EDUC_UOE_ENRA27(1.0),11/09/25 23:00:00,Annual,15 years,Males,Percentage,Hungary,2019,3.81,,
ESTAT:EDUC_UOE_ENRA27(1.0),11/09/25 23:00:00,Annual,15 years,Males,Percentage,Hungary,2020,3.69,,
ESTAT:EDUC_UOE_ENRA27(1.0),11/09/25 23:00:00,Annual,15 years,Males,Percentage,Hungary,2021,6.15,,
ESTAT:EDUC_UOE_ENRA27(1.0),11/09/25 23:00:00,Annual,15 years,Males,Percentage,Hungary,2022,7.08,,
ESTAT:EDUC_UOE_ENRA27(1.0),11/09/25 23:00:00,Annual,15 years,Males,Percentage,Hungary,2023,3.34,,
ESTAT:EDUC_UOE_ENRA27(1.0),11/09/25 23:00:00,Annual,15 years,Males,Percentage,Ireland,2015,0.00,d,
ESTAT:EDUC_UOE_ENRA27(1.0),11/09/25 23:00:00,Annual,15 years,Males,Percentage,Ireland,2016,0.00,d,
ESTAT:EDUC_UOE_ENRA27(1.0),11/09/25 23:00:00,Annual,15 years,Males,Percentage,Ireland,2017,0.00,d,
ESTAT:EDUC_UOE_ENRA27(1.0),11/09/25 23:00:00,Annual,15 years,Males,Percentage,Ireland,2018,0.00,d,
ESTAT:EDUC_UOE_ENRA27(1.0),11/09/25 23:00:00,Annual,15 years,Males,Percentage,Ireland,2019,0.00,,
ESTAT:EDUC_UOE_ENRA27(1.0),11/09/25 23:00:00,Annual,15 years,Males,Percentage,Ireland,2020,0.00,,
ESTAT:EDUC_UOE_ENRA27(1.0),11/09/25 23:00:00,Annual,15 years,Males,Percentage,Ireland,2021,0.00,,
ESTAT:EDUC_UOE_ENRA27(1.0),11/09/25 23:00:00,Annual,15 years,Males,Percentage,Ireland,2022,0.00,,
ESTAT:EDUC_UOE_ENRA27(1.0),11/09/25 23:00:00,Annual,15 years,Males,Percentage,Ireland,2023,0.00,,
ESTAT:EDUC_UOE_ENRA27(1.0),11/09/25 23:00:00,Annual,15 years,Males,Percentage,Iceland,2015,0.57,,
ESTAT:EDUC_UOE_ENRA27(1.0),11/09/25 23:00:00,Annual,15 years,Males,Percentage,Iceland,2016,0.58,,
ESTAT:EDUC_UOE_ENRA27(1.0),11/09/25 23:00:00,Annual,15 years,Males,Percentage,Iceland,2017,0.19,,
ESTAT:EDUC_UOE_ENRA27(1.0),11/09/25 23:00:00,Annual,15 years,Males,Percentage,Iceland,2018,1.28,,
ESTAT:EDUC_UOE_ENRA27(1.0),11/09/25 23:00:00,Annual,15 years,Males,Percentage,Iceland,2019,0.83,,
ESTAT:EDUC_UOE_ENRA27(1.0),11/09/25 23:00:00,Annual,15 years,Males,Percentage,Iceland,2020,1.26,,
ESTAT:EDUC_UOE_ENRA27(1.0),11/09/25 23:00:00,Annual,15 years,Males,Percentage,Iceland,2021,1.07,,
ESTAT:EDUC_UOE_ENRA27(1.0),11/09/25 23:00:00,Annual,15 years,Males,Percentage,Iceland,2022,1.16,,
ESTAT:EDUC_UOE_ENRA27(1.0),11/09/25 23:00:00,Annual,15 years,Males,Percentage,Iceland,2023,1.83,,
ESTAT:EDUC_UOE_ENRA27(1.0),11/09/25 23:00:00,Annual,15 years,Males,Percentage,Italy,2015,1.50,,
ESTAT:EDUC_UOE_ENRA27(1.0),11/09/25 23:00:00,Annual,15 years,Males,Percentage,Italy,2016,2.16,,
ESTAT:EDUC_UOE_ENRA27(1.0),11/09/25 23:00:00,Annual,15 years,Males,Percentage,Italy,2017,1.05,d,
ESTAT:EDUC_UOE_ENRA27(1.0),11/09/25 23:00:00,Annual,15 years,Males,Percentage,Italy,2018,0.78,d,
ESTAT:EDUC_UOE_ENRA27(1.0),11/09/25 23:00:00,Annual,15 years,Males,Percentage,Italy,2019,0.58,d,
ESTAT:EDUC_UOE_ENRA27(1.0),11/09/25 23:00:00,Annual,15 years,Males,Percentage,Italy,2020,0.86,,
ESTAT:EDUC_UOE_ENRA27(1.0),11/09/25 23:00:00,Annual,15 years,Males,Percentage,Italy,2021,1.63,,
ESTAT:EDUC_UOE_ENRA27(1.0),11/09/25 23:00:00,Annual,15 years,Males,Percentage,Italy,2022,2.53,,
ESTAT:EDUC_UOE_ENRA27(1.0),11/09/25 23:00:00,Annual,15 years,Males,Percentage,Italy,2023,1.47,,
ESTAT:EDUC_UOE_ENRA27(1.0),11/09/25 23:00:00,Annual,15 years,Males,Percentage,Liechtenstein,2015,2.13,,
ESTAT:EDUC_UOE_ENRA27(1.0),11/09/25 23:00:00,Annual,15 years,Males,Percentage,Liechtenstein,2016,5.61,,
ESTAT:EDUC_UOE_ENRA27(1.0),11/09/25 23:00:00,Annual,15 years,Males,Percentage,Liechtenstein,2017,0.00,,
ESTAT:EDUC_UOE_ENRA27(1.0),11/09/25 23:00:00,Annual,15 years,Males,Percentage,Liechtenstein,2018,0.51,,
ESTAT:EDUC_UOE_ENRA27(1.0),11/09/25 23:00:00,Annual,15 years,Males,Percentage,Liechtenstein,2019,0.00,,
ESTAT:EDUC_UOE_ENRA27(1.0),11/09/25 23:00:00,Annual,15 years,Males,Percentage,Liechtenstein,2020,1.94,,
ESTAT:EDUC_UOE_ENRA27(1.0),11/09/25 23:00:00,Annual,15 years,Males,Percentage,Liechtenstein,2021,0.00,,
ESTAT:EDUC_UOE_ENRA27(1.0),11/09/25 23:00:00,Annual,15 years,Males,Percentage,Liechtenstein,2022,2.04,,
ESTAT:EDUC_UOE_ENRA27(1.0),11/09/25 23:00:00,Annual,15 years,Males,Percentage,Lithuania,2015,1.48,,
ESTAT:EDUC_UOE_ENRA27(1.0),11/09/25 23:00:00,Annual,15 years,Males,Percentage,Lithuania,2016,0.80,,
ESTAT:EDUC_UOE_ENRA27(1.0),11/09/25 23:00:00,Annual,15 years,Males,Percentage,Lithuania,2017,1.04,,
ESTAT:EDUC_UOE_ENRA27(1.0),11/09/25 23:00:00,Annual,15 years,Males,Percentage,Lithuania,2018,0.00,,
ESTAT:EDUC_UOE_ENRA27(1.0),11/09/25 23:00:00,Annual,15 years,Males,Percentage,Lithuania,2019,1.24,,
ESTAT:EDUC_UOE_ENRA27(1.0),11/09/25 23:00:00,Annual,15 years,Males,Percentage,Lithuania,2020,0.13,,
ESTAT:EDUC_UOE_ENRA27(1.0),11/09/25 23:00:00,Annual,15 years,Males,Percentage,Lithuania,2021,0.00,,
ESTAT:EDUC_UOE_ENRA27(1.0),11/09/25 23:00:00,Annual,15 years,Males,Percentage,Lithuania,2022,0.00,,
ESTAT:EDUC_UOE_ENRA27(1.0),11/09/25 23:00:00,Annual,15 years,Males,Percentage,Lithuania,2023,0.00,,
ESTAT:EDUC_UOE_ENRA27(1.0),11/09/25 23:00:00,Annual,15 years,Males,Percentage,Luxembourg,2015,6.35,,
ESTAT:EDUC_UOE_ENRA27(1.0),11/09/25 23:00:00,Annual,15 years,Males,Percentage,Luxembourg,2016,8.62,,
ESTAT:EDUC_UOE_ENRA27(1.0),11/09/25 23:00:00,Annual,15 years,Males,Percentage,Luxembourg,2017,5.90,,
ESTAT:EDUC_UOE_ENRA27(1.0),11/09/25 23:00:00,Annual,15 years,Males,Percentage,Luxembourg,2018,6.60,,
ESTAT:EDUC_UOE_ENRA27(1.0),11/09/25 23:00:00,Annual,15 years,Males,Percentage,Luxembourg,2019,4.81,,
ESTAT:EDUC_UOE_ENRA27(1.0),11/09/25 23:00:00,Annual,15 years,Males,Percentage,Luxembourg,2020,5.18,,
ESTAT:EDUC_UOE_ENRA27(1.0),11/09/25 23:00:00,Annual,15 years,Males,Percentage,Luxembourg,2021,5.65,,
ESTAT:EDUC_UOE_ENRA27(1.0),11/09/25 23:00:00,Annual,15 years,Males,Percentage,Luxembourg,2022,3.69,,
ESTAT:EDUC_UOE_ENRA27(1.0),11/09/25 23:00:00,Annual,15 years,Males,Percentage,Luxembourg,2023,3.55,,
ESTAT:EDUC_UOE_ENRA27(1.0),11/09/25 23:00:00,Annual,15 years,Males,Percentage,Latvia,2015,1.47,,
ESTAT:EDUC_UOE_ENRA27(1.0),11/09/25 23:00:00,Annual,15 years,Males,Percentage,Latvia,2016,1.83,,
ESTAT:EDUC_UOE_ENRA27(1.0),11/09/25 23:00:00,Annual,15 years,Males,Percentage,Latvia,2017,0.53,,
ESTAT:EDUC_UOE_ENRA27(1.0),11/09/25 23:00:00,Annual,15 years,Males,Percentage,Latvia,2018,0.00,,
ESTAT:EDUC_UOE_ENRA27(1.0),11/09/25 23:00:00,Annual,15 years,Males,Percentage,Latvia,2019,2.23,,
ESTAT:EDUC_UOE_ENRA27(1.0),11/09/25 23:00:00,Annual,15 years,Males,Percentage,Latvia,2020,2.33,,
ESTAT:EDUC_UOE_ENRA27(1.0),11/09/25 23:00:00,Annual,15 years,Males,Percentage,Latvia,2021,1.66,,
ESTAT:EDUC_UOE_ENRA27(1.0),11/09/25 23:00:00,Annual,15 years,Males,Percentage,Latvia,2022,1.95,,
ESTAT:EDUC_UOE_ENRA27(1.0),11/09/25 23:00:00,Annual,15 years,Males,Percentage,Latvia,2023,2.71,,
ESTAT:EDUC_UOE_ENRA27(1.0),11/09/25 23:00:00,Annual,15 years,Males,Percentage,Montenegro,2015,0.29,d,
ESTAT:EDUC_UOE_ENRA27(1.0),11/09/25 23:00:00,Annual,15 years,Males,Percentage,Montenegro,2016,3.99,,
ESTAT:EDUC_UOE_ENRA27(1.0),11/09/25 23:00:00,Annual,15 years,Males,Percentage,Montenegro,2017,5.28,,
ESTAT:EDUC_UOE_ENRA27(1.0),11/09/25 23:00:00,Annual,15 years,Males,Percentage,Montenegro,2018,7.21,,
ESTAT:EDUC_UOE_ENRA27(1.0),11/09/25 23:00:00,Annual,15 years,Males,Percentage,Montenegro,2019,6.33,,
ESTAT:EDUC_UOE_ENRA27(1.0),11/09/25 23:00:00,Annual,15 years,Males,Percentage,Montenegro,2020,7.17,,
ESTAT:EDUC_UOE_ENRA27(1.0),11/09/25 23:00:00,Annual,15 years,Males,Percentage,Montenegro,2021,6.25,,
ESTAT:EDUC_UOE_ENRA27(1.0),11/09/25 23:00:00,Annual,15 years,Males,Percentage,Montenegro,2023,3.66,,
ESTAT:EDUC_UOE_ENRA27(1.0),11/09/25 23:00:00,Annual,15 years,Males,Percentage,North Macedonia,2015,,d,
ESTAT:EDUC_UOE_ENRA27(1.0),11/09/25 23:00:00,Annual,15 years,Males,Percentage,North Macedonia,2016,,d,
ESTAT:EDUC_UOE_ENRA27(1.0),11/09/25 23:00:00,Annual,15 years,Males,Percentage,North Macedonia,2017,,d,
ESTAT:EDUC_UOE_ENRA27(1.0),11/09/25 23:00:00,Annual,15 years,Males,Percentage,North Macedonia,2018,96.51,d,
ESTAT:EDUC_UOE_ENRA27(1.0),11/09/25 23:00:00,Annual,15 years,Males,Percentage,North Macedonia,2019,96.27,,
ESTAT:EDUC_UOE_ENRA27(1.0),11/09/25 23:00:00,Annual,15 years,Males,Percentage,North Macedonia,2020,,d,
ESTAT:EDUC_UOE_ENRA27(1.0),11/09/25 23:00:00,Annual,15 years,Males,Percentage,North Macedonia,2021,,d,
ESTAT:EDUC_UOE_ENRA27(1.0),11/09/25 23:00:00,Annual,15 years,Males,Percentage,North Macedonia,2022,,d,
ESTAT:EDUC_UOE_ENRA27(1.0),11/09/25 23:00:00,Annual,15 years,Males,Percentage,North Macedonia,2023,,d,
ESTAT:EDUC_UOE_ENRA27(1.0),11/09/25 23:00:00,Annual,15 years,Males,Percentage,Malta,2015,5.44,,
ESTAT:EDUC_UOE_ENRA27(1.0),11/09/25 23:00:00,Annual,15 years,Males,Percentage,Malta,2016,11.68,,
ESTAT:EDUC_UOE_ENRA27(1.0),11/09/25 23:00:00,Annual,15 years,Males,Percentage,Malta,2017,10.67,,
ESTAT:EDUC_UOE_ENRA27(1.0),11/09/25 23:00:00,Annual,15 years,Males,Percentage,Malta,2018,11.12,,
ESTAT:EDUC_UOE_ENRA27(1.0),11/09/25 23:00:00,Annual,15 years,Males,Percentage,Malta,2019,7.44,,
ESTAT:EDUC_UOE_ENRA27(1.0),11/09/25 23:00:00,Annual,15 years,Males,Percentage,Malta,2020,5.96,,
ESTAT:EDUC_UOE_ENRA27(1.0),11/09/25 23:00:00,Annual,15 years,Males,Percentage,Malta,2021,1.82,,
ESTAT:EDUC_UOE_ENRA27(1.0),11/09/25 23:00:00,Annual,15 years,Males,Percentage,Malta,2022,2.37,,
ESTAT:EDUC_UOE_ENRA27(1.0),11/09/25 23:00:00,Annual,15 years,Males,Percentage,Malta,2023,2.26,,
ESTAT:EDUC_UOE_ENRA27(1.0),11/09/25 23:00:00,Annual,15 years,Males,Percentage,Netherlands,2015,0.48,,
ESTAT:EDUC_UOE_ENRA27(1.0),11/09/25 23:00:00,Annual,15 years,Males,Percentage,Netherlands,2016,0.44,,
ESTAT:EDUC_UOE_ENRA27(1.0),11/09/25 23:00:00,Annual,15 years,Males,Percentage,Netherlands,2017,0.61,,
ESTAT:EDUC_UOE_ENRA27(1.0),11/09/25 23:00:00,Annual,15 years,Males,Percentage,Netherlands,2018,0.70,,
ESTAT:EDUC_UOE_ENRA27(1.0),11/09/25 23:00:00,Annual,15 years,Males,Percentage,Netherlands,2019,0.51,,
ESTAT:EDUC_UOE_ENRA27(1.0),11/09/25 23:00:00,Annual,15 years,Males,Percentage,Netherlands,2020,0.69,e,
ESTAT:EDUC_UOE_ENRA27(1.0),11/09/25 23:00:00,Annual,15 years,Males,Percentage,Netherlands,2021,0.64,e,
ESTAT:EDUC_UOE_ENRA27(1.0),11/09/25 23:00:00,Annual,15 years,Males,Percentage,Netherlands,2022,0.77,,
ESTAT:EDUC_UOE_ENRA27(1.0),11/09/25 23:00:00,Annual,15 years,Males,Percentage,Netherlands,2023,0.69,,
ESTAT:EDUC_UOE_ENRA27(1.0),11/09/25 23:00:00,Annual,15 years,Males,Percentage,Norway,2015,0.00,,
ESTAT:EDUC_UOE_ENRA27(1.0),11/09/25 23:00:00,Annual,15 years,Males,Percentage,Norway,2016,0.00,,
ESTAT:EDUC_UOE_ENRA27(1.0),11/09/25 23:00:00,Annual,15 years,Males,Percentage,Norway,2017,0.00,,
ESTAT:EDUC_UOE_ENRA27(1.0),11/09/25 23:00:00,Annual,15 years,Males,Percentage,Norway,2018,0.00,,
ESTAT:EDUC_UOE_ENRA27(1.0),11/09/25 23:00:00,Annual,15 years,Males,Percentage,Norway,2019,0.13,,
ESTAT:EDUC_UOE_ENRA27(1.0),11/09/25 23:00:00,Annual,15 years,Males,Percentage,Norway,2020,0.08,,
ESTAT:EDUC_UOE_ENRA27(1.0),11/09/25 23:00:00,Annual,15 years,Males,Percentage,Norway,2021,0.04,,
ESTAT:EDUC_UOE_ENRA27(1.0),11/09/25 23:00:00,Annual,15 years,Males,Percentage,Norway,2022,0.14,,
ESTAT:EDUC_UOE_ENRA27(1.0),11/09/25 23:00:00,Annual,15 years,Males,Percentage,Norway,2023,0.57,,
ESTAT:EDUC_UOE_ENRA27(1.0),11/09/25 23:00:00,Annual,15 years,Males,Percentage,Poland,2015,4.14,d,
ESTAT:EDUC_UOE_ENRA27(1.0),11/09/25 23:00:00,Annual,15 years,Males,Percentage,Poland,2016,4.38,d,
ESTAT:EDUC_UOE_ENRA27(1.0),11/09/25 23:00:00,Annual,15 years,Males,Percentage,Poland,2017,4.54,d,
ESTAT:EDUC_UOE_ENRA27(1.0),11/09/25 23:00:00,Annual,15 years,Males,Percentage,Poland,2018,4.66,e,
ESTAT:EDUC_UOE_ENRA27(1.0),11/09/25 23:00:00,Annual,15 years,Males,Percentage,Poland,2019,4.75,e,
ESTAT:EDUC_UOE_ENRA27(1.0),11/09/25 23:00:00,Annual,15 years,Males,Percentage,Poland,2020,4.52,e,
ESTAT:EDUC_UOE_ENRA27(1.0),11/09/25 23:00:00,Annual,15 years,Males,Percentage,Poland,2021,0.00,p,
ESTAT:EDUC_UOE_ENRA27(1.0),11/09/25 23:00:00,Annual,15 years,Males,Percentage,Poland,2022,0.00,p,
ESTAT:EDUC_UOE_ENRA27(1.0),11/09/25 23:00:00,Annual,15 years,Males,Percentage,Poland,2023,0.00,p,
ESTAT:EDUC_UOE_ENRA27(1.0),11/09/25 23:00:00,Annual,15 years,Males,Percentage,Portugal,2015,0.44,,
ESTAT:EDUC_UOE_ENRA27(1.0),11/09/25 23:00:00,Annual,15 years,Males,Percentage,Portugal,2016,1.92,,
ESTAT:EDUC_UOE_ENRA27(1.0),11/09/25 23:00:00,Annual,15 years,Males,Percentage,Portugal,2017,0.47,,
ESTAT:EDUC_UOE_ENRA27(1.0),11/09/25 23:00:00,Annual,15 years,Males,Percentage,Portugal,2018,0.23,,
ESTAT:EDUC_UOE_ENRA27(1.0),11/09/25 23:00:00,Annual,15 years,Males,Percentage,Portugal,2019,0.00,,
ESTAT:EDUC_UOE_ENRA27(1.0),11/09/25 23:00:00,Annual,15 years,Males,Percentage,Portugal,2020,0.00,,
ESTAT:EDUC_UOE_ENRA27(1.0),11/09/25 23:00:00,Annual,15 years,Males,Percentage,Portugal,2021,0.00,,
ESTAT:EDUC_UOE_ENRA27(1.0),11/09/25 23:00:00,Annual,15 years,Males,Percentage,Portugal,2022,0.00,,
ESTAT:EDUC_UOE_ENRA27(1.0),11/09/25 23:00:00,Annual,15 years,Males,Percentage,Portugal,2023,0.00,,
ESTAT:EDUC_UOE_ENRA27(1.0),11/09/25 23:00:00,Annual,15 years,Males,Percentage,Romania,2015,15.08,,
ESTAT:EDUC_UOE_ENRA27(1.0),11/09/25 23:00:00,Annual,15 years,Males,Percentage,Romania,2016,15.58,d,
ESTAT:EDUC_UOE_ENRA27(1.0),11/09/25 23:00:00,Annual,15 years,Males,Percentage,Romania,2017,16.36,d,
ESTAT:EDUC_UOE_ENRA27(1.0),11/09/25 23:00:00,Annual,15 years,Males,Percentage,Romania,2018,15.70,d,
ESTAT:EDUC_UOE_ENRA27(1.0),11/09/25 23:00:00,Annual,15 years,Males,Percentage,Romania,2019,17.34,d,
ESTAT:EDUC_UOE_ENRA27(1.0),11/09/25 23:00:00,Annual,15 years,Males,Percentage,Romania,2020,17.09,d,
ESTAT:EDUC_UOE_ENRA27(1.0),11/09/25 23:00:00,Annual,15 years,Males,Percentage,Romania,2021,17.39,d,
ESTAT:EDUC_UOE_ENRA27(1.0),11/09/25 23:00:00,Annual,15 years,Males,Percentage,Romania,2022,20.12,,
ESTAT:EDUC_UOE_ENRA27(1.0),11/09/25 23:00:00,Annual,15 years,Males,Percentage,Romania,2023,20.66,,
ESTAT:EDUC_UOE_ENRA27(1.0),11/09/25 23:00:00,Annual,15 years,Males,Percentage,Serbia,2015,3.43,,
ESTAT:EDUC_UOE_ENRA27(1.0),11/09/25 23:00:00,Annual,15 years,Males,Percentage,Serbia,2016,3.24,,
ESTAT:EDUC_UOE_ENRA27(1.0),11/09/25 23:00:00,Annual,15 years,Males,Percentage,Serbia,2017,6.20,,
ESTAT:EDUC_UOE_ENRA27(1.0),11/09/25 23:00:00,Annual,15 years,Males,Percentage,Serbia,2018,4.15,,
ESTAT:EDUC_UOE_ENRA27(1.0),11/09/25 23:00:00,Annual,15 years,Males,Percentage,Serbia,2019,5.58,,
ESTAT:EDUC_UOE_ENRA27(1.0),11/09/25 23:00:00,Annual,15 years,Males,Percentage,Serbia,2020,7.10,,
ESTAT:EDUC_UOE_ENRA27(1.0),11/09/25 23:00:00,Annual,15 years,Males,Percentage,Serbia,2021,6.31,,
ESTAT:EDUC_UOE_ENRA27(1.0),11/09/25 23:00:00,Annual,15 years,Males,Percentage,Serbia,2022,6.50,,
ESTAT:EDUC_UOE_ENRA27(1.0),11/09/25 23:00:00,Annual,15 years,Males,Percentage,Serbia,2023,4.01,,
ESTAT:EDUC_UOE_ENRA27(1.0),11/09/25 23:00:00,Annual,15 years,Males,Percentage,Sweden,2015,0.27,,
ESTAT:EDUC_UOE_ENRA27(1.0),11/09/25 23:00:00,Annual,15 years,Males,Percentage,Sweden,2016,0.00,,
ESTAT:EDUC_UOE_ENRA27(1.0),11/09/25 23:00:00,Annual,15 years,Males,Percentage,Sweden,2017,0.00,,
ESTAT:EDUC_UOE_ENRA27(1.0),11/09/25 23:00:00,Annual,15 years,Males,Percentage,Sweden,2018,0.00,,
ESTAT:EDUC_UOE_ENRA27(1.0),11/09/25 23:00:00,Annual,15 years,Males,Percentage,Sweden,2019,0.50,,
ESTAT:EDUC_UOE_ENRA27(1.0),11/09/25 23:00:00,Annual,15 years,Males,Percentage,Sweden,2020,0.46,,
ESTAT:EDUC_UOE_ENRA27(1.0),11/09/25 23:00:00,Annual,15 years,Males,Percentage,Sweden,2021,0.21,,
ESTAT:EDUC_UOE_ENRA27(1.0),11/09/25 23:00:00,Annual,15 years,Males,Percentage,Sweden,2022,0.39,,
ESTAT:EDUC_UOE_ENRA27(1.0),11/09/25 23:00:00,Annual,15 years,Males,Percentage,Sweden,2023,0.17,,
ESTAT:EDUC_UOE_ENRA27(1.0),11/09/25 23:00:00,Annual,15 years,Males,Percentage,Slovenia,2015,2.48,d,
ESTAT:EDUC_UOE_ENRA27(1.0),11/09/25 23:00:00,Annual,15 years,Males,Percentage,Slovenia,2016,2.42,d,
ESTAT:EDUC_UOE_ENRA27(1.0),11/09/25 23:00:00,Annual,15 years,Males,Percentage,Slovenia,2017,2.76,d,
ESTAT:EDUC_UOE_ENRA27(1.0),11/09/25 23:00:00,Annual,15 years,Males,Percentage,Slovenia,2018,1.40,,
ESTAT:EDUC_UOE_ENRA27(1.0),11/09/25 23:00:00,Annual,15 years,Males,Percentage,Slovenia,2019,1.48,,
ESTAT:EDUC_UOE_ENRA27(1.0),11/09/25 23:00:00,Annual,15 years,Males,Percentage,Slovenia,2020,2.12,,
ESTAT:EDUC_UOE_ENRA27(1.0),11/09/25 23:00:00,Annual,15 years,Males,Percentage,Slovenia,2021,1.87,,
ESTAT:EDUC_UOE_ENRA27(1.0),11/09/25 23:00:00,Annual,15 years,Males,Percentage,Slovenia,2022,2.25,,
ESTAT:EDUC_UOE_ENRA27(1.0),11/09/25 23:00:00,Annual,15 years,Males,Percentage,Slovenia,2023,1.83,,
ESTAT:EDUC_UOE_ENRA27(1.0),11/09/25 23:00:00,Annual,15 years,Males,Percentage,Slovakia,2015,1.59,,
ESTAT:EDUC_UOE_ENRA27(1.0),11/09/25 23:00:00,Annual,15 years,Males,Percentage,Slovakia,2016,1.95,,
ESTAT:EDUC_UOE_ENRA27(1.0),11/09/25 23:00:00,Annual,15 years,Males,Percentage,Slovakia,2017,2.09,,
ESTAT:EDUC_UOE_ENRA27(1.0),11/09/25 23:00:00,Annual,15 years,Males,Percentage,Slovakia,2018,1.81,,
ESTAT:EDUC_UOE_ENRA27(1.0),11/09/25 23:00:00,Annual,15 years,Males,Percentage,Slovakia,2019,1.77,,
ESTAT:EDUC_UOE_ENRA27(1.0),11/09/25 23:00:00,Annual,15 years,Males,Percentage,Slovakia,2020,2.12,,
ESTAT:EDUC_UOE_ENRA27(1.0),11/09/25 23:00:00,Annual,15 years,Males,Percentage,Slovakia,2021,2.07,,
ESTAT:EDUC_UOE_ENRA27(1.0),11/09/25 23:00:00,Annual,15 years,Males,Percentage,Slovakia,2022,3.23,,
ESTAT:EDUC_UOE_ENRA27(1.0),11/09/25 23:00:00,Annual,15 years,Males,Percentage,Slovakia,2023,2.41,,
ESTAT:EDUC_UOE_ENRA27(1.0),11/09/25 23:00:00,Annual,15 years,Males,Percentage,Türkiye,2015,9.57,,
ESTAT:EDUC_UOE_ENRA27(1.0),11/09/25 23:00:00,Annual,15 years,Males,Percentage,Türkiye,2016,9.70,,
ESTAT:EDUC_UOE_ENRA27(1.0),11/09/25 23:00:00,Annual,15 years,Males,Percentage,Türkiye,2017,6.30,,
ESTAT:EDUC_UOE_ENRA27(1.0),11/09/25 23:00:00,Annual,15 years,Males,Percentage,Türkiye,2018,7.89,,
ESTAT:EDUC_UOE_ENRA27(1.0),11/09/25 23:00:00,Annual,15 years,Males,Percentage,Türkiye,2019,6.14,,
ESTAT:EDUC_UOE_ENRA27(1.0),11/09/25 23:00:00,Annual,15 years,Males,Percentage,Türkiye,2020,5.36,,
ESTAT:EDUC_UOE_ENRA27(1.0),11/09/25 23:00:00,Annual,15 years,Males,Percentage,Türkiye,2021,4.30,,
ESTAT:EDUC_UOE_ENRA27(1.0),11/09/25 23:00:00,Annual,15 years,Males,Percentage,Türkiye,2022,4.17,,
ESTAT:EDUC_UOE_ENRA27(1.0),11/09/25 23:00:00,Annual,15 years,Males,Percentage,Türkiye,2023,0.00,,
ESTAT:EDUC_UOE_ENRA27(1.0),11/09/25 23:00:00,Annual,15 years,Males,Percentage,United Kingdom,2015,0.86,d,
ESTAT:EDUC_UOE_ENRA27(1.0),11/09/25 23:00:00,Annual,15 years,Males,Percentage,United Kingdom,2016,0.31,d,
ESTAT:EDUC_UOE_ENRA27(1.0),11/09/25 23:00:00,Annual,15 years,Males,Percentage,United Kingdom,2017,0.13,d,
ESTAT:EDUC_UOE_ENRA27(1.0),11/09/25 23:00:00,Annual,15 years,Males,Percentage,United Kingdom,2018,1.81,d,
ESTAT:EDUC_UOE_ENRA27(1.0),11/09/25 23:00:00,Annual,15 years,Males,Percentage,United Kingdom,2019,1.30,d,
ESTAT:EDUC_UOE_ENRA27(1.0),11/09/25 23:00:00,Annual,15 years,Total,Percentage,Albania,2021,9.09,,
ESTAT:EDUC_UOE_ENRA27(1.0),11/09/25 23:00:00,Annual,15 years,Total,Percentage,Albania,2022,6.56,d,
ESTAT:EDUC_UOE_ENRA27(1.0),11/09/25 23:00:00,Annual,15 years,Total,Percentage,Albania,2023,3.68,d,
ESTAT:EDUC_UOE_ENRA27(1.0),11/09/25 23:00:00,Annual,15 years,Total,Percentage,Austria,2015,5.42,,
ESTAT:EDUC_UOE_ENRA27(1.0),11/09/25 23:00:00,Annual,15 years,Total,Percentage,Austria,2016,6.21,,
ESTAT:EDUC_UOE_ENRA27(1.0),11/09/25 23:00:00,Annual,15 years,Total,Percentage,Austria,2017,6.07,,
ESTAT:EDUC_UOE_ENRA27(1.0),11/09/25 23:00:00,Annual,15 years,Total,Percentage,Austria,2018,5.49,,
ESTAT:EDUC_UOE_ENRA27(1.0),11/09/25 23:00:00,Annual,15 years,Total,Percentage,Austria,2019,5.28,,
ESTAT:EDUC_UOE_ENRA27(1.0),11/09/25 23:00:00,Annual,15 years,Total,Percentage,Austria,2020,4.90,,
ESTAT:EDUC_UOE_ENRA27(1.0),11/09/25 23:00:00,Annual,15 years,Total,Percentage,Austria,2021,4.72,,
ESTAT:EDUC_UOE_ENRA27(1.0),11/09/25 23:00:00,Annual,15 years,Total,Percentage,Austria,2022,5.26,,
ESTAT:EDUC_UOE_ENRA27(1.0),11/09/25 23:00:00,Annual,15 years,Total,Percentage,Austria,2023,6.02,,
ESTAT:EDUC_UOE_ENRA27(1.0),11/09/25 23:00:00,Annual,15 years,Total,Percentage,Belgium,2015,1.85,,
ESTAT:EDUC_UOE_ENRA27(1.0),11/09/25 23:00:00,Annual,15 years,Total,Percentage,Belgium,2016,1.93,,
ESTAT:EDUC_UOE_ENRA27(1.0),11/09/25 23:00:00,Annual,15 years,Total,Percentage,Belgium,2017,0.93,,
ESTAT:EDUC_UOE_ENRA27(1.0),11/09/25 23:00:00,Annual,15 years,Total,Percentage,Belgium,2018,0.78,,
ESTAT:EDUC_UOE_ENRA27(1.0),11/09/25 23:00:00,Annual,15 years,Total,Percentage,Belgium,2019,0.82,,
ESTAT:EDUC_UOE_ENRA27(1.0),11/09/25 23:00:00,Annual,15 years,Total,Percentage,Belgium,2020,0.87,bd,
ESTAT:EDUC_UOE_ENRA27(1.0),11/09/25 23:00:00,Annual,15 years,Total,Percentage,Belgium,2021,0.38,,
ESTAT:EDUC_UOE_ENRA27(1.0),11/09/25 23:00:00,Annual,15 years,Total,Percentage,Belgium,2022,0.57,,
ESTAT:EDUC_UOE_ENRA27(1.0),11/09/25 23:00:00,Annual,15 years,Total,Percentage,Belgium,2023,0.63,,
ESTAT:EDUC_UOE_ENRA27(1.0),11/09/25 23:00:00,Annual,15 years,Total,Percentage,Bulgaria,2015,2.72,,
ESTAT:EDUC_UOE_ENRA27(1.0),11/09/25 23:00:00,Annual,15 years,Total,Percentage,Bulgaria,2016,6.51,,
ESTAT:EDUC_UOE_ENRA27(1.0),11/09/25 23:00:00,Annual,15 years,Total,Percentage,Bulgaria,2017,5.46,,
ESTAT:EDUC_UOE_ENRA27(1.0),11/09/25 23:00:00,Annual,15 years,Total,Percentage,Bulgaria,2018,4.40,,
ESTAT:EDUC_UOE_ENRA27(1.0),11/09/25 23:00:00,Annual,15 years,Total,Percentage,Bulgaria,2019,5.84,,
ESTAT:EDUC_UOE_ENRA27(1.0),11/09/25 23:00:00,Annual,15 years,Total,Percentage,Bulgaria,2020,4.12,,
ESTAT:EDUC_UOE_ENRA27(1.0),11/09/25 23:00:00,Annual,15 years,Total,Percentage,Bulgaria,2021,5.86,,
ESTAT:EDUC_UOE_ENRA27(1.0),11/09/25 23:00:00,Annual,15 years,Total,Percentage,Bulgaria,2022,6.99,,
ESTAT:EDUC_UOE_ENRA27(1.0),11/09/25 23:00:00,Annual,15 years,Total,Percentage,Bulgaria,2023,8.99,,
ESTAT:EDUC_UOE_ENRA27(1.0),11/09/25 23:00:00,Annual,15 years,Total,Percentage,Switzerland,2015,2.09,,
ESTAT:EDUC_UOE_ENRA27(1.0),11/09/25 23:00:00,Annual,15 years,Total,Percentage,Switzerland,2016,2.19,,
ESTAT:EDUC_UOE_ENRA27(1.0),11/09/25 23:00:00,Annual,15 years,Total,Percentage,Switzerland,2017,2.26,,
ESTAT:EDUC_UOE_ENRA27(1.0),11/09/25 23:00:00,Annual,15 years,Total,Percentage,Switzerland,2018,2.11,,
ESTAT:EDUC_UOE_ENRA27(1.0),11/09/25 23:00:00,Annual,15 years,Total,Percentage,Switzerland,2019,2.32,,
ESTAT:EDUC_UOE_ENRA27(1.0),11/09/25 23:00:00,Annual,15 years,Total,Percentage,Switzerland,2020,2.10,,
ESTAT:EDUC_UOE_ENRA27(1.0),11/09/25 23:00:00,Annual,15 years,Total,Percentage,Switzerland,2021,2.00,,
ESTAT:EDUC_UOE_ENRA27(1.0),11/09/25 23:00:00,Annual,15 years,Total,Percentage,Switzerland,2022,1.91,,
ESTAT:EDUC_UOE_ENRA27(1.0),11/09/25 23:00:00,Annual,15 years,Total,Percentage,Switzerland,2023,1.08,,
ESTAT:EDUC_UOE_ENRA27(1.0),11/09/25 23:00:00,Annual,15 years,Total,Percentage,Cyprus,2015,0.21,,
ESTAT:EDUC_UOE_ENRA27(1.0),11/09/25 23:00:00,Annual,15 years,Total,Percentage,Cyprus,2016,4.42,,
ESTAT:EDUC_UOE_ENRA27(1.0),11/09/25 23:00:00,Annual,15 years,Total,Percentage,Cyprus,2017,4.77,,
ESTAT:EDUC_UOE_ENRA27(1.0),11/09/25 23:00:00,Annual,15 years,Total,Percentage,Cyprus,2018,2.88,,
ESTAT:EDUC_UOE_ENRA27(1.0),11/09/25 23:00:00,Annual,15 years,Total,Percentage,Cyprus,2019,4.62,,
ESTAT:EDUC_UOE_ENRA27(1.0),11/09/25 23:00:00,Annual,15 years,Total,Percentage,Cyprus,2020,2.32,,
ESTAT:EDUC_UOE_ENRA27(1.0),11/09/25 23:00:00,Annual,15 years,Total,Percentage,Cyprus,2021,0.00,,
ESTAT:EDUC_UOE_ENRA27(1.0),11/09/25 23:00:00,Annual,15 years,Total,Percentage,Cyprus,2022,0.00,,
ESTAT:EDUC_UOE_ENRA27(1.0),11/09/25 23:00:00,Annual,15 years,Total,Percentage,Cyprus,2023,0.00,,
ESTAT:EDUC_UOE_ENRA27(1.0),11/09/25 23:00:00,Annual,15 years,Total,Percentage,Czechia,2015,0.76,,
ESTAT:EDUC_UOE_ENRA27(1.0),11/09/25 23:00:00,Annual,15 years,Total,Percentage,Czechia,2016,0.37,,
ESTAT:EDUC_UOE_ENRA27(1.0),11/09/25 23:00:00,Annual,15 years,Total,Percentage,Czechia,2017,1.36,,
ESTAT:EDUC_UOE_ENRA27(1.0),11/09/25 23:00:00,Annual,15 years,Total,Percentage,Czechia,2018,,d,
ESTAT:EDUC_UOE_ENRA27(1.0),11/09/25 23:00:00,Annual,15 years,Total,Percentage,Czechia,2019,,d,
ESTAT:EDUC_UOE_ENRA27(1.0),11/09/25 23:00:00,Annual,15 years,Total,Percentage,Czechia,2020,,d,
ESTAT:EDUC_UOE_ENRA27(1.0),11/09/25 23:00:00,Annual,15 years,Total,Percentage,Czechia,2021,0.34,,
ESTAT:EDUC_UOE_ENRA27(1.0),11/09/25 23:00:00,Annual,15 years,Total,Percentage,Czechia,2022,0.12,,
ESTAT:EDUC_UOE_ENRA27(1.0),11/09/25 23:00:00,Annual,15 years,Total,Percentage,Czechia,2023,1.27,d,
ESTAT:EDUC_UOE_ENRA27(1.0),11/09/25 23:00:00,Annual,15 years,Total,Percentage,Germany,2015,0.95,d,
ESTAT:EDUC_UOE_ENRA27(1.0),11/09/25 23:00:00,Annual,15 years,Total,Percentage,Germany,2016,2.46,d,
ESTAT:EDUC_UOE_ENRA27(1.0),11/09/25 23:00:00,Annual,15 years,Total,Percentage,Germany,2017,1.68,d,
ESTAT:EDUC_UOE_ENRA27(1.0),11/09/25 23:00:00,Annual,15 years,Total,Percentage,Germany,2018,1.66,d,
ESTAT:EDUC_UOE_ENRA27(1.0),11/09/25 23:00:00,Annual,15 years,Total,Percentage,Germany,2019,1.66,,
ESTAT:EDUC_UOE_ENRA27(1.0),11/09/25 23:00:00,Annual,15 years,Total,Percentage,Germany,2020,1.90,bd,
ESTAT:EDUC_UOE_ENRA27(1.0),11/09/25 23:00:00,Annual,15 years,Total,Percentage,Germany,2021,0.00,,
ESTAT:EDUC_UOE_ENRA27(1.0),11/09/25 23:00:00,Annual,15 years,Total,Percentage,Germany,2022,2.00,,
ESTAT:EDUC_UOE_ENRA27(1.0),11/09/25 23:00:00,Annual,15 years,Total,Percentage,Germany,2023,1.19,,
ESTAT:EDUC_UOE_ENRA27(1.0),11/09/25 23:00:00,Annual,15 years,Total,Percentage,Denmark,2015,0.93,,
ESTAT:EDUC_UOE_ENRA27(1.0),11/09/25 23:00:00,Annual,15 years,Total,Percentage,Denmark,2016,1.14,,
ESTAT:EDUC_UOE_ENRA27(1.0),11/09/25 23:00:00,Annual,15 years,Total,Percentage,Denmark,2017,0.94,,
ESTAT:EDUC_UOE_ENRA27(1.0),11/09/25 23:00:00,Annual,15 years,Total,Percentage,Denmark,2018,0.84,,
ESTAT:EDUC_UOE_ENRA27(1.0),11/09/25 23:00:00,Annual,15 years,Total,Percentage,Denmark,2019,0.80,,
ESTAT:EDUC_UOE_ENRA27(1.0),11/09/25 23:00:00,Annual,15 years,Total,Percentage,Denmark,2020,0.69,,
ESTAT:EDUC_UOE_ENRA27(1.0),11/09/25 23:00:00,Annual,15 years,Total,Percentage,Denmark,2021,0.69,,
ESTAT:EDUC_UOE_ENRA27(1.0),11/09/25 23:00:00,Annual,15 years,Total,Percentage,Denmark,2022,1.03,,
ESTAT:EDUC_UOE_ENRA27(1.0),11/09/25 23:00:00,Annual,15 years,Total,Percentage,Denmark,2023,1.32,,
ESTAT:EDUC_UOE_ENRA27(1.0),11/09/25 23:00:00,Annual,15 years,Total,Percentage,Estonia,2015,2.13,,
ESTAT:EDUC_UOE_ENRA27(1.0),11/09/25 23:00:00,Annual,15 years,Total,Percentage,Estonia,2016,2.17,,
ESTAT:EDUC_UOE_ENRA27(1.0),11/09/25 23:00:00,Annual,15 years,Total,Percentage,Estonia,2017,2.38,,
ESTAT:EDUC_UOE_ENRA27(1.0),11/09/25 23:00:00,Annual,15 years,Total,Percentage,Estonia,2018,2.25,,
ESTAT:EDUC_UOE_ENRA27(1.0),11/09/25 23:00:00,Annual,15 years,Total,Percentage,Estonia,2019,2.08,,
ESTAT:EDUC_UOE_ENRA27(1.0),11/09/25 23:00:00,Annual,15 years,Total,Percentage,Estonia,2020,2.22,,
ESTAT:EDUC_UOE_ENRA27(1.0),11/09/25 23:00:00,Annual,15 years,Total,Percentage,Estonia,2021,1.86,,
ESTAT:EDUC_UOE_ENRA27(1.0),11/09/25 23:00:00,Annual,15 years,Total,Percentage,Estonia,2022,1.69,,
ESTAT:EDUC_UOE_ENRA27(1.0),11/09/25 23:00:00,Annual,15 years,Total,Percentage,Estonia,2023,2.34,,
ESTAT:EDUC_UOE_ENRA27(1.0),11/09/25 23:00:00,Annual,15 years,Total,Percentage,Greece,2015,7.07,,
ESTAT:EDUC_UOE_ENRA27(1.0),11/09/25 23:00:00,Annual,15 years,Total,Percentage,Greece,2016,4.12,,
ESTAT:EDUC_UOE_ENRA27(1.0),11/09/25 23:00:00,Annual,15 years,Total,Percentage,Greece,2017,6.41,,
ESTAT:EDUC_UOE_ENRA27(1.0),11/09/25 23:00:00,Annual,15 years,Total,Percentage,Greece,2018,6.13,,
ESTAT:EDUC_UOE_ENRA27(1.0),11/09/25 23:00:00,Annual,15 years,Total,Percentage,Greece,2019,0.71,,
ESTAT:EDUC_UOE_ENRA27(1.0),11/09/25 23:00:00,Annual,15 years,Total,Percentage,Greece,2020,5.91,,
ESTAT:EDUC_UOE_ENRA27(1.0),11/09/25 23:00:00,Annual,15 years,Total,Percentage,Greece,2021,4.60,,
ESTAT:EDUC_UOE_ENRA27(1.0),11/09/25 23:00:00,Annual,15 years,Total,Percentage,Greece,2022,1.16,,
ESTAT:EDUC_UOE_ENRA27(1.0),11/09/25 23:00:00,Annual,15 years,Total,Percentage,Greece,2023,3.17,,
ESTAT:EDUC_UOE_ENRA27(1.0),11/09/25 23:00:00,Annual,15 years,Total,Percentage,Spain,2015,3.02,,
ESTAT:EDUC_UOE_ENRA27(1.0),11/09/25 23:00:00,Annual,15 years,Total,Percentage,Spain,2016,2.97,,
ESTAT:EDUC_UOE_ENRA27(1.0),11/09/25 23:00:00,Annual,15 years,Total,Percentage,Spain,2017,2.98,,
ESTAT:EDUC_UOE_ENRA27(1.0),11/09/25 23:00:00,Annual,15 years,Total,Percentage,Spain,2018,2.70,,
ESTAT:EDUC_UOE_ENRA27(1.0),11/09/25 23:00:00,Annual,15 years,Total,Percentage,Spain,2019,2.70,,
ESTAT:EDUC_UOE_ENRA27(1.0),11/09/25 23:00:00,Annual,15 years,Total,Percentage,Spain,2020,2.50,,
ESTAT:EDUC_UOE_ENRA27(1.0),11/09/25 23:00:00,Annual,15 years,Total,Percentage,Spain,2021,2.32,,
ESTAT:EDUC_UOE_ENRA27(1.0),11/09/25 23:00:00,Annual,15 years,Total,Percentage,Spain,2022,3.04,,
ESTAT:EDUC_UOE_ENRA27(1.0),11/09/25 23:00:00,Annual,15 years,Total,Percentage,Spain,2023,3.14,,
ESTAT:EDUC_UOE_ENRA27(1.0),11/09/25 23:00:00,Annual,15 years,Total,Percentage,European Union - 27 countries (from 2020),2015,2.74,,
ESTAT:EDUC_UOE_ENRA27(1.0),11/09/25 23:00:00,Annual,15 years,Total,Percentage,European Union - 27 countries (from 2020),2016,3.21,,
ESTAT:EDUC_UOE_ENRA27(1.0),11/09/25 23:00:00,Annual,15 years,Total,Percentage,European Union - 27 countries (from 2020),2017,2.87,,
ESTAT:EDUC_UOE_ENRA27(1.0),11/09/25 23:00:00,Annual,15 years,Total,Percentage,European Union - 27 countries (from 2020),2018,2.67,,
ESTAT:EDUC_UOE_ENRA27(1.0),11/09/25 23:00:00,Annual,15 years,Total,Percentage,European Union - 27 countries (from 2020),2019,2.62,,
ESTAT:EDUC_UOE_ENRA27(1.0),11/09/25 23:00:00,Annual,15 years,Total,Percentage,European Union - 27 countries (from 2020),2020,2.70,,
ESTAT:EDUC_UOE_ENRA27(1.0),11/09/25 23:00:00,Annual,15 years,Total,Percentage,European Union - 27 countries (from 2020),2021,2.17,,
ESTAT:EDUC_UOE_ENRA27(1.0),11/09/25 23:00:00,Annual,15 years,Total,Percentage,European Union - 27 countries (from 2020),2022,2.80,,
ESTAT:EDUC_UOE_ENRA27(1.0),11/09/25 23:00:00,Annual,15 years,Total,Percentage,European Union - 27 countries (from 2020),2023,2.60,,
ESTAT:EDUC_UOE_ENRA27(1.0),11/09/25 23:00:00,Annual,15 years,Total,Percentage,European Union - 28 countries (2013-2020),2015,2.46,,
ESTAT:EDUC_UOE_ENRA27(1.0),11/09/25 23:00:00,Annual,15 years,Total,Percentage,European Union - 28 countries (2013-2020),2016,2.81,,
ESTAT:EDUC_UOE_ENRA27(1.0),11/09/25 23:00:00,Annual,15 years,Total,Percentage,European Union - 28 countries (2013-2020),2017,2.49,,
ESTAT:EDUC_UOE_ENRA27(1.0),11/09/25 23:00:00,Annual,15 years,Total,Percentage,European Union - 28 countries (2013-2020),2018,2.53,,
ESTAT:EDUC_UOE_ENRA27(1.0),11/09/25 23:00:00,Annual,15 years,Total,Percentage,European Union - 28 countries (2013-2020),2019,2.42,,
ESTAT:EDUC_UOE_ENRA27(1.0),11/09/25 23:00:00,Annual,15 years,Total,Percentage,Finland,2015,2.06,,
ESTAT:EDUC_UOE_ENRA27(1.0),11/09/25 23:00:00,Annual,15 years,Total,Percentage,Finland,2016,1.75,,
ESTAT:EDUC_UOE_ENRA27(1.0),11/09/25 23:00:00,Annual,15 years,Total,Percentage,Finland,2017,1.27,,
ESTAT:EDUC_UOE_ENRA27(1.0),11/09/25 23:00:00,Annual,15 years,Total,Percentage,Finland,2018,1.07,,
ESTAT:EDUC_UOE_ENRA27(1.0),11/09/25 23:00:00,Annual,15 years,Total,Percentage,Finland,2019,1.76,,
ESTAT:EDUC_UOE_ENRA27(1.0),11/09/25 23:00:00,Annual,15 years,Total,Percentage,Finland,2020,1.40,,
ESTAT:EDUC_UOE_ENRA27(1.0),11/09/25 23:00:00,Annual,15 years,Total,Percentage,Finland,2021,0.98,,
ESTAT:EDUC_UOE_ENRA27(1.0),11/09/25 23:00:00,Annual,15 years,Total,Percentage,Finland,2022,1.40,,
ESTAT:EDUC_UOE_ENRA27(1.0),11/09/25 23:00:00,Annual,15 years,Total,Percentage,Finland,2023,0.99,,
ESTAT:EDUC_UOE_ENRA27(1.0),11/09/25 23:00:00,Annual,15 years,Total,Percentage,France,2015,2.45,,
ESTAT:EDUC_UOE_ENRA27(1.0),11/09/25 23:00:00,Annual,15 years,Total,Percentage,France,2016,2.76,,
ESTAT:EDUC_UOE_ENRA27(1.0),11/09/25 23:00:00,Annual,15 years,Total,Percentage,France,2017,2.40,,
ESTAT:EDUC_UOE_ENRA27(1.0),11/09/25 23:00:00,Annual,15 years,Total,Percentage,France,2018,2.09,p,
ESTAT:EDUC_UOE_ENRA27(1.0),11/09/25 23:00:00,Annual,15 years,Total,Percentage,France,2019,1.77,,
ESTAT:EDUC_UOE_ENRA27(1.0),11/09/25 23:00:00,Annual,15 years,Total,Percentage,France,2020,1.75,,
ESTAT:EDUC_UOE_ENRA27(1.0),11/09/25 23:00:00,Annual,15 years,Total,Percentage,France,2021,2.09,,
ESTAT:EDUC_UOE_ENRA27(1.0),11/09/25 23:00:00,Annual,15 years,Total,Percentage,France,2022,2.01,,
ESTAT:EDUC_UOE_ENRA27(1.0),11/09/25 23:00:00,Annual,15 years,Total,Percentage,France,2023,1.99,bdp,
ESTAT:EDUC_UOE_ENRA27(1.0),11/09/25 23:00:00,Annual,15 years,Total,Percentage,Croatia,2015,0.00,,
ESTAT:EDUC_UOE_ENRA27(1.0),11/09/25 23:00:00,Annual,15 years,Total,Percentage,Croatia,2016,0.00,,
ESTAT:EDUC_UOE_ENRA27(1.0),11/09/25 23:00:00,Annual,15 years,Total,Percentage,Croatia,2017,0.00,,
ESTAT:EDUC_UOE_ENRA27(1.0),11/09/25 23:00:00,Annual,15 years,Total,Percentage,Croatia,2018,0.00,,
ESTAT:EDUC_UOE_ENRA27(1.0),11/09/25 23:00:00,Annual,15 years,Total,Percentage,Croatia,2019,0.00,,
ESTAT:EDUC_UOE_ENRA27(1.0),11/09/25 23:00:00,Annual,15 years,Total,Percentage,Croatia,2020,0.00,,
ESTAT:EDUC_UOE_ENRA27(1.0),11/09/25 23:00:00,Annual,15 years,Total,Percentage,Croatia,2021,0.00,,
ESTAT:EDUC_UOE_ENRA27(1.0),11/09/25 23:00:00,Annual,15 years,Total,Percentage,Croatia,2022,0.00,,
ESTAT:EDUC_UOE_ENRA27(1.0),11/09/25 23:00:00,Annual,15 years,Total,Percentage,Croatia,2023,0.00,,
ESTAT:EDUC_UOE_ENRA27(1.0),11/09/25 23:00:00,Annual,15 years,Total,Percentage,Hungary,2015,2.79,,
ESTAT:EDUC_UOE_ENRA27(1.0),11/09/25 23:00:00,Annual,15 years,Total,Percentage,Hungary,2016,3.94,,
ESTAT:EDUC_UOE_ENRA27(1.0),11/09/25 23:00:00,Annual,15 years,Total,Percentage,Hungary,2017,2.78,,
ESTAT:EDUC_UOE_ENRA27(1.0),11/09/25 23:00:00,Annual,15 years,Total,Percentage,Hungary,2018,4.19,,
ESTAT:EDUC_UOE_ENRA27(1.0),11/09/25 23:00:00,Annual,15 years,Total,Percentage,Hungary,2019,3.71,,
ESTAT:EDUC_UOE_ENRA27(1.0),11/09/25 23:00:00,Annual,15 years,Total,Percentage,Hungary,2020,4.14,,
ESTAT:EDUC_UOE_ENRA27(1.0),11/09/25 23:00:00,Annual,15 years,Total,Percentage,Hungary,2021,6.39,,
ESTAT:EDUC_UOE_ENRA27(1.0),11/09/25 23:00:00,Annual,15 years,Total,Percentage,Hungary,2022,6.98,,
ESTAT:EDUC_UOE_ENRA27(1.0),11/09/25 23:00:00,Annual,15 years,Total,Percentage,Hungary,2023,3.44,,
ESTAT:EDUC_UOE_ENRA27(1.0),11/09/25 23:00:00,Annual,15 years,Total,Percentage,Ireland,2015,0.00,d,
ESTAT:EDUC_UOE_ENRA27(1.0),11/09/25 23:00:00,Annual,15 years,Total,Percentage,Ireland,2016,0.00,d,
ESTAT:EDUC_UOE_ENRA27(1.0),11/09/25 23:00:00,Annual,15 years,Total,Percentage,Ireland,2017,0.00,d,
ESTAT:EDUC_UOE_ENRA27(1.0),11/09/25 23:00:00,Annual,15 years,Total,Percentage,Ireland,2018,0.00,d,
ESTAT:EDUC_UOE_ENRA27(1.0),11/09/25 23:00:00,Annual,15 years,Total,Percentage,Ireland,2019,0.00,,
ESTAT:EDUC_UOE_ENRA27(1.0),11/09/25 23:00:00,Annual,15 years,Total,Percentage,Ireland,2020,0.00,,
ESTAT:EDUC_UOE_ENRA27(1.0),11/09/25 23:00:00,Annual,15 years,Total,Percentage,Ireland,2021,0.00,,
ESTAT:EDUC_UOE_ENRA27(1.0),11/09/25 23:00:00,Annual,15 years,Total,Percentage,Ireland,2022,0.00,,
ESTAT:EDUC_UOE_ENRA27(1.0),11/09/25 23:00:00,Annual,15 years,Total,Percentage,Ireland,2023,0.00,,
ESTAT:EDUC_UOE_ENRA27(1.0),11/09/25 23:00:00,Annual,15 years,Total,Percentage,Iceland,2015,0.63,,
ESTAT:EDUC_UOE_ENRA27(1.0),11/09/25 23:00:00,Annual,15 years,Total,Percentage,Iceland,2016,0.95,,
ESTAT:EDUC_UOE_ENRA27(1.0),11/09/25 23:00:00,Annual,15 years,Total,Percentage,Iceland,2017,0.40,,
ESTAT:EDUC_UOE_ENRA27(1.0),11/09/25 23:00:00,Annual,15 years,Total,Percentage,Iceland,2018,1.33,,
ESTAT:EDUC_UOE_ENRA27(1.0),11/09/25 23:00:00,Annual,15 years,Total,Percentage,Iceland,2019,0.76,,
ESTAT:EDUC_UOE_ENRA27(1.0),11/09/25 23:00:00,Annual,15 years,Total,Percentage,Iceland,2020,1.37,,
ESTAT:EDUC_UOE_ENRA27(1.0),11/09/25 23:00:00,Annual,15 years,Total,Percentage,Iceland,2021,0.98,,
ESTAT:EDUC_UOE_ENRA27(1.0),11/09/25 23:00:00,Annual,15 years,Total,Percentage,Iceland,2022,0.99,,
ESTAT:EDUC_UOE_ENRA27(1.0),11/09/25 23:00:00,Annual,15 years,Total,Percentage,Iceland,2023,1.84,,
ESTAT:EDUC_UOE_ENRA27(1.0),11/09/25 23:00:00,Annual,15 years,Total,Percentage,Italy,2015,1.81,,
ESTAT:EDUC_UOE_ENRA27(1.0),11/09/25 23:00:00,Annual,15 years,Total,Percentage,Italy,2016,2.30,,
ESTAT:EDUC_UOE_ENRA27(1.0),11/09/25 23:00:00,Annual,15 years,Total,Percentage,Italy,2017,1.53,d,
ESTAT:EDUC_UOE_ENRA27(1.0),11/09/25 23:00:00,Annual,15 years,Total,Percentage,Italy,2018,0.87,d,
ESTAT:EDUC_UOE_ENRA27(1.0),11/09/25 23:00:00,Annual,15 years,Total,Percentage,Italy,2019,1.00,d,
ESTAT:EDUC_UOE_ENRA27(1.0),11/09/25 23:00:00,Annual,15 years,Total,Percentage,Italy,2020,0.95,,
ESTAT:EDUC_UOE_ENRA27(1.0),11/09/25 23:00:00,Annual,15 years,Total,Percentage,Italy,2021,1.71,,
ESTAT:EDUC_UOE_ENRA27(1.0),11/09/25 23:00:00,Annual,15 years,Total,Percentage,Italy,2022,2.57,,
ESTAT:EDUC_UOE_ENRA27(1.0),11/09/25 23:00:00,Annual,15 years,Total,Percentage,Italy,2023,1.79,,
ESTAT:EDUC_UOE_ENRA27(1.0),11/09/25 23:00:00,Annual,15 years,Total,Percentage,Liechtenstein,2015,5.15,,
ESTAT:EDUC_UOE_ENRA27(1.0),11/09/25 23:00:00,Annual,15 years,Total,Percentage,Liechtenstein,2016,7.23,,
ESTAT:EDUC_UOE_ENRA27(1.0),11/09/25 23:00:00,Annual,15 years,Total,Percentage,Liechtenstein,2017,25.84,,
ESTAT:EDUC_UOE_ENRA27(1.0),11/09/25 23:00:00,Annual,15 years,Total,Percentage,Liechtenstein,2018,5.30,,
ESTAT:EDUC_UOE_ENRA27(1.0),11/09/25 23:00:00,Annual,15 years,Total,Percentage,Liechtenstein,2019,3.41,,
ESTAT:EDUC_UOE_ENRA27(1.0),11/09/25 23:00:00,Annual,15 years,Total,Percentage,Liechtenstein,2020,4.21,,
ESTAT:EDUC_UOE_ENRA27(1.0),11/09/25 23:00:00,Annual,15 years,Total,Percentage,Liechtenstein,2021,4.03,,
ESTAT:EDUC_UOE_ENRA27(1.0),11/09/25 23:00:00,Annual,15 years,Total,Percentage,Liechtenstein,2022,3.34,,
ESTAT:EDUC_UOE_ENRA27(1.0),11/09/25 23:00:00,Annual,15 years,Total,Percentage,Lithuania,2015,0.98,,
ESTAT:EDUC_UOE_ENRA27(1.0),11/09/25 23:00:00,Annual,15 years,Total,Percentage,Lithuania,2016,0.77,,
ESTAT:EDUC_UOE_ENRA27(1.0),11/09/25 23:00:00,Annual,15 years,Total,Percentage,Lithuania,2017,0.71,,
ESTAT:EDUC_UOE_ENRA27(1.0),11/09/25 23:00:00,Annual,15 years,Total,Percentage,Lithuania,2018,0.00,,
ESTAT:EDUC_UOE_ENRA27(1.0),11/09/25 23:00:00,Annual,15 years,Total,Percentage,Lithuania,2019,0.59,,
ESTAT:EDUC_UOE_ENRA27(1.0),11/09/25 23:00:00,Annual,15 years,Total,Percentage,Lithuania,2020,0.00,,
ESTAT:EDUC_UOE_ENRA27(1.0),11/09/25 23:00:00,Annual,15 years,Total,Percentage,Lithuania,2021,0.00,,
ESTAT:EDUC_UOE_ENRA27(1.0),11/09/25 23:00:00,Annual,15 years,Total,Percentage,Lithuania,2022,0.00,,
ESTAT:EDUC_UOE_ENRA27(1.0),11/09/25 23:00:00,Annual,15 years,Total,Percentage,Lithuania,2023,0.00,,
ESTAT:EDUC_UOE_ENRA27(1.0),11/09/25 23:00:00,Annual,15 years,Total,Percentage,Luxembourg,2015,5.14,,
ESTAT:EDUC_UOE_ENRA27(1.0),11/09/25 23:00:00,Annual,15 years,Total,Percentage,Luxembourg,2016,7.73,,
ESTAT:EDUC_UOE_ENRA27(1.0),11/09/25 23:00:00,Annual,15 years,Total,Percentage,Luxembourg,2017,4.16,,
ESTAT:EDUC_UOE_ENRA27(1.0),11/09/25 23:00:00,Annual,15 years,Total,Percentage,Luxembourg,2018,5.88,,
ESTAT:EDUC_UOE_ENRA27(1.0),11/09/25 23:00:00,Annual,15 years,Total,Percentage,Luxembourg,2019,3.66,,
ESTAT:EDUC_UOE_ENRA27(1.0),11/09/25 23:00:00,Annual,15 years,Total,Percentage,Luxembourg,2020,4.56,,
ESTAT:EDUC_UOE_ENRA27(1.0),11/09/25 23:00:00,Annual,15 years,Total,Percentage,Luxembourg,2021,4.48,,
ESTAT:EDUC_UOE_ENRA27(1.0),11/09/25 23:00:00,Annual,15 years,Total,Percentage,Luxembourg,2022,4.16,,
ESTAT:EDUC_UOE_ENRA27(1.0),11/09/25 23:00:00,Annual,15 years,Total,Percentage,Luxembourg,2023,3.12,,
ESTAT:EDUC_UOE_ENRA27(1.0),11/09/25 23:00:00,Annual,15 years,Total,Percentage,Latvia,2015,1.50,,
ESTAT:EDUC_UOE_ENRA27(1.0),11/09/25 23:00:00,Annual,15 years,Total,Percentage,Latvia,2016,1.50,,
ESTAT:EDUC_UOE_ENRA27(1.0),11/09/25 23:00:00,Annual,15 years,Total,Percentage,Latvia,2017,0.09,,
ESTAT:EDUC_UOE_ENRA27(1.0),11/09/25 23:00:00,Annual,15 years,Total,Percentage,Latvia,2018,0.00,,
ESTAT:EDUC_UOE_ENRA27(1.0),11/09/25 23:00:00,Annual,15 years,Total,Percentage,Latvia,2019,2.04,,
ESTAT:EDUC_UOE_ENRA27(1.0),11/09/25 23:00:00,Annual,15 years,Total,Percentage,Latvia,2020,2.03,,
ESTAT:EDUC_UOE_ENRA27(1.0),11/09/25 23:00:00,Annual,15 years,Total,Percentage,Latvia,2021,1.33,,
ESTAT:EDUC_UOE_ENRA27(1.0),11/09/25 23:00:00,Annual,15 years,Total,Percentage,Latvia,2022,1.56,,
ESTAT:EDUC_UOE_ENRA27(1.0),11/09/25 23:00:00,Annual,15 years,Total,Percentage,Latvia,2023,2.25,,
ESTAT:EDUC_UOE_ENRA27(1.0),11/09/25 23:00:00,Annual,15 years,Total,Percentage,Montenegro,2015,0.64,d,
ESTAT:EDUC_UOE_ENRA27(1.0),11/09/25 23:00:00,Annual,15 years,Total,Percentage,Montenegro,2016,4.33,,
ESTAT:EDUC_UOE_ENRA27(1.0),11/09/25 23:00:00,Annual,15 years,Total,Percentage,Montenegro,2017,5.82,,
ESTAT:EDUC_UOE_ENRA27(1.0),11/09/25 23:00:00,Annual,15 years,Total,Percentage,Montenegro,2018,7.68,,
ESTAT:EDUC_UOE_ENRA27(1.0),11/09/25 23:00:00,Annual,15 years,Total,Percentage,Montenegro,2019,6.77,,
ESTAT:EDUC_UOE_ENRA27(1.0),11/09/25 23:00:00,Annual,15 years,Total,Percentage,Montenegro,2020,6.29,,
ESTAT:EDUC_UOE_ENRA27(1.0),11/09/25 23:00:00,Annual,15 years,Total,Percentage,Montenegro,2021,6.71,,
ESTAT:EDUC_UOE_ENRA27(1.0),11/09/25 23:00:00,Annual,15 years,Total,Percentage,Montenegro,2023,3.45,,
ESTAT:EDUC_UOE_ENRA27(1.0),11/09/25 23:00:00,Annual,15 years,Total,Percentage,North Macedonia,2015,,d,
ESTAT:EDUC_UOE_ENRA27(1.0),11/09/25 23:00:00,Annual,15 years,Total,Percentage,North Macedonia,2016,,d,
ESTAT:EDUC_UOE_ENRA27(1.0),11/09/25 23:00:00,Annual,15 years,Total,Percentage,North Macedonia,2017,,d,
ESTAT:EDUC_UOE_ENRA27(1.0),11/09/25 23:00:00,Annual,15 years,Total,Percentage,North Macedonia,2018,97.10,d,
ESTAT:EDUC_UOE_ENRA27(1.0),11/09/25 23:00:00,Annual,15 years,Total,Percentage,North Macedonia,2019,96.57,,
ESTAT:EDUC_UOE_ENRA27(1.0),11/09/25 23:00:00,Annual,15 years,Total,Percentage,North Macedonia,2020,,d,
ESTAT:EDUC_UOE_ENRA27(1.0),11/09/25 23:00:00,Annual,15 years,Total,Percentage,North Macedonia,2021,,d,
ESTAT:EDUC_UOE_ENRA27(1.0),11/09/25 23:00:00,Annual,15 years,Total,Percentage,North Macedonia,2022,,d,
ESTAT:EDUC_UOE_ENRA27(1.0),11/09/25 23:00:00,Annual,15 years,Total,Percentage,North Macedonia,2023,,d,
ESTAT:EDUC_UOE_ENRA27(1.0),11/09/25 23:00:00,Annual,15 years,Total,Percentage,Malta,2015,3.20,,
ESTAT:EDUC_UOE_ENRA27(1.0),11/09/25 23:00:00,Annual,15 years,Total,Percentage,Malta,2016,7.99,,
ESTAT:EDUC_UOE_ENRA27(1.0),11/09/25 23:00:00,Annual,15 years,Total,Percentage,Malta,2017,7.59,,
ESTAT:EDUC_UOE_ENRA27(1.0),11/09/25 23:00:00,Annual,15 years,Total,Percentage,Malta,2018,7.53,,
ESTAT:EDUC_UOE_ENRA27(1.0),11/09/25 23:00:00,Annual,15 years,Total,Percentage,Malta,2019,5.39,,
ESTAT:EDUC_UOE_ENRA27(1.0),11/09/25 23:00:00,Annual,15 years,Total,Percentage,Malta,2020,4.54,,
ESTAT:EDUC_UOE_ENRA27(1.0),11/09/25 23:00:00,Annual,15 years,Total,Percentage,Malta,2021,1.18,,
ESTAT:EDUC_UOE_ENRA27(1.0),11/09/25 23:00:00,Annual,15 years,Total,Percentage,Malta,2022,1.94,,
ESTAT:EDUC_UOE_ENRA27(1.0),11/09/25 23:00:00,Annual,15 years,Total,Percentage,Malta,2023,1.68,,
ESTAT:EDUC_UOE_ENRA27(1.0),11/09/25 23:00:00,Annual,15 years,Total,Percentage,Netherlands,2015,0.38,,
ESTAT:EDUC_UOE_ENRA27(1.0),11/09/25 23:00:00,Annual,15 years,Total,Percentage,Netherlands,2016,0.39,,
ESTAT:EDUC_UOE_ENRA27(1.0),11/09/25 23:00:00,Annual,15 years,Total,Percentage,Netherlands,2017,0.48,,
ESTAT:EDUC_UOE_ENRA27(1.0),11/09/25 23:00:00,Annual,15 years,Total,Percentage,Netherlands,2018,0.53,,
ESTAT:EDUC_UOE_ENRA27(1.0),11/09/25 23:00:00,Annual,15 years,Total,Percentage,Netherlands,2019,0.35,,
ESTAT:EDUC_UOE_ENRA27(1.0),11/09/25 23:00:00,Annual,15 years,Total,Percentage,Netherlands,2020,0.53,e,
ESTAT:EDUC_UOE_ENRA27(1.0),11/09/25 23:00:00,Annual,15 years,Total,Percentage,Netherlands,2021,0.49,e,
ESTAT:EDUC_UOE_ENRA27(1.0),11/09/25 23:00:00,Annual,15 years,Total,Percentage,Netherlands,2022,0.58,,
ESTAT:EDUC_UOE_ENRA27(1.0),11/09/25 23:00:00,Annual,15 years,Total,Percentage,Netherlands,2023,0.58,,
ESTAT:EDUC_UOE_ENRA27(1.0),11/09/25 23:00:00,Annual,15 years,Total,Percentage,Norway,2015,0.00,,
ESTAT:EDUC_UOE_ENRA27(1.0),11/09/25 23:00:00,Annual,15 years,Total,Percentage,Norway,2016,0.02,,
ESTAT:EDUC_UOE_ENRA27(1.0),11/09/25 23:00:00,Annual,15 years,Total,Percentage,Norway,2017,0.00,,
ESTAT:EDUC_UOE_ENRA27(1.0),11/09/25 23:00:00,Annual,15 years,Total,Percentage,Norway,2018,0.00,,
ESTAT:EDUC_UOE_ENRA27(1.0),11/09/25 23:00:00,Annual,15 years,Total,Percentage,Norway,2019,0.18,,
ESTAT:EDUC_UOE_ENRA27(1.0),11/09/25 23:00:00,Annual,15 years,Total,Percentage,Norway,2020,0.14,,
ESTAT:EDUC_UOE_ENRA27(1.0),11/09/25 23:00:00,Annual,15 years,Total,Percentage,Norway,2021,0.06,,
ESTAT:EDUC_UOE_ENRA27(1.0),11/09/25 23:00:00,Annual,15 years,Total,Percentage,Norway,2022,0.11,,
ESTAT:EDUC_UOE_ENRA27(1.0),11/09/25 23:00:00,Annual,15 years,Total,Percentage,Norway,2023,0.52,,
ESTAT:EDUC_UOE_ENRA27(1.0),11/09/25 23:00:00,Annual,15 years,Total,Percentage,Poland,2015,4.18,d,
ESTAT:EDUC_UOE_ENRA27(1.0),11/09/25 23:00:00,Annual,15 years,Total,Percentage,Poland,2016,4.40,d,
ESTAT:EDUC_UOE_ENRA27(1.0),11/09/25 23:00:00,Annual,15 years,Total,Percentage,Poland,2017,4.56,d,
ESTAT:EDUC_UOE_ENRA27(1.0),11/09/25 23:00:00,Annual,15 years,Total,Percentage,Poland,2018,4.57,e,
ESTAT:EDUC_UOE_ENRA27(1.0),11/09/25 23:00:00,Annual,15 years,Total,Percentage,Poland,2019,4.67,e,
ESTAT:EDUC_UOE_ENRA27(1.0),11/09/25 23:00:00,Annual,15 years,Total,Percentage,Poland,2020,4.47,e,
ESTAT:EDUC_UOE_ENRA27(1.0),11/09/25 23:00:00,Annual,15 years,Total,Percentage,Poland,2021,0.00,p,
ESTAT:EDUC_UOE_ENRA27(1.0),11/09/25 23:00:00,Annual,15 years,Total,Percentage,Poland,2022,0.00,p,
ESTAT:EDUC_UOE_ENRA27(1.0),11/09/25 23:00:00,Annual,15 years,Total,Percentage,Poland,2023,0.00,p,
ESTAT:EDUC_UOE_ENRA27(1.0),11/09/25 23:00:00,Annual,15 years,Total,Percentage,Portugal,2015,0.51,,
ESTAT:EDUC_UOE_ENRA27(1.0),11/09/25 23:00:00,Annual,15 years,Total,Percentage,Portugal,2016,1.88,,
ESTAT:EDUC_UOE_ENRA27(1.0),11/09/25 23:00:00,Annual,15 years,Total,Percentage,Portugal,2017,0.27,,
ESTAT:EDUC_UOE_ENRA27(1.0),11/09/25 23:00:00,Annual,15 years,Total,Percentage,Portugal,2018,0.00,,
ESTAT:EDUC_UOE_ENRA27(1.0),11/09/25 23:00:00,Annual,15 years,Total,Percentage,Portugal,2019,0.00,,
ESTAT:EDUC_UOE_ENRA27(1.0),11/09/25 23:00:00,Annual,15 years,Total,Percentage,Portugal,2020,0.00,,
ESTAT:EDUC_UOE_ENRA27(1.0),11/09/25 23:00:00,Annual,15 years,Total,Percentage,Portugal,2021,0.00,,
ESTAT:EDUC_UOE_ENRA27(1.0),11/09/25 23:00:00,Annual,15 years,Total,Percentage,Portugal,2022,0.00,,
ESTAT:EDUC_UOE_ENRA27(1.0),11/09/25 23:00:00,Annual,15 years,Total,Percentage,Portugal,2023,0.00,,
ESTAT:EDUC_UOE_ENRA27(1.0),11/09/25 23:00:00,Annual,15 years,Total,Percentage,Romania,2015,14.88,,
ESTAT:EDUC_UOE_ENRA27(1.0),11/09/25 23:00:00,Annual,15 years,Total,Percentage,Romania,2016,15.67,d,
ESTAT:EDUC_UOE_ENRA27(1.0),11/09/25 23:00:00,Annual,15 years,Total,Percentage,Romania,2017,15.93,d,
ESTAT:EDUC_UOE_ENRA27(1.0),11/09/25 23:00:00,Annual,15 years,Total,Percentage,Romania,2018,15.42,d,
ESTAT:EDUC_UOE_ENRA27(1.0),11/09/25 23:00:00,Annual,15 years,Total,Percentage,Romania,2019,17.25,d,
ESTAT:EDUC_UOE_ENRA27(1.0),11/09/25 23:00:00,Annual,15 years,Total,Percentage,Romania,2020,16.81,d,
ESTAT:EDUC_UOE_ENRA27(1.0),11/09/25 23:00:00,Annual,15 years,Total,Percentage,Romania,2021,17.26,d,
ESTAT:EDUC_UOE_ENRA27(1.0),11/09/25 23:00:00,Annual,15 years,Total,Percentage,Romania,2022,20.46,,
ESTAT:EDUC_UOE_ENRA27(1.0),11/09/25 23:00:00,Annual,15 years,Total,Percentage,Romania,2023,20.87,,
ESTAT:EDUC_UOE_ENRA27(1.0),11/09/25 23:00:00,Annual,15 years,Total,Percentage,Serbia,2015,4.11,,
ESTAT:EDUC_UOE_ENRA27(1.0),11/09/25 23:00:00,Annual,15 years,Total,Percentage,Serbia,2016,3.64,,
ESTAT:EDUC_UOE_ENRA27(1.0),11/09/25 23:00:00,Annual,15 years,Total,Percentage,Serbia,2017,6.70,,
ESTAT:EDUC_UOE_ENRA27(1.0),11/09/25 23:00:00,Annual,15 years,Total,Percentage,Serbia,2018,5.53,,
ESTAT:EDUC_UOE_ENRA27(1.0),11/09/25 23:00:00,Annual,15 years,Total,Percentage,Serbia,2019,5.75,,
ESTAT:EDUC_UOE_ENRA27(1.0),11/09/25 23:00:00,Annual,15 years,Total,Percentage,Serbia,2020,7.94,,
ESTAT:EDUC_UOE_ENRA27(1.0),11/09/25 23:00:00,Annual,15 years,Total,Percentage,Serbia,2021,6.17,,
ESTAT:EDUC_UOE_ENRA27(1.0),11/09/25 23:00:00,Annual,15 years,Total,Percentage,Serbia,2022,6.77,,
ESTAT:EDUC_UOE_ENRA27(1.0),11/09/25 23:00:00,Annual,15 years,Total,Percentage,Serbia,2023,5.16,,
ESTAT:EDUC_UOE_ENRA27(1.0),11/09/25 23:00:00,Annual,15 years,Total,Percentage,Sweden,2015,0.50,,
ESTAT:EDUC_UOE_ENRA27(1.0),11/09/25 23:00:00,Annual,15 years,Total,Percentage,Sweden,2016,0.00,,
ESTAT:EDUC_UOE_ENRA27(1.0),11/09/25 23:00:00,Annual,15 years,Total,Percentage,Sweden,2017,0.00,,
ESTAT:EDUC_UOE_ENRA27(1.0),11/09/25 23:00:00,Annual,15 years,Total,Percentage,Sweden,2018,0.01,,
ESTAT:EDUC_UOE_ENRA27(1.0),11/09/25 23:00:00,Annual,15 years,Total,Percentage,Sweden,2019,0.66,,
ESTAT:EDUC_UOE_ENRA27(1.0),11/09/25 23:00:00,Annual,15 years,Total,Percentage,Sweden,2020,0.51,,
ESTAT:EDUC_UOE_ENRA27(1.0),11/09/25 23:00:00,Annual,15 years,Total,Percentage,Sweden,2021,0.36,,
ESTAT:EDUC_UOE_ENRA27(1.0),11/09/25 23:00:00,Annual,15 years,Total,Percentage,Sweden,2022,0.33,,
ESTAT:EDUC_UOE_ENRA27(1.0),11/09/25 23:00:00,Annual,15 years,Total,Percentage,Sweden,2023,0.33,,
ESTAT:EDUC_UOE_ENRA27(1.0),11/09/25 23:00:00,Annual,15 years,Total,Percentage,Slovenia,2015,2.68,d,
ESTAT:EDUC_UOE_ENRA27(1.0),11/09/25 23:00:00,Annual,15 years,Total,Percentage,Slovenia,2016,2.45,d,
ESTAT:EDUC_UOE_ENRA27(1.0),11/09/25 23:00:00,Annual,15 years,Total,Percentage,Slovenia,2017,3.06,d,
ESTAT:EDUC_UOE_ENRA27(1.0),11/09/25 23:00:00,Annual,15 years,Total,Percentage,Slovenia,2018,1.56,,
ESTAT:EDUC_UOE_ENRA27(1.0),11/09/25 23:00:00,Annual,15 years,Total,Percentage,Slovenia,2019,1.75,,
ESTAT:EDUC_UOE_ENRA27(1.0),11/09/25 23:00:00,Annual,15 years,Total,Percentage,Slovenia,2020,2.53,,
ESTAT:EDUC_UOE_ENRA27(1.0),11/09/25 23:00:00,Annual,15 years,Total,Percentage,Slovenia,2021,2.14,,
ESTAT:EDUC_UOE_ENRA27(1.0),11/09/25 23:00:00,Annual,15 years,Total,Percentage,Slovenia,2022,2.23,,
ESTAT:EDUC_UOE_ENRA27(1.0),11/09/25 23:00:00,Annual,15 years,Total,Percentage,Slovenia,2023,1.63,,
ESTAT:EDUC_UOE_ENRA27(1.0),11/09/25 23:00:00,Annual,15 years,Total,Percentage,Slovakia,2015,2.03,,
ESTAT:EDUC_UOE_ENRA27(1.0),11/09/25 23:00:00,Annual,15 years,Total,Percentage,Slovakia,2016,2.02,,
ESTAT:EDUC_UOE_ENRA27(1.0),11/09/25 23:00:00,Annual,15 years,Total,Percentage,Slovakia,2017,2.02,,
ESTAT:EDUC_UOE_ENRA27(1.0),11/09/25 23:00:00,Annual,15 years,Total,Percentage,Slovakia,2018,2.34,,
ESTAT:EDUC_UOE_ENRA27(1.0),11/09/25 23:00:00,Annual,15 years,Total,Percentage,Slovakia,2019,1.75,,
ESTAT:EDUC_UOE_ENRA27(1.0),11/09/25 23:00:00,Annual,15 years,Total,Percentage,Slovakia,2020,2.41,,
ESTAT:EDUC_UOE_ENRA27(1.0),11/09/25 23:00:00,Annual,15 years,Total,Percentage,Slovakia,2021,2.06,,
ESTAT:EDUC_UOE_ENRA27(1.0),11/09/25 23:00:00,Annual,15 years,Total,Percentage,Slovakia,2022,3.20,,
ESTAT:EDUC_UOE_ENRA27(1.0),11/09/25 23:00:00,Annual,15 years,Total,Percentage,Slovakia,2023,2.33,,
ESTAT:EDUC_UOE_ENRA27(1.0),11/09/25 23:00:00,Annual,15 years,Total,Percentage,Türkiye,2015,10.19,,
ESTAT:EDUC_UOE_ENRA27(1.0),11/09/25 23:00:00,Annual,15 years,Total,Percentage,Türkiye,2016,9.58,,
ESTAT:EDUC_UOE_ENRA27(1.0),11/09/25 23:00:00,Annual,15 years,Total,Percentage,Türkiye,2017,7.58,,
ESTAT:EDUC_UOE_ENRA27(1.0),11/09/25 23:00:00,Annual,15 years,Total,Percentage,Türkiye,2018,7.96,,
ESTAT:EDUC_UOE_ENRA27(1.0),11/09/25 23:00:00,Annual,15 years,Total,Percentage,Türkiye,2019,7.27,,
ESTAT:EDUC_UOE_ENRA27(1.0),11/09/25 23:00:00,Annual,15 years,Total,Percentage,Türkiye,2020,5.95,,
ESTAT:EDUC_UOE_ENRA27(1.0),11/09/25 23:00:00,Annual,15 years,Total,Percentage,Türkiye,2021,4.93,,
ESTAT:EDUC_UOE_ENRA27(1.0),11/09/25 23:00:00,Annual,15 years,Total,Percentage,Türkiye,2022,4.68,,
ESTAT:EDUC_UOE_ENRA27(1.0),11/09/25 23:00:00,Annual,15 years,Total,Percentage,Türkiye,2023,0.00,,
ESTAT:EDUC_UOE_ENRA27(1.0),11/09/25 23:00:00,Annual,15 years,Total,Percentage,United Kingdom,2015,0.70,d,
ESTAT:EDUC_UOE_ENRA27(1.0),11/09/25 23:00:00,Annual,15 years,Total,Percentage,United Kingdom,2016,0.23,d,
ESTAT:EDUC_UOE_ENRA27(1.0),11/09/25 23:00:00,Annual,15 years,Total,Percentage,United Kingdom,2017,0.00,d,
ESTAT:EDUC_UOE_ENRA27(1.0),11/09/25 23:00:00,Annual,15 years,Total,Percentage,United Kingdom,2018,1.65,d,
ESTAT:EDUC_UOE_ENRA27(1.0),11/09/25 23:00:00,Annual,15 years,Total,Percentage,United Kingdom,2019,1.22,d,
ESTAT:EDUC_UOE_ENRA27(1.0),11/09/25 23:00:00,Annual,16 years,Females,Percentage,Albania,2021,14.68,,
ESTAT:EDUC_UOE_ENRA27(1.0),11/09/25 23:00:00,Annual,16 years,Females,Percentage,Albania,2022,14.41,d,
ESTAT:EDUC_UOE_ENRA27(1.0),11/09/25 23:00:00,Annual,16 years,Females,Percentage,Albania,2023,10.55,d,
ESTAT:EDUC_UOE_ENRA27(1.0),11/09/25 23:00:00,Annual,16 years,Females,Percentage,Austria,2015,7.85,,
ESTAT:EDUC_UOE_ENRA27(1.0),11/09/25 23:00:00,Annual,16 years,Females,Percentage,Austria,2016,7.95,,
ESTAT:EDUC_UOE_ENRA27(1.0),11/09/25 23:00:00,Annual,16 years,Females,Percentage,Austria,2017,8.60,,
ESTAT:EDUC_UOE_ENRA27(1.0),11/09/25 23:00:00,Annual,16 years,Females,Percentage,Austria,2018,8.34,,
ESTAT:EDUC_UOE_ENRA27(1.0),11/09/25 23:00:00,Annual,16 years,Females,Percentage,Austria,2019,8.30,,
ESTAT:EDUC_UOE_ENRA27(1.0),11/09/25 23:00:00,Annual,16 years,Females,Percentage,Austria,2020,8.36,,
ESTAT:EDUC_UOE_ENRA27(1.0),11/09/25 23:00:00,Annual,16 years,Females,Percentage,Austria,2021,7.64,,
ESTAT:EDUC_UOE_ENRA27(1.0),11/09/25 23:00:00,Annual,16 years,Females,Percentage,Austria,2022,8.51,,
ESTAT:EDUC_UOE_ENRA27(1.0),11/09/25 23:00:00,Annual,16 years,Females,Percentage,Austria,2023,9.51,,
ESTAT:EDUC_UOE_ENRA27(1.0),11/09/25 23:00:00,Annual,16 years,Females,Percentage,Belgium,2015,1.98,,
ESTAT:EDUC_UOE_ENRA27(1.0),11/09/25 23:00:00,Annual,16 years,Females,Percentage,Belgium,2016,1.48,,
ESTAT:EDUC_UOE_ENRA27(1.0),11/09/25 23:00:00,Annual,16 years,Females,Percentage,Belgium,2017,0.60,,
ESTAT:EDUC_UOE_ENRA27(1.0),11/09/25 23:00:00,Annual,16 years,Females,Percentage,Belgium,2018,0.81,,
ESTAT:EDUC_UOE_ENRA27(1.0),11/09/25 23:00:00,Annual,16 years,Females,Percentage,Belgium,2019,1.56,,
ESTAT:EDUC_UOE_ENRA27(1.0),11/09/25 23:00:00,Annual,16 years,Females,Percentage,Belgium,2020,0.77,bd,
ESTAT:EDUC_UOE_ENRA27(1.0),11/09/25 23:00:00,Annual,16 years,Females,Percentage,Belgium,2021,0.96,,
ESTAT:EDUC_UOE_ENRA27(1.0),11/09/25 23:00:00,Annual,16 years,Females,Percentage,Belgium,2022,1.80,,
ESTAT:EDUC_UOE_ENRA27(1.0),11/09/25 23:00:00,Annual,16 years,Females,Percentage,Belgium,2023,1.33,,
ESTAT:EDUC_UOE_ENRA27(1.0),11/09/25 23:00:00,Annual,16 years,Females,Percentage,Bulgaria,2015,8.85,,
ESTAT:EDUC_UOE_ENRA27(1.0),11/09/25 23:00:00,Annual,16 years,Females,Percentage,Bulgaria,2016,8.62,,
ESTAT:EDUC_UOE_ENRA27(1.0),11/09/25 23:00:00,Annual,16 years,Females,Percentage,Bulgaria,2017,12.23,,
ESTAT:EDUC_UOE_ENRA27(1.0),11/09/25 23:00:00,Annual,16 years,Females,Percentage,Bulgaria,2018,11.90,,
ESTAT:EDUC_UOE_ENRA27(1.0),11/09/25 23:00:00,Annual,16 years,Females,Percentage,Bulgaria,2019,7.81,,
ESTAT:EDUC_UOE_ENRA27(1.0),11/09/25 23:00:00,Annual,16 years,Females,Percentage,Bulgaria,2020,10.05,,
ESTAT:EDUC_UOE_ENRA27(1.0),11/09/25 23:00:00,Annual,16 years,Females,Percentage,Bulgaria,2021,10.07,,
ESTAT:EDUC_UOE_ENRA27(1.0),11/09/25 23:00:00,Annual,16 years,Females,Percentage,Bulgaria,2022,10.43,,
ESTAT:EDUC_UOE_ENRA27(1.0),11/09/25 23:00:00,Annual,16 years,Females,Percentage,Bulgaria,2023,11.94,,
ESTAT:EDUC_UOE_ENRA27(1.0),11/09/25 23:00:00,Annual,16 years,Females,Percentage,Switzerland,2015,8.11,,
ESTAT:EDUC_UOE_ENRA27(1.0),11/09/25 23:00:00,Annual,16 years,Females,Percentage,Switzerland,2016,8.41,,
ESTAT:EDUC_UOE_ENRA27(1.0),11/09/25 23:00:00,Annual,16 years,Females,Percentage,Switzerland,2017,8.03,,
ESTAT:EDUC_UOE_ENRA27(1.0),11/09/25 23:00:00,Annual,16 years,Females,Percentage,Switzerland,2018,8.53,,
ESTAT:EDUC_UOE_ENRA27(1.0),11/09/25 23:00:00,Annual,16 years,Females,Percentage,Switzerland,2019,8.15,,
ESTAT:EDUC_UOE_ENRA27(1.0),11/09/25 23:00:00,Annual,16 years,Females,Percentage,Switzerland,2020,7.84,,
ESTAT:EDUC_UOE_ENRA27(1.0),11/09/25 23:00:00,Annual,16 years,Females,Percentage,Switzerland,2021,7.04,,
ESTAT:EDUC_UOE_ENRA27(1.0),11/09/25 23:00:00,Annual,16 years,Females,Percentage,Switzerland,2022,7.37,,
ESTAT:EDUC_UOE_ENRA27(1.0),11/09/25 23:00:00,Annual,16 years,Females,Percentage,Switzerland,2023,6.99,,
ESTAT:EDUC_UOE_ENRA27(1.0),11/09/25 23:00:00,Annual,16 years,Females,Percentage,Cyprus,2015,5.68,,
ESTAT:EDUC_UOE_ENRA27(1.0),11/09/25 23:00:00,Annual,16 years,Females,Percentage,Cyprus,2016,4.25,,
ESTAT:EDUC_UOE_ENRA27(1.0),11/09/25 23:00:00,Annual,16 years,Females,Percentage,Cyprus,2017,5.18,,
ESTAT:EDUC_UOE_ENRA27(1.0),11/09/25 23:00:00,Annual,16 years,Females,Percentage,Cyprus,2018,8.04,,
ESTAT:EDUC_UOE_ENRA27(1.0),11/09/25 23:00:00,Annual,16 years,Females,Percentage,Cyprus,2019,7.72,,
ESTAT:EDUC_UOE_ENRA27(1.0),11/09/25 23:00:00,Annual,16 years,Females,Percentage,Cyprus,2020,8.23,,
ESTAT:EDUC_UOE_ENRA27(1.0),11/09/25 23:00:00,Annual,16 years,Females,Percentage,Cyprus,2021,3.91,,
ESTAT:EDUC_UOE_ENRA27(1.0),11/09/25 23:00:00,Annual,16 years,Females,Percentage,Cyprus,2022,1.81,,
ESTAT:EDUC_UOE_ENRA27(1.0),11/09/25 23:00:00,Annual,16 years,Females,Percentage,Cyprus,2023,0.00,,
ESTAT:EDUC_UOE_ENRA27(1.0),11/09/25 23:00:00,Annual,16 years,Females,Percentage,Czechia,2015,2.35,,
ESTAT:EDUC_UOE_ENRA27(1.0),11/09/25 23:00:00,Annual,16 years,Females,Percentage,Czechia,2016,2.50,,
ESTAT:EDUC_UOE_ENRA27(1.0),11/09/25 23:00:00,Annual,16 years,Females,Percentage,Czechia,2017,2.24,,
ESTAT:EDUC_UOE_ENRA27(1.0),11/09/25 23:00:00,Annual,16 years,Females,Percentage,Czechia,2018,,d,
ESTAT:EDUC_UOE_ENRA27(1.0),11/09/25 23:00:00,Annual,16 years,Females,Percentage,Czechia,2019,,d,
ESTAT:EDUC_UOE_ENRA27(1.0),11/09/25 23:00:00,Annual,16 years,Females,Percentage,Czechia,2020,,d,
ESTAT:EDUC_UOE_ENRA27(1.0),11/09/25 23:00:00,Annual,16 years,Females,Percentage,Czechia,2021,2.23,,
ESTAT:EDUC_UOE_ENRA27(1.0),11/09/25 23:00:00,Annual,16 years,Females,Percentage,Czechia,2022,2.47,,
ESTAT:EDUC_UOE_ENRA27(1.0),11/09/25 23:00:00,Annual,16 years,Females,Percentage,Czechia,2023,5.29,d,
ESTAT:EDUC_UOE_ENRA27(1.0),11/09/25 23:00:00,Annual,16 years,Females,Percentage,Germany,2015,3.14,d,
ESTAT:EDUC_UOE_ENRA27(1.0),11/09/25 23:00:00,Annual,16 years,Females,Percentage,Germany,2016,4.74,d,
ESTAT:EDUC_UOE_ENRA27(1.0),11/09/25 23:00:00,Annual,16 years,Females,Percentage,Germany,2017,4.73,d,
ESTAT:EDUC_UOE_ENRA27(1.0),11/09/25 23:00:00,Annual,16 years,Females,Percentage,Germany,2018,5.48,d,
ESTAT:EDUC_UOE_ENRA27(1.0),11/09/25 23:00:00,Annual,16 years,Females,Percentage,Germany,2019,4.63,,
ESTAT:EDUC_UOE_ENRA27(1.0),11/09/25 23:00:00,Annual,16 years,Females,Percentage,Germany,2020,5.24,bd,
ESTAT:EDUC_UOE_ENRA27(1.0),11/09/25 23:00:00,Annual,16 years,Females,Percentage,Germany,2021,2.57,,
ESTAT:EDUC_UOE_ENRA27(1.0),11/09/25 23:00:00,Annual,16 years,Females,Percentage,Germany,2022,4.70,,
ESTAT:EDUC_UOE_ENRA27(1.0),11/09/25 23:00:00,Annual,16 years,Females,Percentage,Germany,2023,4.09,,
ESTAT:EDUC_UOE_ENRA27(1.0),11/09/25 23:00:00,Annual,16 years,Females,Percentage,Denmark,2015,5.07,,
ESTAT:EDUC_UOE_ENRA27(1.0),11/09/25 23:00:00,Annual,16 years,Females,Percentage,Denmark,2016,5.49,,
ESTAT:EDUC_UOE_ENRA27(1.0),11/09/25 23:00:00,Annual,16 years,Females,Percentage,Denmark,2017,6.02,,
ESTAT:EDUC_UOE_ENRA27(1.0),11/09/25 23:00:00,Annual,16 years,Females,Percentage,Denmark,2018,4.70,,
ESTAT:EDUC_UOE_ENRA27(1.0),11/09/25 23:00:00,Annual,16 years,Females,Percentage,Denmark,2019,4.75,,
ESTAT:EDUC_UOE_ENRA27(1.0),11/09/25 23:00:00,Annual,16 years,Females,Percentage,Denmark,2020,4.47,,
ESTAT:EDUC_UOE_ENRA27(1.0),11/09/25 23:00:00,Annual,16 years,Females,Percentage,Denmark,2021,4.22,,
ESTAT:EDUC_UOE_ENRA27(1.0),11/09/25 23:00:00,Annual,16 years,Females,Percentage,Denmark,2022,4.35,,
ESTAT:EDUC_UOE_ENRA27(1.0),11/09/25 23:00:00,Annual,16 years,Females,Percentage,Denmark,2023,5.30,,
ESTAT:EDUC_UOE_ENRA27(1.0),11/09/25 23:00:00,Annual,16 years,Females,Percentage,Estonia,2015,3.11,,
ESTAT:EDUC_UOE_ENRA27(1.0),11/09/25 23:00:00,Annual,16 years,Females,Percentage,Estonia,2016,3.63,,
ESTAT:EDUC_UOE_ENRA27(1.0),11/09/25 23:00:00,Annual,16 years,Females,Percentage,Estonia,2017,3.45,,
ESTAT:EDUC_UOE_ENRA27(1.0),11/09/25 23:00:00,Annual,16 years,Females,Percentage,Estonia,2018,4.13,,
ESTAT:EDUC_UOE_ENRA27(1.0),11/09/25 23:00:00,Annual,16 years,Females,Percentage,Estonia,2019,3.56,,
ESTAT:EDUC_UOE_ENRA27(1.0),11/09/25 23:00:00,Annual,16 years,Females,Percentage,Estonia,2020,3.57,,
ESTAT:EDUC_UOE_ENRA27(1.0),11/09/25 23:00:00,Annual,16 years,Females,Percentage,Estonia,2021,3.36,,
ESTAT:EDUC_UOE_ENRA27(1.0),11/09/25 23:00:00,Annual,16 years,Females,Percentage,Estonia,2022,3.54,,
ESTAT:EDUC_UOE_ENRA27(1.0),11/09/25 23:00:00,Annual,16 years,Females,Percentage,Estonia,2023,5.56,,
ESTAT:EDUC_UOE_ENRA27(1.0),11/09/25 23:00:00,Annual,16 years,Females,Percentage,Greece,2015,7.98,,
ESTAT:EDUC_UOE_ENRA27(1.0),11/09/25 23:00:00,Annual,16 years,Females,Percentage,Greece,2016,8.98,,
ESTAT:EDUC_UOE_ENRA27(1.0),11/09/25 23:00:00,Annual,16 years,Females,Percentage,Greece,2017,6.00,,
ESTAT:EDUC_UOE_ENRA27(1.0),11/09/25 23:00:00,Annual,16 years,Females,Percentage,Greece,2018,9.28,,
ESTAT:EDUC_UOE_ENRA27(1.0),11/09/25 23:00:00,Annual,16 years,Females,Percentage,Greece,2019,1.93,,
ESTAT:EDUC_UOE_ENRA27(1.0),11/09/25 23:00:00,Annual,16 years,Females,Percentage,Greece,2020,7.95,,
ESTAT:EDUC_UOE_ENRA27(1.0),11/09/25 23:00:00,Annual,16 years,Females,Percentage,Greece,2021,6.21,,
ESTAT:EDUC_UOE_ENRA27(1.0),11/09/25 23:00:00,Annual,16 years,Females,Percentage,Greece,2022,4.16,,
ESTAT:EDUC_UOE_ENRA27(1.0),11/09/25 23:00:00,Annual,16 years,Females,Percentage,Greece,2023,2.86,,
ESTAT:EDUC_UOE_ENRA27(1.0),11/09/25 23:00:00,Annual,16 years,Females,Percentage,Spain,2015,3.67,,
ESTAT:EDUC_UOE_ENRA27(1.0),11/09/25 23:00:00,Annual,16 years,Females,Percentage,Spain,2016,3.22,,
ESTAT:EDUC_UOE_ENRA27(1.0),11/09/25 23:00:00,Annual,16 years,Females,Percentage,Spain,2017,2.88,,
ESTAT:EDUC_UOE_ENRA27(1.0),11/09/25 23:00:00,Annual,16 years,Females,Percentage,Spain,2018,3.00,,
ESTAT:EDUC_UOE_ENRA27(1.0),11/09/25 23:00:00,Annual,16 years,Females,Percentage,Spain,2019,2.64,,
ESTAT:EDUC_UOE_ENRA27(1.0),11/09/25 23:00:00,Annual,16 years,Females,Percentage,Spain,2020,2.49,,
ESTAT:EDUC_UOE_ENRA27(1.0),11/09/25 23:00:00,Annual,16 years,Females,Percentage,Spain,2021,2.52,,
ESTAT:EDUC_UOE_ENRA27(1.0),11/09/25 23:00:00,Annual,16 years,Females,Percentage,Spain,2022,3.59,,
ESTAT:EDUC_UOE_ENRA27(1.0),11/09/25 23:00:00,Annual,16 years,Females,Percentage,Spain,2023,4.15,,
ESTAT:EDUC_UOE_ENRA27(1.0),11/09/25 23:00:00,Annual,16 years,Females,Percentage,European Union - 27 countries (from 2020),2015,4.66,,
ESTAT:EDUC_UOE_ENRA27(1.0),11/09/25 23:00:00,Annual,16 years,Females,Percentage,European Union - 27 countries (from 2020),2016,4.93,,
ESTAT:EDUC_UOE_ENRA27(1.0),11/09/25 23:00:00,Annual,16 years,Females,Percentage,European Union - 27 countries (from 2020),2017,4.76,,
ESTAT:EDUC_UOE_ENRA27(1.0),11/09/25 23:00:00,Annual,16 years,Females,Percentage,European Union - 27 countries (from 2020),2018,4.64,,
ESTAT:EDUC_UOE_ENRA27(1.0),11/09/25 23:00:00,Annual,16 years,Females,Percentage,European Union - 27 countries (from 2020),2019,4.36,,
ESTAT:EDUC_UOE_ENRA27(1.0),11/09/25 23:00:00,Annual,16 years,Females,Percentage,European Union - 27 countries (from 2020),2020,4.39,,
ESTAT:EDUC_UOE_ENRA27(1.0),11/09/25 23:00:00,Annual,16 years,Females,Percentage,European Union - 27 countries (from 2020),2021,3.41,,
ESTAT:EDUC_UOE_ENRA27(1.0),11/09/25 23:00:00,Annual,16 years,Females,Percentage,European Union - 27 countries (from 2020),2022,4.22,,
ESTAT:EDUC_UOE_ENRA27(1.0),11/09/25 23:00:00,Annual,16 years,Females,Percentage,European Union - 27 countries (from 2020),2023,4.47,,
ESTAT:EDUC_UOE_ENRA27(1.0),11/09/25 23:00:00,Annual,16 years,Females,Percentage,European Union - 28 countries (2013-2020),2015,4.05,,
ESTAT:EDUC_UOE_ENRA27(1.0),11/09/25 23:00:00,Annual,16 years,Females,Percentage,European Union - 28 countries (2013-2020),2016,4.24,,
ESTAT:EDUC_UOE_ENRA27(1.0),11/09/25 23:00:00,Annual,16 years,Females,Percentage,European Union - 28 countries (2013-2020),2017,4.12,,
ESTAT:EDUC_UOE_ENRA27(1.0),11/09/25 23:00:00,Annual,16 years,Females,Percentage,European Union - 28 countries (2013-2020),2018,4.13,,
ESTAT:EDUC_UOE_ENRA27(1.0),11/09/25 23:00:00,Annual,16 years,Females,Percentage,European Union - 28 countries (2013-2020),2019,4.02,,
ESTAT:EDUC_UOE_ENRA27(1.0),11/09/25 23:00:00,Annual,16 years,Females,Percentage,Finland,2015,4.41,,
ESTAT:EDUC_UOE_ENRA27(1.0),11/09/25 23:00:00,Annual,16 years,Females,Percentage,Finland,2016,4.79,,
ESTAT:EDUC_UOE_ENRA27(1.0),11/09/25 23:00:00,Annual,16 years,Females,Percentage,Finland,2017,4.64,,
ESTAT:EDUC_UOE_ENRA27(1.0),11/09/25 23:00:00,Annual,16 years,Females,Percentage,Finland,2018,4.43,,
ESTAT:EDUC_UOE_ENRA27(1.0),11/09/25 23:00:00,Annual,16 years,Females,Percentage,Finland,2019,4.22,,
ESTAT:EDUC_UOE_ENRA27(1.0),11/09/25 23:00:00,Annual,16 years,Females,Percentage,Finland,2020,3.87,,
ESTAT:EDUC_UOE_ENRA27(1.0),11/09/25 23:00:00,Annual,16 years,Females,Percentage,Finland,2021,3.45,,
ESTAT:EDUC_UOE_ENRA27(1.0),11/09/25 23:00:00,Annual,16 years,Females,Percentage,Finland,2022,3.36,,
ESTAT:EDUC_UOE_ENRA27(1.0),11/09/25 23:00:00,Annual,16 years,Females,Percentage,Finland,2023,4.86,,
ESTAT:EDUC_UOE_ENRA27(1.0),11/09/25 23:00:00,Annual,16 years,Females,Percentage,France,2015,5.28,,
ESTAT:EDUC_UOE_ENRA27(1.0),11/09/25 23:00:00,Annual,16 years,Females,Percentage,France,2016,4.57,,
ESTAT:EDUC_UOE_ENRA27(1.0),11/09/25 23:00:00,Annual,16 years,Females,Percentage,France,2017,4.40,,
ESTAT:EDUC_UOE_ENRA27(1.0),11/09/25 23:00:00,Annual,16 years,Females,Percentage,France,2018,3.87,p,
ESTAT:EDUC_UOE_ENRA27(1.0),11/09/25 23:00:00,Annual,16 years,Females,Percentage,France,2019,4.26,,
ESTAT:EDUC_UOE_ENRA27(1.0),11/09/25 23:00:00,Annual,16 years,Females,Percentage,France,2020,3.38,,
ESTAT:EDUC_UOE_ENRA27(1.0),11/09/25 23:00:00,Annual,16 years,Females,Percentage,France,2021,3.03,,
ESTAT:EDUC_UOE_ENRA27(1.0),11/09/25 23:00:00,Annual,16 years,Females,Percentage,France,2022,3.51,,
ESTAT:EDUC_UOE_ENRA27(1.0),11/09/25 23:00:00,Annual,16 years,Females,Percentage,France,2023,4.11,bdp,
ESTAT:EDUC_UOE_ENRA27(1.0),11/09/25 23:00:00,Annual,16 years,Females,Percentage,Croatia,2015,0.00,,
ESTAT:EDUC_UOE_ENRA27(1.0),11/09/25 23:00:00,Annual,16 years,Females,Percentage,Croatia,2016,0.00,,
ESTAT:EDUC_UOE_ENRA27(1.0),11/09/25 23:00:00,Annual,16 years,Females,Percentage,Croatia,2017,0.00,,
ESTAT:EDUC_UOE_ENRA27(1.0),11/09/25 23:00:00,Annual,16 years,Females,Percentage,Croatia,2018,0.00,,
ESTAT:EDUC_UOE_ENRA27(1.0),11/09/25 23:00:00,Annual,16 years,Females,Percentage,Croatia,2019,0.00,,
ESTAT:EDUC_UOE_ENRA27(1.0),11/09/25 23:00:00,Annual,16 years,Females,Percentage,Croatia,2020,0.00,,
ESTAT:EDUC_UOE_ENRA27(1.0),11/09/25 23:00:00,Annual,16 years,Females,Percentage,Croatia,2021,0.00,,
ESTAT:EDUC_UOE_ENRA27(1.0),11/09/25 23:00:00,Annual,16 years,Females,Percentage,Croatia,2022,0.00,,
ESTAT:EDUC_UOE_ENRA27(1.0),11/09/25 23:00:00,Annual,16 years,Females,Percentage,Croatia,2023,0.00,,
ESTAT:EDUC_UOE_ENRA27(1.0),11/09/25 23:00:00,Annual,16 years,Females,Percentage,Hungary,2015,6.15,,
ESTAT:EDUC_UOE_ENRA27(1.0),11/09/25 23:00:00,Annual,16 years,Females,Percentage,Hungary,2016,5.93,,
ESTAT:EDUC_UOE_ENRA27(1.0),11/09/25 23:00:00,Annual,16 years,Females,Percentage,Hungary,2017,7.22,,
ESTAT:EDUC_UOE_ENRA27(1.0),11/09/25 23:00:00,Annual,16 years,Females,Percentage,Hungary,2018,6.34,,
ESTAT:EDUC_UOE_ENRA27(1.0),11/09/25 23:00:00,Annual,16 years,Females,Percentage,Hungary,2019,7.12,,
ESTAT:EDUC_UOE_ENRA27(1.0),11/09/25 23:00:00,Annual,16 years,Females,Percentage,Hungary,2020,6.68,,
ESTAT:EDUC_UOE_ENRA27(1.0),11/09/25 23:00:00,Annual,16 years,Females,Percentage,Hungary,2021,8.12,,
ESTAT:EDUC_UOE_ENRA27(1.0),11/09/25 23:00:00,Annual,16 years,Females,Percentage,Hungary,2022,6.86,,
ESTAT:EDUC_UOE_ENRA27(1.0),11/09/25 23:00:00,Annual,16 years,Females,Percentage,Hungary,2023,6.58,,
ESTAT:EDUC_UOE_ENRA27(1.0),11/09/25 23:00:00,Annual,16 years,Females,Percentage,Ireland,2015,0.00,d,
ESTAT:EDUC_UOE_ENRA27(1.0),11/09/25 23:00:00,Annual,16 years,Females,Percentage,Ireland,2016,0.00,d,
ESTAT:EDUC_UOE_ENRA27(1.0),11/09/25 23:00:00,Annual,16 years,Females,Percentage,Ireland,2017,0.00,d,
ESTAT:EDUC_UOE_ENRA27(1.0),11/09/25 23:00:00,Annual,16 years,Females,Percentage,Ireland,2018,0.00,d,
ESTAT:EDUC_UOE_ENRA27(1.0),11/09/25 23:00:00,Annual,16 years,Females,Percentage,Ireland,2019,0.00,,
ESTAT:EDUC_UOE_ENRA27(1.0),11/09/25 23:00:00,Annual,16 years,Females,Percentage,Ireland,2020,0.00,,
ESTAT:EDUC_UOE_ENRA27(1.0),11/09/25 23:00:00,Annual,16 years,Females,Percentage,Ireland,2021,0.00,,
ESTAT:EDUC_UOE_ENRA27(1.0),11/09/25 23:00:00,Annual,16 years,Females,Percentage,Ireland,2022,0.00,,
ESTAT:EDUC_UOE_ENRA27(1.0),11/09/25 23:00:00,Annual,16 years,Females,Percentage,Ireland,2023,0.00,,
ESTAT:EDUC_UOE_ENRA27(1.0),11/09/25 23:00:00,Annual,16 years,Females,Percentage,Iceland,2015,3.02,,
ESTAT:EDUC_UOE_ENRA27(1.0),11/09/25 23:00:00,Annual,16 years,Females,Percentage,Iceland,2016,4.03,,
ESTAT:EDUC_UOE_ENRA27(1.0),11/09/25 23:00:00,Annual,16 years,Females,Percentage,Iceland,2017,4.36,,
ESTAT:EDUC_UOE_ENRA27(1.0),11/09/25 23:00:00,Annual,16 years,Females,Percentage,Iceland,2018,4.31,,
ESTAT:EDUC_UOE_ENRA27(1.0),11/09/25 23:00:00,Annual,16 years,Females,Percentage,Iceland,2019,3.31,,
ESTAT:EDUC_UOE_ENRA27(1.0),11/09/25 23:00:00,Annual,16 years,Females,Percentage,Iceland,2020,3.34,,
ESTAT:EDUC_UOE_ENRA27(1.0),11/09/25 23:00:00,Annual,16 years,Females,Percentage,Iceland,2021,3.46,,
ESTAT:EDUC_UOE_ENRA27(1.0),11/09/25 23:00:00,Annual,16 years,Females,Percentage,Iceland,2022,3.14,,
ESTAT:EDUC_UOE_ENRA27(1.0),11/09/25 23:00:00,Annual,16 years,Females,Percentage,Iceland,2023,4.04,,
ESTAT:EDUC_UOE_ENRA27(1.0),11/09/25 23:00:00,Annual,16 years,Females,Percentage,Italy,2015,4.38,,
ESTAT:EDUC_UOE_ENRA27(1.0),11/09/25 23:00:00,Annual,16 years,Females,Percentage,Italy,2016,4.87,,
ESTAT:EDUC_UOE_ENRA27(1.0),11/09/25 23:00:00,Annual,16 years,Females,Percentage,Italy,2017,4.17,d,
ESTAT:EDUC_UOE_ENRA27(1.0),11/09/25 23:00:00,Annual,16 years,Females,Percentage,Italy,2018,3.44,d,
ESTAT:EDUC_UOE_ENRA27(1.0),11/09/25 23:00:00,Annual,16 years,Females,Percentage,Italy,2019,3.51,d,
ESTAT:EDUC_UOE_ENRA27(1.0),11/09/25 23:00:00,Annual,16 years,Females,Percentage,Italy,2020,3.15,,
ESTAT:EDUC_UOE_ENRA27(1.0),11/09/25 23:00:00,Annual,16 years,Females,Percentage,Italy,2021,2.56,,
ESTAT:EDUC_UOE_ENRA27(1.0),11/09/25 23:00:00,Annual,16 years,Females,Percentage,Italy,2022,3.53,,
ESTAT:EDUC_UOE_ENRA27(1.0),11/09/25 23:00:00,Annual,16 years,Females,Percentage,Italy,2023,3.57,,
ESTAT:EDUC_UOE_ENRA27(1.0),11/09/25 23:00:00,Annual,16 years,Females,Percentage,Liechtenstein,2015,18.81,,
ESTAT:EDUC_UOE_ENRA27(1.0),11/09/25 23:00:00,Annual,16 years,Females,Percentage,Liechtenstein,2016,14.86,,
ESTAT:EDUC_UOE_ENRA27(1.0),11/09/25 23:00:00,Annual,16 years,Females,Percentage,Liechtenstein,2017,17.91,,
ESTAT:EDUC_UOE_ENRA27(1.0),11/09/25 23:00:00,Annual,16 years,Females,Percentage,Liechtenstein,2018,22.53,,
ESTAT:EDUC_UOE_ENRA27(1.0),11/09/25 23:00:00,Annual,16 years,Females,Percentage,Liechtenstein,2019,7.54,,
ESTAT:EDUC_UOE_ENRA27(1.0),11/09/25 23:00:00,Annual,16 years,Females,Percentage,Liechtenstein,2020,16.09,,
ESTAT:EDUC_UOE_ENRA27(1.0),11/09/25 23:00:00,Annual,16 years,Females,Percentage,Liechtenstein,2021,11.56,,
ESTAT:EDUC_UOE_ENRA27(1.0),11/09/25 23:00:00,Annual,16 years,Females,Percentage,Liechtenstein,2022,22.93,,
ESTAT:EDUC_UOE_ENRA27(1.0),11/09/25 23:00:00,Annual,16 years,Females,Percentage,Lithuania,2015,0.42,,
ESTAT:EDUC_UOE_ENRA27(1.0),11/09/25 23:00:00,Annual,16 years,Females,Percentage,Lithuania,2016,0.31,,
ESTAT:EDUC_UOE_ENRA27(1.0),11/09/25 23:00:00,Annual,16 years,Females,Percentage,Lithuania,2017,0.55,,
ESTAT:EDUC_UOE_ENRA27(1.0),11/09/25 23:00:00,Annual,16 years,Females,Percentage,Lithuania,2018,0.17,,
ESTAT:EDUC_UOE_ENRA27(1.0),11/09/25 23:00:00,Annual,16 years,Females,Percentage,Lithuania,2019,0.02,,
ESTAT:EDUC_UOE_ENRA27(1.0),11/09/25 23:00:00,Annual,16 years,Females,Percentage,Lithuania,2020,0.00,,
ESTAT:EDUC_UOE_ENRA27(1.0),11/09/25 23:00:00,Annual,16 years,Females,Percentage,Lithuania,2021,0.00,,
ESTAT:EDUC_UOE_ENRA27(1.0),11/09/25 23:00:00,Annual,16 years,Females,Percentage,Lithuania,2022,0.00,,
ESTAT:EDUC_UOE_ENRA27(1.0),11/09/25 23:00:00,Annual,16 years,Females,Percentage,Lithuania,2023,0.00,,
ESTAT:EDUC_UOE_ENRA27(1.0),11/09/25 23:00:00,Annual,16 years,Females,Percentage,Luxembourg,2015,8.75,,
ESTAT:EDUC_UOE_ENRA27(1.0),11/09/25 23:00:00,Annual,16 years,Females,Percentage,Luxembourg,2016,7.73,,
ESTAT:EDUC_UOE_ENRA27(1.0),11/09/25 23:00:00,Annual,16 years,Females,Percentage,Luxembourg,2017,9.74,,
ESTAT:EDUC_UOE_ENRA27(1.0),11/09/25 23:00:00,Annual,16 years,Females,Percentage,Luxembourg,2018,6.02,,
ESTAT:EDUC_UOE_ENRA27(1.0),11/09/25 23:00:00,Annual,16 years,Females,Percentage,Luxembourg,2019,7.93,,
ESTAT:EDUC_UOE_ENRA27(1.0),11/09/25 23:00:00,Annual,16 years,Females,Percentage,Luxembourg,2020,7.01,,
ESTAT:EDUC_UOE_ENRA27(1.0),11/09/25 23:00:00,Annual,16 years,Females,Percentage,Luxembourg,2021,8.29,,
ESTAT:EDUC_UOE_ENRA27(1.0),11/09/25 23:00:00,Annual,16 years,Females,Percentage,Luxembourg,2022,4.95,,
ESTAT:EDUC_UOE_ENRA27(1.0),11/09/25 23:00:00,Annual,16 years,Females,Percentage,Luxembourg,2023,4.36,,
ESTAT:EDUC_UOE_ENRA27(1.0),11/09/25 23:00:00,Annual,16 years,Females,Percentage,Latvia,2015,1.27,,
ESTAT:EDUC_UOE_ENRA27(1.0),11/09/25 23:00:00,Annual,16 years,Females,Percentage,Latvia,2016,3.47,,
ESTAT:EDUC_UOE_ENRA27(1.0),11/09/25 23:00:00,Annual,16 years,Females,Percentage,Latvia,2017,1.49,,
ESTAT:EDUC_UOE_ENRA27(1.0),11/09/25 23:00:00,Annual,16 years,Females,Percentage,Latvia,2018,1.17,,
ESTAT:EDUC_UOE_ENRA27(1.0),11/09/25 23:00:00,Annual,16 years,Females,Percentage,Latvia,2019,2.00,,
ESTAT:EDUC_UOE_ENRA27(1.0),11/09/25 23:00:00,Annual,16 years,Females,Percentage,Latvia,2020,3.21,,
ESTAT:EDUC_UOE_ENRA27(1.0),11/09/25 23:00:00,Annual,16 years,Females,Percentage,Latvia,2021,2.56,,
ESTAT:EDUC_UOE_ENRA27(1.0),11/09/25 23:00:00,Annual,16 years,Females,Percentage,Latvia,2022,3.07,,
ESTAT:EDUC_UOE_ENRA27(1.0),11/09/25 23:00:00,Annual,16 years,Females,Percentage,Latvia,2023,4.31,,
ESTAT:EDUC_UOE_ENRA27(1.0),11/09/25 23:00:00,Annual,16 years,Females,Percentage,Montenegro,2015,6.93,d,
ESTAT:EDUC_UOE_ENRA27(1.0),11/09/25 23:00:00,Annual,16 years,Females,Percentage,Montenegro,2016,8.47,,
ESTAT:EDUC_UOE_ENRA27(1.0),11/09/25 23:00:00,Annual,16 years,Females,Percentage,Montenegro,2017,5.50,,
ESTAT:EDUC_UOE_ENRA27(1.0),11/09/25 23:00:00,Annual,16 years,Females,Percentage,Montenegro,2018,8.45,,
ESTAT:EDUC_UOE_ENRA27(1.0),11/09/25 23:00:00,Annual,16 years,Females,Percentage,Montenegro,2019,10.10,,
ESTAT:EDUC_UOE_ENRA27(1.0),11/09/25 23:00:00,Annual,16 years,Females,Percentage,Montenegro,2020,8.91,,
ESTAT:EDUC_UOE_ENRA27(1.0),11/09/25 23:00:00,Annual,16 years,Females,Percentage,Montenegro,2021,6.70,,
ESTAT:EDUC_UOE_ENRA27(1.0),11/09/25 23:00:00,Annual,16 years,Females,Percentage,Montenegro,2023,7.06,,
ESTAT:EDUC_UOE_ENRA27(1.0),11/09/25 23:00:00,Annual,16 years,Females,Percentage,North Macedonia,2015,,d,
ESTAT:EDUC_UOE_ENRA27(1.0),11/09/25 23:00:00,Annual,16 years,Females,Percentage,North Macedonia,2016,,d,
ESTAT:EDUC_UOE_ENRA27(1.0),11/09/25 23:00:00,Annual,16 years,Females,Percentage,North Macedonia,2017,,d,
ESTAT:EDUC_UOE_ENRA27(1.0),11/09/25 23:00:00,Annual,16 years,Females,Percentage,North Macedonia,2018,99.40,d,
ESTAT:EDUC_UOE_ENRA27(1.0),11/09/25 23:00:00,Annual,16 years,Females,Percentage,North Macedonia,2019,99.47,,
ESTAT:EDUC_UOE_ENRA27(1.0),11/09/25 23:00:00,Annual,16 years,Females,Percentage,North Macedonia,2020,,d,
ESTAT:EDUC_UOE_ENRA27(1.0),11/09/25 23:00:00,Annual,16 years,Females,Percentage,North Macedonia,2021,,d,
ESTAT:EDUC_UOE_ENRA27(1.0),11/09/25 23:00:00,Annual,16 years,Females,Percentage,North Macedonia,2022,,d,
ESTAT:EDUC_UOE_ENRA27(1.0),11/09/25 23:00:00,Annual,16 years,Females,Percentage,North Macedonia,2023,,d,
ESTAT:EDUC_UOE_ENRA27(1.0),11/09/25 23:00:00,Annual,16 years,Females,Percentage,Malta,2015,8.16,,
ESTAT:EDUC_UOE_ENRA27(1.0),11/09/25 23:00:00,Annual,16 years,Females,Percentage,Malta,2016,14.68,,
ESTAT:EDUC_UOE_ENRA27(1.0),11/09/25 23:00:00,Annual,16 years,Females,Percentage,Malta,2017,17.28,,
ESTAT:EDUC_UOE_ENRA27(1.0),11/09/25 23:00:00,Annual,16 years,Females,Percentage,Malta,2018,15.37,,
ESTAT:EDUC_UOE_ENRA27(1.0),11/09/25 23:00:00,Annual,16 years,Females,Percentage,Malta,2019,14.90,,
ESTAT:EDUC_UOE_ENRA27(1.0),11/09/25 23:00:00,Annual,16 years,Females,Percentage,Malta,2020,14.06,,
ESTAT:EDUC_UOE_ENRA27(1.0),11/09/25 23:00:00,Annual,16 years,Females,Percentage,Malta,2021,13.63,,
ESTAT:EDUC_UOE_ENRA27(1.0),11/09/25 23:00:00,Annual,16 years,Females,Percentage,Malta,2022,14.44,,
ESTAT:EDUC_UOE_ENRA27(1.0),11/09/25 23:00:00,Annual,16 years,Females,Percentage,Malta,2023,12.94,,
ESTAT:EDUC_UOE_ENRA27(1.0),11/09/25 23:00:00,Annual,16 years,Females,Percentage,Netherlands,2015,0.89,,
ESTAT:EDUC_UOE_ENRA27(1.0),11/09/25 23:00:00,Annual,16 years,Females,Percentage,Netherlands,2016,0.87,,
ESTAT:EDUC_UOE_ENRA27(1.0),11/09/25 23:00:00,Annual,16 years,Females,Percentage,Netherlands,2017,0.90,,
ESTAT:EDUC_UOE_ENRA27(1.0),11/09/25 23:00:00,Annual,16 years,Females,Percentage,Netherlands,2018,0.86,,
ESTAT:EDUC_UOE_ENRA27(1.0),11/09/25 23:00:00,Annual,16 years,Females,Percentage,Netherlands,2019,0.73,,
ESTAT:EDUC_UOE_ENRA27(1.0),11/09/25 23:00:00,Annual,16 years,Females,Percentage,Netherlands,2020,0.70,e,
ESTAT:EDUC_UOE_ENRA27(1.0),11/09/25 23:00:00,Annual,16 years,Females,Percentage,Netherlands,2021,0.72,e,
ESTAT:EDUC_UOE_ENRA27(1.0),11/09/25 23:00:00,Annual,16 years,Females,Percentage,Netherlands,2022,0.83,,
ESTAT:EDUC_UOE_ENRA27(1.0),11/09/25 23:00:00,Annual,16 years,Females,Percentage,Netherlands,2023,1.21,,
ESTAT:EDUC_UOE_ENRA27(1.0),11/09/25 23:00:00,Annual,16 years,Females,Percentage,Norway,2015,4.46,,
ESTAT:EDUC_UOE_ENRA27(1.0),11/09/25 23:00:00,Annual,16 years,Females,Percentage,Norway,2016,4.43,,
ESTAT:EDUC_UOE_ENRA27(1.0),11/09/25 23:00:00,Annual,16 years,Females,Percentage,Norway,2017,4.60,,
ESTAT:EDUC_UOE_ENRA27(1.0),11/09/25 23:00:00,Annual,16 years,Females,Percentage,Norway,2018,4.32,,
ESTAT:EDUC_UOE_ENRA27(1.0),11/09/25 23:00:00,Annual,16 years,Females,Percentage,Norway,2019,4.65,,
ESTAT:EDUC_UOE_ENRA27(1.0),11/09/25 23:00:00,Annual,16 years,Females,Percentage,Norway,2020,4.41,,
ESTAT:EDUC_UOE_ENRA27(1.0),11/09/25 23:00:00,Annual,16 years,Females,Percentage,Norway,2021,4.09,,
ESTAT:EDUC_UOE_ENRA27(1.0),11/09/25 23:00:00,Annual,16 years,Females,Percentage,Norway,2022,4.40,,
ESTAT:EDUC_UOE_ENRA27(1.0),11/09/25 23:00:00,Annual,16 years,Females,Percentage,Norway,2023,5.00,,
ESTAT:EDUC_UOE_ENRA27(1.0),11/09/25 23:00:00,Annual,16 years,Females,Percentage,Poland,2015,4.18,d,
ESTAT:EDUC_UOE_ENRA27(1.0),11/09/25 23:00:00,Annual,16 years,Females,Percentage,Poland,2016,4.59,d,
ESTAT:EDUC_UOE_ENRA27(1.0),11/09/25 23:00:00,Annual,16 years,Females,Percentage,Poland,2017,4.66,d,
ESTAT:EDUC_UOE_ENRA27(1.0),11/09/25 23:00:00,Annual,16 years,Females,Percentage,Poland,2018,4.46,e,
ESTAT:EDUC_UOE_ENRA27(1.0),11/09/25 23:00:00,Annual,16 years,Females,Percentage,Poland,2019,4.26,e,
ESTAT:EDUC_UOE_ENRA27(1.0),11/09/25 23:00:00,Annual,16 years,Females,Percentage,Poland,2020,4.44,e,
ESTAT:EDUC_UOE_ENRA27(1.0),11/09/25 23:00:00,Annual,16 years,Females,Percentage,Poland,2021,0.00,p,
ESTAT:EDUC_UOE_ENRA27(1.0),11/09/25 23:00:00,Annual,16 years,Females,Percentage,Poland,2022,0.00,p,
ESTAT:EDUC_UOE_ENRA27(1.0),11/09/25 23:00:00,Annual,16 years,Females,Percentage,Poland,2023,0.00,p,
ESTAT:EDUC_UOE_ENRA27(1.0),11/09/25 23:00:00,Annual,16 years,Females,Percentage,Portugal,2015,0.19,,
ESTAT:EDUC_UOE_ENRA27(1.0),11/09/25 23:00:00,Annual,16 years,Females,Percentage,Portugal,2016,1.86,,
ESTAT:EDUC_UOE_ENRA27(1.0),11/09/25 23:00:00,Annual,16 years,Females,Percentage,Portugal,2017,1.41,,
ESTAT:EDUC_UOE_ENRA27(1.0),11/09/25 23:00:00,Annual,16 years,Females,Percentage,Portugal,2018,0.00,,
ESTAT:EDUC_UOE_ENRA27(1.0),11/09/25 23:00:00,Annual,16 years,Females,Percentage,Portugal,2019,0.00,,
ESTAT:EDUC_UOE_ENRA27(1.0),11/09/25 23:00:00,Annual,16 years,Females,Percentage,Portugal,2020,0.00,,
ESTAT:EDUC_UOE_ENRA27(1.0),11/09/25 23:00:00,Annual,16 years,Females,Percentage,Portugal,2021,0.00,,
ESTAT:EDUC_UOE_ENRA27(1.0),11/09/25 23:00:00,Annual,16 years,Females,Percentage,Portugal,2022,0.00,,
ESTAT:EDUC_UOE_ENRA27(1.0),11/09/25 23:00:00,Annual,16 years,Females,Percentage,Portugal,2023,0.00,,
ESTAT:EDUC_UOE_ENRA27(1.0),11/09/25 23:00:00,Annual,16 years,Females,Percentage,Romania,2015,19.14,,
ESTAT:EDUC_UOE_ENRA27(1.0),11/09/25 23:00:00,Annual,16 years,Females,Percentage,Romania,2016,18.99,d,
ESTAT:EDUC_UOE_ENRA27(1.0),11/09/25 23:00:00,Annual,16 years,Females,Percentage,Romania,2017,19.31,d,
ESTAT:EDUC_UOE_ENRA27(1.0),11/09/25 23:00:00,Annual,16 years,Females,Percentage,Romania,2018,17.74,d,
ESTAT:EDUC_UOE_ENRA27(1.0),11/09/25 23:00:00,Annual,16 years,Females,Percentage,Romania,2019,18.49,d,
ESTAT:EDUC_UOE_ENRA27(1.0),11/09/25 23:00:00,Annual,16 years,Females,Percentage,Romania,2020,18.62,d,
ESTAT:EDUC_UOE_ENRA27(1.0),11/09/25 23:00:00,Annual,16 years,Females,Percentage,Romania,2021,18.89,d,
ESTAT:EDUC_UOE_ENRA27(1.0),11/09/25 23:00:00,Annual,16 years,Females,Percentage,Romania,2022,21.79,,
ESTAT:EDUC_UOE_ENRA27(1.0),11/09/25 23:00:00,Annual,16 years,Females,Percentage,Romania,2023,24.04,,
ESTAT:EDUC_UOE_ENRA27(1.0),11/09/25 23:00:00,Annual,16 years,Females,Percentage,Serbia,2015,5.77,,
ESTAT:EDUC_UOE_ENRA27(1.0),11/09/25 23:00:00,Annual,16 years,Females,Percentage,Serbia,2016,6.90,,
ESTAT:EDUC_UOE_ENRA27(1.0),11/09/25 23:00:00,Annual,16 years,Females,Percentage,Serbia,2017,4.44,,
ESTAT:EDUC_UOE_ENRA27(1.0),11/09/25 23:00:00,Annual,16 years,Females,Percentage,Serbia,2018,8.72,,
ESTAT:EDUC_UOE_ENRA27(1.0),11/09/25 23:00:00,Annual,16 years,Females,Percentage,Serbia,2019,8.72,,
ESTAT:EDUC_UOE_ENRA27(1.0),11/09/25 23:00:00,Annual,16 years,Females,Percentage,Serbia,2020,8.17,,
ESTAT:EDUC_UOE_ENRA27(1.0),11/09/25 23:00:00,Annual,16 years,Females,Percentage,Serbia,2021,8.92,,
ESTAT:EDUC_UOE_ENRA27(1.0),11/09/25 23:00:00,Annual,16 years,Females,Percentage,Serbia,2022,8.52,,
ESTAT:EDUC_UOE_ENRA27(1.0),11/09/25 23:00:00,Annual,16 years,Females,Percentage,Serbia,2023,6.54,,
ESTAT:EDUC_UOE_ENRA27(1.0),11/09/25 23:00:00,Annual,16 years,Females,Percentage,Sweden,2015,1.30,,
ESTAT:EDUC_UOE_ENRA27(1.0),11/09/25 23:00:00,Annual,16 years,Females,Percentage,Sweden,2016,0.91,,
ESTAT:EDUC_UOE_ENRA27(1.0),11/09/25 23:00:00,Annual,16 years,Females,Percentage,Sweden,2017,0.52,,
ESTAT:EDUC_UOE_ENRA27(1.0),11/09/25 23:00:00,Annual,16 years,Females,Percentage,Sweden,2018,1.17,,
ESTAT:EDUC_UOE_ENRA27(1.0),11/09/25 23:00:00,Annual,16 years,Females,Percentage,Sweden,2019,1.56,,
ESTAT:EDUC_UOE_ENRA27(1.0),11/09/25 23:00:00,Annual,16 years,Females,Percentage,Sweden,2020,1.40,,
ESTAT:EDUC_UOE_ENRA27(1.0),11/09/25 23:00:00,Annual,16 years,Females,Percentage,Sweden,2021,1.10,,
ESTAT:EDUC_UOE_ENRA27(1.0),11/09/25 23:00:00,Annual,16 years,Females,Percentage,Sweden,2022,1.33,,
ESTAT:EDUC_UOE_ENRA27(1.0),11/09/25 23:00:00,Annual,16 years,Females,Percentage,Sweden,2023,0.94,,
ESTAT:EDUC_UOE_ENRA27(1.0),11/09/25 23:00:00,Annual,16 years,Females,Percentage,Slovenia,2015,2.09,d,
ESTAT:EDUC_UOE_ENRA27(1.0),11/09/25 23:00:00,Annual,16 years,Females,Percentage,Slovenia,2016,3.40,d,
ESTAT:EDUC_UOE_ENRA27(1.0),11/09/25 23:00:00,Annual,16 years,Females,Percentage,Slovenia,2017,3.70,d,
ESTAT:EDUC_UOE_ENRA27(1.0),11/09/25 23:00:00,Annual,16 years,Females,Percentage,Slovenia,2018,2.56,,
ESTAT:EDUC_UOE_ENRA27(1.0),11/09/25 23:00:00,Annual,16 years,Females,Percentage,Slovenia,2019,2.29,,
ESTAT:EDUC_UOE_ENRA27(1.0),11/09/25 23:00:00,Annual,16 years,Females,Percentage,Slovenia,2020,2.40,,
ESTAT:EDUC_UOE_ENRA27(1.0),11/09/25 23:00:00,Annual,16 years,Females,Percentage,Slovenia,2021,2.86,,
ESTAT:EDUC_UOE_ENRA27(1.0),11/09/25 23:00:00,Annual,16 years,Females,Percentage,Slovenia,2022,2.18,,
ESTAT:EDUC_UOE_ENRA27(1.0),11/09/25 23:00:00,Annual,16 years,Females,Percentage,Slovenia,2023,2.68,,
ESTAT:EDUC_UOE_ENRA27(1.0),11/09/25 23:00:00,Annual,16 years,Females,Percentage,Slovakia,2015,6.67,,
ESTAT:EDUC_UOE_ENRA27(1.0),11/09/25 23:00:00,Annual,16 years,Females,Percentage,Slovakia,2016,8.18,,
ESTAT:EDUC_UOE_ENRA27(1.0),11/09/25 23:00:00,Annual,16 years,Females,Percentage,Slovakia,2017,7.82,,
ESTAT:EDUC_UOE_ENRA27(1.0),11/09/25 23:00:00,Annual,16 years,Females,Percentage,Slovakia,2018,8.13,,
ESTAT:EDUC_UOE_ENRA27(1.0),11/09/25 23:00:00,Annual,16 years,Females,Percentage,Slovakia,2019,9.09,,
ESTAT:EDUC_UOE_ENRA27(1.0),11/09/25 23:00:00,Annual,16 years,Females,Percentage,Slovakia,2020,8.61,,
ESTAT:EDUC_UOE_ENRA27(1.0),11/09/25 23:00:00,Annual,16 years,Females,Percentage,Slovakia,2021,9.39,,
ESTAT:EDUC_UOE_ENRA27(1.0),11/09/25 23:00:00,Annual,16 years,Females,Percentage,Slovakia,2022,8.15,,
ESTAT:EDUC_UOE_ENRA27(1.0),11/09/25 23:00:00,Annual,16 years,Females,Percentage,Slovakia,2023,7.58,,
ESTAT:EDUC_UOE_ENRA27(1.0),11/09/25 23:00:00,Annual,16 years,Females,Percentage,Türkiye,2015,15.30,,
ESTAT:EDUC_UOE_ENRA27(1.0),11/09/25 23:00:00,Annual,16 years,Females,Percentage,Türkiye,2016,16.22,,
ESTAT:EDUC_UOE_ENRA27(1.0),11/09/25 23:00:00,Annual,16 years,Females,Percentage,Türkiye,2017,12.71,,
ESTAT:EDUC_UOE_ENRA27(1.0),11/09/25 23:00:00,Annual,16 years,Females,Percentage,Türkiye,2018,11.21,,
ESTAT:EDUC_UOE_ENRA27(1.0),11/09/25 23:00:00,Annual,16 years,Females,Percentage,Türkiye,2019,12.27,,
ESTAT:EDUC_UOE_ENRA27(1.0),11/09/25 23:00:00,Annual,16 years,Females,Percentage,Türkiye,2020,11.09,,
ESTAT:EDUC_UOE_ENRA27(1.0),11/09/25 23:00:00,Annual,16 years,Females,Percentage,Türkiye,2021,9.61,,
ESTAT:EDUC_UOE_ENRA27(1.0),11/09/25 23:00:00,Annual,16 years,Females,Percentage,Türkiye,2022,6.51,,
ESTAT:EDUC_UOE_ENRA27(1.0),11/09/25 23:00:00,Annual,16 years,Females,Percentage,Türkiye,2023,0.00,,
ESTAT:EDUC_UOE_ENRA27(1.0),11/09/25 23:00:00,Annual,16 years,Females,Percentage,United Kingdom,2015,0.31,d,
ESTAT:EDUC_UOE_ENRA27(1.0),11/09/25 23:00:00,Annual,16 years,Females,Percentage,United Kingdom,2016,0.00,d,
ESTAT:EDUC_UOE_ENRA27(1.0),11/09/25 23:00:00,Annual,16 years,Females,Percentage,United Kingdom,2017,0.00,d,
ESTAT:EDUC_UOE_ENRA27(1.0),11/09/25 23:00:00,Annual,16 years,Females,Percentage,United Kingdom,2018,0.91,d,
ESTAT:EDUC_UOE_ENRA27(1.0),11/09/25 23:00:00,Annual,16 years,Females,Percentage,United Kingdom,2019,1.86,d,
ESTAT:EDUC_UOE_ENRA27(1.0),11/09/25 23:00:00,Annual,16 years,Males,Percentage,Albania,2021,14.81,,
ESTAT:EDUC_UOE_ENRA27(1.0),11/09/25 23:00:00,Annual,16 years,Males,Percentage,Albania,2022,12.56,,
ESTAT:EDUC_UOE_ENRA27(1.0),11/09/25 23:00:00,Annual,16 years,Males,Percentage,Albania,2023,7.48,,
ESTAT:EDUC_UOE_ENRA27(1.0),11/09/25 23:00:00,Annual,16 years,Males,Percentage,Austria,2015,9.82,,
ESTAT:EDUC_UOE_ENRA27(1.0),11/09/25 23:00:00,Annual,16 years,Males,Percentage,Austria,2016,13.11,,
ESTAT:EDUC_UOE_ENRA27(1.0),11/09/25 23:00:00,Annual,16 years,Males,Percentage,Austria,2017,12.37,,
ESTAT:EDUC_UOE_ENRA27(1.0),11/09/25 23:00:00,Annual,16 years,Males,Percentage,Austria,2018,12.11,,
ESTAT:EDUC_UOE_ENRA27(1.0),11/09/25 23:00:00,Annual,16 years,Males,Percentage,Austria,2019,11.09,,
ESTAT:EDUC_UOE_ENRA27(1.0),11/09/25 23:00:00,Annual,16 years,Males,Percentage,Austria,2020,11.04,,
ESTAT:EDUC_UOE_ENRA27(1.0),11/09/25 23:00:00,Annual,16 years,Males,Percentage,Austria,2021,10.39,,
ESTAT:EDUC_UOE_ENRA27(1.0),11/09/25 23:00:00,Annual,16 years,Males,Percentage,Austria,2022,11.35,,
ESTAT:EDUC_UOE_ENRA27(1.0),11/09/25 23:00:00,Annual,16 years,Males,Percentage,Austria,2023,12.26,,
ESTAT:EDUC_UOE_ENRA27(1.0),11/09/25 23:00:00,Annual,16 years,Males,Percentage,Belgium,2015,2.77,,
ESTAT:EDUC_UOE_ENRA27(1.0),11/09/25 23:00:00,Annual,16 years,Males,Percentage,Belgium,2016,2.87,,
ESTAT:EDUC_UOE_ENRA27(1.0),11/09/25 23:00:00,Annual,16 years,Males,Percentage,Belgium,2017,0.95,,
ESTAT:EDUC_UOE_ENRA27(1.0),11/09/25 23:00:00,Annual,16 years,Males,Percentage,Belgium,2018,0.81,,
ESTAT:EDUC_UOE_ENRA27(1.0),11/09/25 23:00:00,Annual,16 years,Males,Percentage,Belgium,2019,1.88,,
ESTAT:EDUC_UOE_ENRA27(1.0),11/09/25 23:00:00,Annual,16 years,Males,Percentage,Belgium,2020,0.76,bd,
ESTAT:EDUC_UOE_ENRA27(1.0),11/09/25 23:00:00,Annual,16 years,Males,Percentage,Belgium,2021,1.13,,
ESTAT:EDUC_UOE_ENRA27(1.0),11/09/25 23:00:00,Annual,16 years,Males,Percentage,Belgium,2022,1.91,,
ESTAT:EDUC_UOE_ENRA27(1.0),11/09/25 23:00:00,Annual,16 years,Males,Percentage,Belgium,2023,1.51,,
ESTAT:EDUC_UOE_ENRA27(1.0),11/09/25 23:00:00,Annual,16 years,Males,Percentage,Bulgaria,2015,2.64,,
ESTAT:EDUC_UOE_ENRA27(1.0),11/09/25 23:00:00,Annual,16 years,Males,Percentage,Bulgaria,2016,3.27,,
ESTAT:EDUC_UOE_ENRA27(1.0),11/09/25 23:00:00,Annual,16 years,Males,Percentage,Bulgaria,2017,5.78,,
ESTAT:EDUC_UOE_ENRA27(1.0),11/09/25 23:00:00,Annual,16 years,Males,Percentage,Bulgaria,2018,5.49,,
ESTAT:EDUC_UOE_ENRA27(1.0),11/09/25 23:00:00,Annual,16 years,Males,Percentage,Bulgaria,2019,0.95,,
ESTAT:EDUC_UOE_ENRA27(1.0),11/09/25 23:00:00,Annual,16 years,Males,Percentage,Bulgaria,2020,4.93,,
ESTAT:EDUC_UOE_ENRA27(1.0),11/09/25 23:00:00,Annual,16 years,Males,Percentage,Bulgaria,2021,4.19,,
ESTAT:EDUC_UOE_ENRA27(1.0),11/09/25 23:00:00,Annual,16 years,Males,Percentage,Bulgaria,2022,6.83,,
ESTAT:EDUC_UOE_ENRA27(1.0),11/09/25 23:00:00,Annual,16 years,Males,Percentage,Bulgaria,2023,7.80,,
ESTAT:EDUC_UOE_ENRA27(1.0),11/09/25 23:00:00,Annual,16 years,Males,Percentage,Switzerland,2015,4.96,,
ESTAT:EDUC_UOE_ENRA27(1.0),11/09/25 23:00:00,Annual,16 years,Males,Percentage,Switzerland,2016,5.32,,
ESTAT:EDUC_UOE_ENRA27(1.0),11/09/25 23:00:00,Annual,16 years,Males,Percentage,Switzerland,2017,5.55,,
ESTAT:EDUC_UOE_ENRA27(1.0),11/09/25 23:00:00,Annual,16 years,Males,Percentage,Switzerland,2018,5.59,,
ESTAT:EDUC_UOE_ENRA27(1.0),11/09/25 23:00:00,Annual,16 years,Males,Percentage,Switzerland,2019,5.63,,
ESTAT:EDUC_UOE_ENRA27(1.0),11/09/25 23:00:00,Annual,16 years,Males,Percentage,Switzerland,2020,5.51,,
ESTAT:EDUC_UOE_ENRA27(1.0),11/09/25 23:00:00,Annual,16 years,Males,Percentage,Switzerland,2021,5.13,,
ESTAT:EDUC_UOE_ENRA27(1.0),11/09/25 23:00:00,Annual,16 years,Males,Percentage,Switzerland,2022,4.87,,
ESTAT:EDUC_UOE_ENRA27(1.0),11/09/25 23:00:00,Annual,16 years,Males,Percentage,Switzerland,2023,4.44,,
ESTAT:EDUC_UOE_ENRA27(1.0),11/09/25 23:00:00,Annual,16 years,Males,Percentage,Cyprus,2015,7.91,,
ESTAT:EDUC_UOE_ENRA27(1.0),11/09/25 23:00:00,Annual,16 years,Males,Percentage,Cyprus,2016,3.05,,
ESTAT:EDUC_UOE_ENRA27(1.0),11/09/25 23:00:00,Annual,16 years,Males,Percentage,Cyprus,2017,4.85,,
ESTAT:EDUC_UOE_ENRA27(1.0),11/09/25 23:00:00,Annual,16 years,Males,Percentage,Cyprus,2018,6.47,,
ESTAT:EDUC_UOE_ENRA27(1.0),11/09/25 23:00:00,Annual,16 years,Males,Percentage,Cyprus,2019,4.37,,
ESTAT:EDUC_UOE_ENRA27(1.0),11/09/25 23:00:00,Annual,16 years,Males,Percentage,Cyprus,2020,9.59,,
ESTAT:EDUC_UOE_ENRA27(1.0),11/09/25 23:00:00,Annual,16 years,Males,Percentage,Cyprus,2021,3.24,,
ESTAT:EDUC_UOE_ENRA27(1.0),11/09/25 23:00:00,Annual,16 years,Males,Percentage,Cyprus,2022,3.94,,
ESTAT:EDUC_UOE_ENRA27(1.0),11/09/25 23:00:00,Annual,16 years,Males,Percentage,Cyprus,2023,2.98,,
ESTAT:EDUC_UOE_ENRA27(1.0),11/09/25 23:00:00,Annual,16 years,Males,Percentage,Czechia,2015,1.76,,
ESTAT:EDUC_UOE_ENRA27(1.0),11/09/25 23:00:00,Annual,16 years,Males,Percentage,Czechia,2016,2.27,,
ESTAT:EDUC_UOE_ENRA27(1.0),11/09/25 23:00:00,Annual,16 years,Males,Percentage,Czechia,2017,2.19,,
ESTAT:EDUC_UOE_ENRA27(1.0),11/09/25 23:00:00,Annual,16 years,Males,Percentage,Czechia,2018,,d,
ESTAT:EDUC_UOE_ENRA27(1.0),11/09/25 23:00:00,Annual,16 years,Males,Percentage,Czechia,2019,,d,
ESTAT:EDUC_UOE_ENRA27(1.0),11/09/25 23:00:00,Annual,16 years,Males,Percentage,Czechia,2020,,d,
ESTAT:EDUC_UOE_ENRA27(1.0),11/09/25 23:00:00,Annual,16 years,Males,Percentage,Czechia,2021,2.10,,
ESTAT:EDUC_UOE_ENRA27(1.0),11/09/25 23:00:00,Annual,16 years,Males,Percentage,Czechia,2022,1.01,,
ESTAT:EDUC_UOE_ENRA27(1.0),11/09/25 23:00:00,Annual,16 years,Males,Percentage,Czechia,2023,3.01,d,
ESTAT:EDUC_UOE_ENRA27(1.0),11/09/25 23:00:00,Annual,16 years,Males,Percentage,Germany,2015,2.84,d,
ESTAT:EDUC_UOE_ENRA27(1.0),11/09/25 23:00:00,Annual,16 years,Males,Percentage,Germany,2016,5.16,d,
ESTAT:EDUC_UOE_ENRA27(1.0),11/09/25 23:00:00,Annual,16 years,Males,Percentage,Germany,2017,3.52,d,
ESTAT:EDUC_UOE_ENRA27(1.0),11/09/25 23:00:00,Annual,16 years,Males,Percentage,Germany,2018,4.91,d,
ESTAT:EDUC_UOE_ENRA27(1.0),11/09/25 23:00:00,Annual,16 years,Males,Percentage,Germany,2019,4.44,,
ESTAT:EDUC_UOE_ENRA27(1.0),11/09/25 23:00:00,Annual,16 years,Males,Percentage,Germany,2020,5.22,bd,
ESTAT:EDUC_UOE_ENRA27(1.0),11/09/25 23:00:00,Annual,16 years,Males,Percentage,Germany,2021,2.80,,
ESTAT:EDUC_UOE_ENRA27(1.0),11/09/25 23:00:00,Annual,16 years,Males,Percentage,Germany,2022,4.87,,
ESTAT:EDUC_UOE_ENRA27(1.0),11/09/25 23:00:00,Annual,16 years,Males,Percentage,Germany,2023,3.81,,
ESTAT:EDUC_UOE_ENRA27(1.0),11/09/25 23:00:00,Annual,16 years,Males,Percentage,Denmark,2015,4.69,,
ESTAT:EDUC_UOE_ENRA27(1.0),11/09/25 23:00:00,Annual,16 years,Males,Percentage,Denmark,2016,4.85,,
ESTAT:EDUC_UOE_ENRA27(1.0),11/09/25 23:00:00,Annual,16 years,Males,Percentage,Denmark,2017,5.56,,
ESTAT:EDUC_UOE_ENRA27(1.0),11/09/25 23:00:00,Annual,16 years,Males,Percentage,Denmark,2018,4.43,,
ESTAT:EDUC_UOE_ENRA27(1.0),11/09/25 23:00:00,Annual,16 years,Males,Percentage,Denmark,2019,4.12,,
ESTAT:EDUC_UOE_ENRA27(1.0),11/09/25 23:00:00,Annual,16 years,Males,Percentage,Denmark,2020,4.38,,
ESTAT:EDUC_UOE_ENRA27(1.0),11/09/25 23:00:00,Annual,16 years,Males,Percentage,Denmark,2021,4.16,,
ESTAT:EDUC_UOE_ENRA27(1.0),11/09/25 23:00:00,Annual,16 years,Males,Percentage,Denmark,2022,3.98,,
ESTAT:EDUC_UOE_ENRA27(1.0),11/09/25 23:00:00,Annual,16 years,Males,Percentage,Denmark,2023,5.09,,
ESTAT:EDUC_UOE_ENRA27(1.0),11/09/25 23:00:00,Annual,16 years,Males,Percentage,Estonia,2015,3.86,,
ESTAT:EDUC_UOE_ENRA27(1.0),11/09/25 23:00:00,Annual,16 years,Males,Percentage,Estonia,2016,3.69,,
ESTAT:EDUC_UOE_ENRA27(1.0),11/09/25 23:00:00,Annual,16 years,Males,Percentage,Estonia,2017,3.92,,
ESTAT:EDUC_UOE_ENRA27(1.0),11/09/25 23:00:00,Annual,16 years,Males,Percentage,Estonia,2018,3.94,,
ESTAT:EDUC_UOE_ENRA27(1.0),11/09/25 23:00:00,Annual,16 years,Males,Percentage,Estonia,2019,3.87,,
ESTAT:EDUC_UOE_ENRA27(1.0),11/09/25 23:00:00,Annual,16 years,Males,Percentage,Estonia,2020,3.69,,
ESTAT:EDUC_UOE_ENRA27(1.0),11/09/25 23:00:00,Annual,16 years,Males,Percentage,Estonia,2021,3.92,,
ESTAT:EDUC_UOE_ENRA27(1.0),11/09/25 23:00:00,Annual,16 years,Males,Percentage,Estonia,2022,3.17,,
ESTAT:EDUC_UOE_ENRA27(1.0),11/09/25 23:00:00,Annual,16 years,Males,Percentage,Estonia,2023,5.22,,
ESTAT:EDUC_UOE_ENRA27(1.0),11/09/25 23:00:00,Annual,16 years,Males,Percentage,Greece,2015,6.25,,
ESTAT:EDUC_UOE_ENRA27(1.0),11/09/25 23:00:00,Annual,16 years,Males,Percentage,Greece,2016,7.23,,
ESTAT:EDUC_UOE_ENRA27(1.0),11/09/25 23:00:00,Annual,16 years,Males,Percentage,Greece,2017,5.66,,
ESTAT:EDUC_UOE_ENRA27(1.0),11/09/25 23:00:00,Annual,16 years,Males,Percentage,Greece,2018,7.79,,
ESTAT:EDUC_UOE_ENRA27(1.0),11/09/25 23:00:00,Annual,16 years,Males,Percentage,Greece,2019,4.22,,
ESTAT:EDUC_UOE_ENRA27(1.0),11/09/25 23:00:00,Annual,16 years,Males,Percentage,Greece,2020,9.67,,
ESTAT:EDUC_UOE_ENRA27(1.0),11/09/25 23:00:00,Annual,16 years,Males,Percentage,Greece,2021,7.36,,
ESTAT:EDUC_UOE_ENRA27(1.0),11/09/25 23:00:00,Annual,16 years,Males,Percentage,Greece,2022,3.60,,
ESTAT:EDUC_UOE_ENRA27(1.0),11/09/25 23:00:00,Annual,16 years,Males,Percentage,Greece,2023,3.33,,
ESTAT:EDUC_UOE_ENRA27(1.0),11/09/25 23:00:00,Annual,16 years,Males,Percentage,Spain,2015,4.92,,
ESTAT:EDUC_UOE_ENRA27(1.0),11/09/25 23:00:00,Annual,16 years,Males,Percentage,Spain,2016,4.47,,
ESTAT:EDUC_UOE_ENRA27(1.0),11/09/25 23:00:00,Annual,16 years,Males,Percentage,Spain,2017,4.52,,
ESTAT:EDUC_UOE_ENRA27(1.0),11/09/25 23:00:00,Annual,16 years,Males,Percentage,Spain,2018,4.48,,
ESTAT:EDUC_UOE_ENRA27(1.0),11/09/25 23:00:00,Annual,16 years,Males,Percentage,Spain,2019,4.18,,
ESTAT:EDUC_UOE_ENRA27(1.0),11/09/25 23:00:00,Annual,16 years,Males,Percentage,Spain,2020,4.62,,
ESTAT:EDUC_UOE_ENRA27(1.0),11/09/25 23:00:00,Annual,16 years,Males,Percentage,Spain,2021,3.75,,
ESTAT:EDUC_UOE_ENRA27(1.0),11/09/25 23:00:00,Annual,16 years,Males,Percentage,Spain,2022,4.65,,
ESTAT:EDUC_UOE_ENRA27(1.0),11/09/25 23:00:00,Annual,16 years,Males,Percentage,Spain,2023,5.00,,
ESTAT:EDUC_UOE_ENRA27(1.0),11/09/25 23:00:00,Annual,16 years,Males,Percentage,European Union - 27 countries (from 2020),2015,4.87,,
ESTAT:EDUC_UOE_ENRA27(1.0),11/09/25 23:00:00,Annual,16 years,Males,Percentage,European Union - 27 countries (from 2020),2016,5.41,,
ESTAT:EDUC_UOE_ENRA27(1.0),11/09/25 23:00:00,Annual,16 years,Males,Percentage,European Union - 27 countries (from 2020),2017,4.95,,
ESTAT:EDUC_UOE_ENRA27(1.0),11/09/25 23:00:00,Annual,16 years,Males,Percentage,European Union - 27 countries (from 2020),2018,4.91,,
ESTAT:EDUC_UOE_ENRA27(1.0),11/09/25 23:00:00,Annual,16 years,Males,Percentage,European Union - 27 countries (from 2020),2019,4.40,,
ESTAT:EDUC_UOE_ENRA27(1.0),11/09/25 23:00:00,Annual,16 years,Males,Percentage,European Union - 27 countries (from 2020),2020,4.93,,
ESTAT:EDUC_UOE_ENRA27(1.0),11/09/25 23:00:00,Annual,16 years,Males,Percentage,European Union - 27 countries (from 2020),2021,3.86,,
ESTAT:EDUC_UOE_ENRA27(1.0),11/09/25 23:00:00,Annual,16 years,Males,Percentage,European Union - 27 countries (from 2020),2022,4.55,,
ESTAT:EDUC_UOE_ENRA27(1.0),11/09/25 23:00:00,Annual,16 years,Males,Percentage,European Union - 27 countries (from 2020),2023,4.65,,
ESTAT:EDUC_UOE_ENRA27(1.0),11/09/25 23:00:00,Annual,16 years,Males,Percentage,European Union - 28 countries (2013-2020),2015,4.42,,
ESTAT:EDUC_UOE_ENRA27(1.0),11/09/25 23:00:00,Annual,16 years,Males,Percentage,European Union - 28 countries (2013-2020),2016,4.77,,
ESTAT:EDUC_UOE_ENRA27(1.0),11/09/25 23:00:00,Annual,16 years,Males,Percentage,European Union - 28 countries (2013-2020),2017,4.53,,
ESTAT:EDUC_UOE_ENRA27(1.0),11/09/25 23:00:00,Annual,16 years,Males,Percentage,European Union - 28 countries (2013-2020),2018,4.66,,
ESTAT:EDUC_UOE_ENRA27(1.0),11/09/25 23:00:00,Annual,16 years,Males,Percentage,European Union - 28 countries (2013-2020),2019,4.38,,
ESTAT:EDUC_UOE_ENRA27(1.0),11/09/25 23:00:00,Annual,16 years,Males,Percentage,Finland,2015,3.72,,
ESTAT:EDUC_UOE_ENRA27(1.0),11/09/25 23:00:00,Annual,16 years,Males,Percentage,Finland,2016,3.47,,
ESTAT:EDUC_UOE_ENRA27(1.0),11/09/25 23:00:00,Annual,16 years,Males,Percentage,Finland,2017,3.91,,
ESTAT:EDUC_UOE_ENRA27(1.0),11/09/25 23:00:00,Annual,16 years,Males,Percentage,Finland,2018,2.99,,
ESTAT:EDUC_UOE_ENRA27(1.0),11/09/25 23:00:00,Annual,16 years,Males,Percentage,Finland,2019,3.48,,
ESTAT:EDUC_UOE_ENRA27(1.0),11/09/25 23:00:00,Annual,16 years,Males,Percentage,Finland,2020,3.04,,
ESTAT:EDUC_UOE_ENRA27(1.0),11/09/25 23:00:00,Annual,16 years,Males,Percentage,Finland,2021,4.26,,
ESTAT:EDUC_UOE_ENRA27(1.0),11/09/25 23:00:00,Annual,16 years,Males,Percentage,Finland,2022,3.41,,
ESTAT:EDUC_UOE_ENRA27(1.0),11/09/25 23:00:00,Annual,16 years,Males,Percentage,Finland,2023,4.98,,
ESTAT:EDUC_UOE_ENRA27(1.0),11/09/25 23:00:00,Annual,16 years,Males,Percentage,France,2015,6.59,,
ESTAT:EDUC_UOE_ENRA27(1.0),11/09/25 23:00:00,Annual,16 years,Males,Percentage,France,2016,5.97,,
ESTAT:EDUC_UOE_ENRA27(1.0),11/09/25 23:00:00,Annual,16 years,Males,Percentage,France,2017,5.95,,
ESTAT:EDUC_UOE_ENRA27(1.0),11/09/25 23:00:00,Annual,16 years,Males,Percentage,France,2018,5.34,p,
ESTAT:EDUC_UOE_ENRA27(1.0),11/09/25 23:00:00,Annual,16 years,Males,Percentage,France,2019,4.64,,
ESTAT:EDUC_UOE_ENRA27(1.0),11/09/25 23:00:00,Annual,16 years,Males,Percentage,France,2020,4.24,,
ESTAT:EDUC_UOE_ENRA27(1.0),11/09/25 23:00:00,Annual,16 years,Males,Percentage,France,2021,4.15,,
ESTAT:EDUC_UOE_ENRA27(1.0),11/09/25 23:00:00,Annual,16 years,Males,Percentage,France,2022,4.79,,
ESTAT:EDUC_UOE_ENRA27(1.0),11/09/25 23:00:00,Annual,16 years,Males,Percentage,France,2023,5.53,bdp,
ESTAT:EDUC_UOE_ENRA27(1.0),11/09/25 23:00:00,Annual,16 years,Males,Percentage,Croatia,2015,0.00,,
ESTAT:EDUC_UOE_ENRA27(1.0),11/09/25 23:00:00,Annual,16 years,Males,Percentage,Croatia,2016,0.00,,
ESTAT:EDUC_UOE_ENRA27(1.0),11/09/25 23:00:00,Annual,16 years,Males,Percentage,Croatia,2017,0.00,,
ESTAT:EDUC_UOE_ENRA27(1.0),11/09/25 23:00:00,Annual,16 years,Males,Percentage,Croatia,2018,0.00,,
ESTAT:EDUC_UOE_ENRA27(1.0),11/09/25 23:00:00,Annual,16 years,Males,Percentage,Croatia,2019,0.00,,
ESTAT:EDUC_UOE_ENRA27(1.0),11/09/25 23:00:00,Annual,16 years,Males,Percentage,Croatia,2020,0.00,,
ESTAT:EDUC_UOE_ENRA27(1.0),11/09/25 23:00:00,Annual,16 years,Males,Percentage,Croatia,2021,0.00,,
ESTAT:EDUC_UOE_ENRA27(1.0),11/09/25 23:00:00,Annual,16 years,Males,Percentage,Croatia,2022,0.00,,
ESTAT:EDUC_UOE_ENRA27(1.0),11/09/25 23:00:00,Annual,16 years,Males,Percentage,Croatia,2023,0.44,,
ESTAT:EDUC_UOE_ENRA27(1.0),11/09/25 23:00:00,Annual,16 years,Males,Percentage,Hungary,2015,5.58,,
ESTAT:EDUC_UOE_ENRA27(1.0),11/09/25 23:00:00,Annual,16 years,Males,Percentage,Hungary,2016,5.55,,
ESTAT:EDUC_UOE_ENRA27(1.0),11/09/25 23:00:00,Annual,16 years,Males,Percentage,Hungary,2017,7.29,,
ESTAT:EDUC_UOE_ENRA27(1.0),11/09/25 23:00:00,Annual,16 years,Males,Percentage,Hungary,2018,6.02,,
ESTAT:EDUC_UOE_ENRA27(1.0),11/09/25 23:00:00,Annual,16 years,Males,Percentage,Hungary,2019,6.78,,
ESTAT:EDUC_UOE_ENRA27(1.0),11/09/25 23:00:00,Annual,16 years,Males,Percentage,Hungary,2020,7.39,,
ESTAT:EDUC_UOE_ENRA27(1.0),11/09/25 23:00:00,Annual,16 years,Males,Percentage,Hungary,2021,7.71,,
ESTAT:EDUC_UOE_ENRA27(1.0),11/09/25 23:00:00,Annual,16 years,Males,Percentage,Hungary,2022,6.99,,
ESTAT:EDUC_UOE_ENRA27(1.0),11/09/25 23:00:00,Annual,16 years,Males,Percentage,Hungary,2023,6.88,,
ESTAT:EDUC_UOE_ENRA27(1.0),11/09/25 23:00:00,Annual,16 years,Males,Percentage,Ireland,2015,0.00,d,
ESTAT:EDUC_UOE_ENRA27(1.0),11/09/25 23:00:00,Annual,16 years,Males,Percentage,Ireland,2016,0.00,d,
ESTAT:EDUC_UOE_ENRA27(1.0),11/09/25 23:00:00,Annual,16 years,Males,Percentage,Ireland,2017,0.00,d,
ESTAT:EDUC_UOE_ENRA27(1.0),11/09/25 23:00:00,Annual,16 years,Males,Percentage,Ireland,2018,0.00,d,
ESTAT:EDUC_UOE_ENRA27(1.0),11/09/25 23:00:00,Annual,16 years,Males,Percentage,Ireland,2019,0.00,,
ESTAT:EDUC_UOE_ENRA27(1.0),11/09/25 23:00:00,Annual,16 years,Males,Percentage,Ireland,2020,0.76,,
ESTAT:EDUC_UOE_ENRA27(1.0),11/09/25 23:00:00,Annual,16 years,Males,Percentage,Ireland,2021,0.00,,
ESTAT:EDUC_UOE_ENRA27(1.0),11/09/25 23:00:00,Annual,16 years,Males,Percentage,Ireland,2022,0.00,,
ESTAT:EDUC_UOE_ENRA27(1.0),11/09/25 23:00:00,Annual,16 years,Males,Percentage,Ireland,2023,0.00,,
ESTAT:EDUC_UOE_ENRA27(1.0),11/09/25 23:00:00,Annual,16 years,Males,Percentage,Iceland,2015,5.11,,
ESTAT:EDUC_UOE_ENRA27(1.0),11/09/25 23:00:00,Annual,16 years,Males,Percentage,Iceland,2016,4.10,,
ESTAT:EDUC_UOE_ENRA27(1.0),11/09/25 23:00:00,Annual,16 years,Males,Percentage,Iceland,2017,5.06,,
ESTAT:EDUC_UOE_ENRA27(1.0),11/09/25 23:00:00,Annual,16 years,Males,Percentage,Iceland,2018,4.52,,
ESTAT:EDUC_UOE_ENRA27(1.0),11/09/25 23:00:00,Annual,16 years,Males,Percentage,Iceland,2019,5.69,,
ESTAT:EDUC_UOE_ENRA27(1.0),11/09/25 23:00:00,Annual,16 years,Males,Percentage,Iceland,2020,5.15,,
ESTAT:EDUC_UOE_ENRA27(1.0),11/09/25 23:00:00,Annual,16 years,Males,Percentage,Iceland,2021,5.35,,
ESTAT:EDUC_UOE_ENRA27(1.0),11/09/25 23:00:00,Annual,16 years,Males,Percentage,Iceland,2022,4.38,,
ESTAT:EDUC_UOE_ENRA27(1.0),11/09/25 23:00:00,Annual,16 years,Males,Percentage,Iceland,2023,4.64,,
ESTAT:EDUC_UOE_ENRA27(1.0),11/09/25 23:00:00,Annual,16 years,Males,Percentage,Italy,2015,4.35,,
ESTAT:EDUC_UOE_ENRA27(1.0),11/09/25 23:00:00,Annual,16 years,Males,Percentage,Italy,2016,5.72,,
ESTAT:EDUC_UOE_ENRA27(1.0),11/09/25 23:00:00,Annual,16 years,Males,Percentage,Italy,2017,3.82,d,
ESTAT:EDUC_UOE_ENRA27(1.0),11/09/25 23:00:00,Annual,16 years,Males,Percentage,Italy,2018,3.02,d,
ESTAT:EDUC_UOE_ENRA27(1.0),11/09/25 23:00:00,Annual,16 years,Males,Percentage,Italy,2019,1.84,d,
ESTAT:EDUC_UOE_ENRA27(1.0),11/09/25 23:00:00,Annual,16 years,Males,Percentage,Italy,2020,2.99,,
ESTAT:EDUC_UOE_ENRA27(1.0),11/09/25 23:00:00,Annual,16 years,Males,Percentage,Italy,2021,2.68,,
ESTAT:EDUC_UOE_ENRA27(1.0),11/09/25 23:00:00,Annual,16 years,Males,Percentage,Italy,2022,3.21,,
ESTAT:EDUC_UOE_ENRA27(1.0),11/09/25 23:00:00,Annual,16 years,Males,Percentage,Italy,2023,2.90,,
ESTAT:EDUC_UOE_ENRA27(1.0),11/09/25 23:00:00,Annual,16 years,Males,Percentage,Liechtenstein,2015,0.00,,
ESTAT:EDUC_UOE_ENRA27(1.0),11/09/25 23:00:00,Annual,16 years,Males,Percentage,Liechtenstein,2016,0.00,,
ESTAT:EDUC_UOE_ENRA27(1.0),11/09/25 23:00:00,Annual,16 years,Males,Percentage,Liechtenstein,2017,2.80,,
ESTAT:EDUC_UOE_ENRA27(1.0),11/09/25 23:00:00,Annual,16 years,Males,Percentage,Liechtenstein,2018,4.88,,
ESTAT:EDUC_UOE_ENRA27(1.0),11/09/25 23:00:00,Annual,16 years,Males,Percentage,Liechtenstein,2019,0.00,,
ESTAT:EDUC_UOE_ENRA27(1.0),11/09/25 23:00:00,Annual,16 years,Males,Percentage,Liechtenstein,2020,0.00,,
ESTAT:EDUC_UOE_ENRA27(1.0),11/09/25 23:00:00,Annual,16 years,Males,Percentage,Liechtenstein,2021,0.48,,
ESTAT:EDUC_UOE_ENRA27(1.0),11/09/25 23:00:00,Annual,16 years,Males,Percentage,Liechtenstein,2022,0.00,,
ESTAT:EDUC_UOE_ENRA27(1.0),11/09/25 23:00:00,Annual,16 years,Males,Percentage,Lithuania,2015,1.80,,
ESTAT:EDUC_UOE_ENRA27(1.0),11/09/25 23:00:00,Annual,16 years,Males,Percentage,Lithuania,2016,1.89,,
ESTAT:EDUC_UOE_ENRA27(1.0),11/09/25 23:00:00,Annual,16 years,Males,Percentage,Lithuania,2017,0.22,,
ESTAT:EDUC_UOE_ENRA27(1.0),11/09/25 23:00:00,Annual,16 years,Males,Percentage,Lithuania,2018,1.60,,
ESTAT:EDUC_UOE_ENRA27(1.0),11/09/25 23:00:00,Annual,16 years,Males,Percentage,Lithuania,2019,0.98,,
ESTAT:EDUC_UOE_ENRA27(1.0),11/09/25 23:00:00,Annual,16 years,Males,Percentage,Lithuania,2020,2.18,,
ESTAT:EDUC_UOE_ENRA27(1.0),11/09/25 23:00:00,Annual,16 years,Males,Percentage,Lithuania,2021,0.00,,
ESTAT:EDUC_UOE_ENRA27(1.0),11/09/25 23:00:00,Annual,16 years,Males,Percentage,Lithuania,2022,0.00,,
ESTAT:EDUC_UOE_ENRA27(1.0),11/09/25 23:00:00,Annual,16 years,Males,Percentage,Lithuania,2023,0.00,,
ESTAT:EDUC_UOE_ENRA27(1.0),11/09/25 23:00:00,Annual,16 years,Males,Percentage,Luxembourg,2015,13.55,,
ESTAT:EDUC_UOE_ENRA27(1.0),11/09/25 23:00:00,Annual,16 years,Males,Percentage,Luxembourg,2016,11.89,,
ESTAT:EDUC_UOE_ENRA27(1.0),11/09/25 23:00:00,Annual,16 years,Males,Percentage,Luxembourg,2017,14.11,,
ESTAT:EDUC_UOE_ENRA27(1.0),11/09/25 23:00:00,Annual,16 years,Males,Percentage,Luxembourg,2018,11.77,,
ESTAT:EDUC_UOE_ENRA27(1.0),11/09/25 23:00:00,Annual,16 years,Males,Percentage,Luxembourg,2019,11.74,,
ESTAT:EDUC_UOE_ENRA27(1.0),11/09/25 23:00:00,Annual,16 years,Males,Percentage,Luxembourg,2020,9.94,,
ESTAT:EDUC_UOE_ENRA27(1.0),11/09/25 23:00:00,Annual,16 years,Males,Percentage,Luxembourg,2021,10.49,,
ESTAT:EDUC_UOE_ENRA27(1.0),11/09/25 23:00:00,Annual,16 years,Males,Percentage,Luxembourg,2022,9.76,,
ESTAT:EDUC_UOE_ENRA27(1.0),11/09/25 23:00:00,Annual,16 years,Males,Percentage,Luxembourg,2023,6.35,,
ESTAT:EDUC_UOE_ENRA27(1.0),11/09/25 23:00:00,Annual,16 years,Males,Percentage,Latvia,2015,1.06,,
ESTAT:EDUC_UOE_ENRA27(1.0),11/09/25 23:00:00,Annual,16 years,Males,Percentage,Latvia,2016,3.40,,
ESTAT:EDUC_UOE_ENRA27(1.0),11/09/25 23:00:00,Annual,16 years,Males,Percentage,Latvia,2017,0.94,,
ESTAT:EDUC_UOE_ENRA27(1.0),11/09/25 23:00:00,Annual,16 years,Males,Percentage,Latvia,2018,0.86,,
ESTAT:EDUC_UOE_ENRA27(1.0),11/09/25 23:00:00,Annual,16 years,Males,Percentage,Latvia,2019,3.41,,
ESTAT:EDUC_UOE_ENRA27(1.0),11/09/25 23:00:00,Annual,16 years,Males,Percentage,Latvia,2020,4.25,,
ESTAT:EDUC_UOE_ENRA27(1.0),11/09/25 23:00:00,Annual,16 years,Males,Percentage,Latvia,2021,4.02,,
ESTAT:EDUC_UOE_ENRA27(1.0),11/09/25 23:00:00,Annual,16 years,Males,Percentage,Latvia,2022,3.74,,
ESTAT:EDUC_UOE_ENRA27(1.0),11/09/25 23:00:00,Annual,16 years,Males,Percentage,Latvia,2023,5.37,,
ESTAT:EDUC_UOE_ENRA27(1.0),11/09/25 23:00:00,Annual,16 years,Males,Percentage,Montenegro,2015,7.73,d,
ESTAT:EDUC_UOE_ENRA27(1.0),11/09/25 23:00:00,Annual,16 years,Males,Percentage,Montenegro,2016,6.82,,
ESTAT:EDUC_UOE_ENRA27(1.0),11/09/25 23:00:00,Annual,16 years,Males,Percentage,Montenegro,2017,5.47,,
ESTAT:EDUC_UOE_ENRA27(1.0),11/09/25 23:00:00,Annual,16 years,Males,Percentage,Montenegro,2018,7.89,,
ESTAT:EDUC_UOE_ENRA27(1.0),11/09/25 23:00:00,Annual,16 years,Males,Percentage,Montenegro,2019,9.91,,
ESTAT:EDUC_UOE_ENRA27(1.0),11/09/25 23:00:00,Annual,16 years,Males,Percentage,Montenegro,2020,9.46,,
ESTAT:EDUC_UOE_ENRA27(1.0),11/09/25 23:00:00,Annual,16 years,Males,Percentage,Montenegro,2021,9.47,,
ESTAT:EDUC_UOE_ENRA27(1.0),11/09/25 23:00:00,Annual,16 years,Males,Percentage,Montenegro,2023,9.41,,
ESTAT:EDUC_UOE_ENRA27(1.0),11/09/25 23:00:00,Annual,16 years,Males,Percentage,North Macedonia,2015,,d,
ESTAT:EDUC_UOE_ENRA27(1.0),11/09/25 23:00:00,Annual,16 years,Males,Percentage,North Macedonia,2016,,d,
ESTAT:EDUC_UOE_ENRA27(1.0),11/09/25 23:00:00,Annual,16 years,Males,Percentage,North Macedonia,2017,,d,
ESTAT:EDUC_UOE_ENRA27(1.0),11/09/25 23:00:00,Annual,16 years,Males,Percentage,North Macedonia,2018,99.10,d,
ESTAT:EDUC_UOE_ENRA27(1.0),11/09/25 23:00:00,Annual,16 years,Males,Percentage,North Macedonia,2019,99.12,,
ESTAT:EDUC_UOE_ENRA27(1.0),11/09/25 23:00:00,Annual,16 years,Males,Percentage,North Macedonia,2020,,d,
ESTAT:EDUC_UOE_ENRA27(1.0),11/09/25 23:00:00,Annual,16 years,Males,Percentage,North Macedonia,2021,,d,
ESTAT:EDUC_UOE_ENRA27(1.0),11/09/25 23:00:00,Annual,16 years,Males,Percentage,North Macedonia,2022,,d,
ESTAT:EDUC_UOE_ENRA27(1.0),11/09/25 23:00:00,Annual,16 years,Males,Percentage,North Macedonia,2023,,d,
ESTAT:EDUC_UOE_ENRA27(1.0),11/09/25 23:00:00,Annual,16 years,Males,Percentage,Malta,2015,23.06,,
ESTAT:EDUC_UOE_ENRA27(1.0),11/09/25 23:00:00,Annual,16 years,Males,Percentage,Malta,2016,21.91,,
ESTAT:EDUC_UOE_ENRA27(1.0),11/09/25 23:00:00,Annual,16 years,Males,Percentage,Malta,2017,29.78,,
ESTAT:EDUC_UOE_ENRA27(1.0),11/09/25 23:00:00,Annual,16 years,Males,Percentage,Malta,2018,26.69,,
ESTAT:EDUC_UOE_ENRA27(1.0),11/09/25 23:00:00,Annual,16 years,Males,Percentage,Malta,2019,26.48,,
ESTAT:EDUC_UOE_ENRA27(1.0),11/09/25 23:00:00,Annual,16 years,Males,Percentage,Malta,2020,23.72,,
ESTAT:EDUC_UOE_ENRA27(1.0),11/09/25 23:00:00,Annual,16 years,Males,Percentage,Malta,2021,20.72,,
ESTAT:EDUC_UOE_ENRA27(1.0),11/09/25 23:00:00,Annual,16 years,Males,Percentage,Malta,2022,17.71,,
ESTAT:EDUC_UOE_ENRA27(1.0),11/09/25 23:00:00,Annual,16 years,Males,Percentage,Malta,2023,19.69,,
ESTAT:EDUC_UOE_ENRA27(1.0),11/09/25 23:00:00,Annual,16 years,Males,Percentage,Netherlands,2015,1.09,,
ESTAT:EDUC_UOE_ENRA27(1.0),11/09/25 23:00:00,Annual,16 years,Males,Percentage,Netherlands,2016,1.05,,
ESTAT:EDUC_UOE_ENRA27(1.0),11/09/25 23:00:00,Annual,16 years,Males,Percentage,Netherlands,2017,1.07,,
ESTAT:EDUC_UOE_ENRA27(1.0),11/09/25 23:00:00,Annual,16 years,Males,Percentage,Netherlands,2018,1.06,,
ESTAT:EDUC_UOE_ENRA27(1.0),11/09/25 23:00:00,Annual,16 years,Males,Percentage,Netherlands,2019,0.92,,
ESTAT:EDUC_UOE_ENRA27(1.0),11/09/25 23:00:00,Annual,16 years,Males,Percentage,Netherlands,2020,1.17,e,
ESTAT:EDUC_UOE_ENRA27(1.0),11/09/25 23:00:00,Annual,16 years,Males,Percentage,Netherlands,2021,1.17,e,
ESTAT:EDUC_UOE_ENRA27(1.0),11/09/25 23:00:00,Annual,16 years,Males,Percentage,Netherlands,2022,1.14,,
ESTAT:EDUC_UOE_ENRA27(1.0),11/09/25 23:00:00,Annual,16 years,Males,Percentage,Netherlands,2023,1.22,,
ESTAT:EDUC_UOE_ENRA27(1.0),11/09/25 23:00:00,Annual,16 years,Males,Percentage,Norway,2015,5.84,,
ESTAT:EDUC_UOE_ENRA27(1.0),11/09/25 23:00:00,Annual,16 years,Males,Percentage,Norway,2016,5.77,,
ESTAT:EDUC_UOE_ENRA27(1.0),11/09/25 23:00:00,Annual,16 years,Males,Percentage,Norway,2017,6.32,,
ESTAT:EDUC_UOE_ENRA27(1.0),11/09/25 23:00:00,Annual,16 years,Males,Percentage,Norway,2018,6.49,,
ESTAT:EDUC_UOE_ENRA27(1.0),11/09/25 23:00:00,Annual,16 years,Males,Percentage,Norway,2019,5.66,,
ESTAT:EDUC_UOE_ENRA27(1.0),11/09/25 23:00:00,Annual,16 years,Males,Percentage,Norway,2020,5.66,,
ESTAT:EDUC_UOE_ENRA27(1.0),11/09/25 23:00:00,Annual,16 years,Males,Percentage,Norway,2021,5.00,,
ESTAT:EDUC_UOE_ENRA27(1.0),11/09/25 23:00:00,Annual,16 years,Males,Percentage,Norway,2022,5.13,,
ESTAT:EDUC_UOE_ENRA27(1.0),11/09/25 23:00:00,Annual,16 years,Males,Percentage,Norway,2023,5.82,,
ESTAT:EDUC_UOE_ENRA27(1.0),11/09/25 23:00:00,Annual,16 years,Males,Percentage,Poland,2015,4.21,d,
ESTAT:EDUC_UOE_ENRA27(1.0),11/09/25 23:00:00,Annual,16 years,Males,Percentage,Poland,2016,4.30,d,
ESTAT:EDUC_UOE_ENRA27(1.0),11/09/25 23:00:00,Annual,16 years,Males,Percentage,Poland,2017,4.63,d,
ESTAT:EDUC_UOE_ENRA27(1.0),11/09/25 23:00:00,Annual,16 years,Males,Percentage,Poland,2018,4.63,e,
ESTAT:EDUC_UOE_ENRA27(1.0),11/09/25 23:00:00,Annual,16 years,Males,Percentage,Poland,2019,4.34,e,
ESTAT:EDUC_UOE_ENRA27(1.0),11/09/25 23:00:00,Annual,16 years,Males,Percentage,Poland,2020,4.64,e,
ESTAT:EDUC_UOE_ENRA27(1.0),11/09/25 23:00:00,Annual,16 years,Males,Percentage,Poland,2021,0.00,p,
ESTAT:EDUC_UOE_ENRA27(1.0),11/09/25 23:00:00,Annual,16 years,Males,Percentage,Poland,2022,0.00,p,
ESTAT:EDUC_UOE_ENRA27(1.0),11/09/25 23:00:00,Annual,16 years,Males,Percentage,Poland,2023,0.00,p,
ESTAT:EDUC_UOE_ENRA27(1.0),11/09/25 23:00:00,Annual,16 years,Males,Percentage,Portugal,2015,0.13,,
ESTAT:EDUC_UOE_ENRA27(1.0),11/09/25 23:00:00,Annual,16 years,Males,Percentage,Portugal,2016,1.77,,
ESTAT:EDUC_UOE_ENRA27(1.0),11/09/25 23:00:00,Annual,16 years,Males,Percentage,Portugal,2017,1.90,,
ESTAT:EDUC_UOE_ENRA27(1.0),11/09/25 23:00:00,Annual,16 years,Males,Percentage,Portugal,2018,0.53,,
ESTAT:EDUC_UOE_ENRA27(1.0),11/09/25 23:00:00,Annual,16 years,Males,Percentage,Portugal,2019,0.00,,
ESTAT:EDUC_UOE_ENRA27(1.0),11/09/25 23:00:00,Annual,16 years,Males,Percentage,Portugal,2020,0.00,,
ESTAT:EDUC_UOE_ENRA27(1.0),11/09/25 23:00:00,Annual,16 years,Males,Percentage,Portugal,2021,0.00,,
ESTAT:EDUC_UOE_ENRA27(1.0),11/09/25 23:00:00,Annual,16 years,Males,Percentage,Portugal,2022,0.00,,
ESTAT:EDUC_UOE_ENRA27(1.0),11/09/25 23:00:00,Annual,16 years,Males,Percentage,Portugal,2023,0.00,,
ESTAT:EDUC_UOE_ENRA27(1.0),11/09/25 23:00:00,Annual,16 years,Males,Percentage,Romania,2015,19.03,,
ESTAT:EDUC_UOE_ENRA27(1.0),11/09/25 23:00:00,Annual,16 years,Males,Percentage,Romania,2016,18.62,d,
ESTAT:EDUC_UOE_ENRA27(1.0),11/09/25 23:00:00,Annual,16 years,Males,Percentage,Romania,2017,19.93,d,
ESTAT:EDUC_UOE_ENRA27(1.0),11/09/25 23:00:00,Annual,16 years,Males,Percentage,Romania,2018,18.45,d,
ESTAT:EDUC_UOE_ENRA27(1.0),11/09/25 23:00:00,Annual,16 years,Males,Percentage,Romania,2019,18.97,d,
ESTAT:EDUC_UOE_ENRA27(1.0),11/09/25 23:00:00,Annual,16 years,Males,Percentage,Romania,2020,19.85,d,
ESTAT:EDUC_UOE_ENRA27(1.0),11/09/25 23:00:00,Annual,16 years,Males,Percentage,Romania,2021,19.13,d,
ESTAT:EDUC_UOE_ENRA27(1.0),11/09/25 23:00:00,Annual,16 years,Males,Percentage,Romania,2022,21.91,,
ESTAT:EDUC_UOE_ENRA27(1.0),11/09/25 23:00:00,Annual,16 years,Males,Percentage,Romania,2023,23.34,,
ESTAT:EDUC_UOE_ENRA27(1.0),11/09/25 23:00:00,Annual,16 years,Males,Percentage,Serbia,2015,5.61,,
ESTAT:EDUC_UOE_ENRA27(1.0),11/09/25 23:00:00,Annual,16 years,Males,Percentage,Serbia,2016,5.07,,
ESTAT:EDUC_UOE_ENRA27(1.0),11/09/25 23:00:00,Annual,16 years,Males,Percentage,Serbia,2017,3.80,,
ESTAT:EDUC_UOE_ENRA27(1.0),11/09/25 23:00:00,Annual,16 years,Males,Percentage,Serbia,2018,8.75,,
ESTAT:EDUC_UOE_ENRA27(1.0),11/09/25 23:00:00,Annual,16 years,Males,Percentage,Serbia,2019,7.74,,
ESTAT:EDUC_UOE_ENRA27(1.0),11/09/25 23:00:00,Annual,16 years,Males,Percentage,Serbia,2020,8.00,,
ESTAT:EDUC_UOE_ENRA27(1.0),11/09/25 23:00:00,Annual,16 years,Males,Percentage,Serbia,2021,7.81,,
ESTAT:EDUC_UOE_ENRA27(1.0),11/09/25 23:00:00,Annual,16 years,Males,Percentage,Serbia,2022,10.54,,
ESTAT:EDUC_UOE_ENRA27(1.0),11/09/25 23:00:00,Annual,16 years,Males,Percentage,Serbia,2023,6.97,,
ESTAT:EDUC_UOE_ENRA27(1.0),11/09/25 23:00:00,Annual,16 years,Males,Percentage,Sweden,2015,0.38,,
ESTAT:EDUC_UOE_ENRA27(1.0),11/09/25 23:00:00,Annual,16 years,Males,Percentage,Sweden,2016,0.00,,
ESTAT:EDUC_UOE_ENRA27(1.0),11/09/25 23:00:00,Annual,16 years,Males,Percentage,Sweden,2017,0.00,,
ESTAT:EDUC_UOE_ENRA27(1.0),11/09/25 23:00:00,Annual,16 years,Males,Percentage,Sweden,2018,0.00,,
ESTAT:EDUC_UOE_ENRA27(1.0),11/09/25 23:00:00,Annual,16 years,Males,Percentage,Sweden,2019,1.20,,
ESTAT:EDUC_UOE_ENRA27(1.0),11/09/25 23:00:00,Annual,16 years,Males,Percentage,Sweden,2020,1.47,,
ESTAT:EDUC_UOE_ENRA27(1.0),11/09/25 23:00:00,Annual,16 years,Males,Percentage,Sweden,2021,1.21,,
ESTAT:EDUC_UOE_ENRA27(1.0),11/09/25 23:00:00,Annual,16 years,Males,Percentage,Sweden,2022,1.27,,
ESTAT:EDUC_UOE_ENRA27(1.0),11/09/25 23:00:00,Annual,16 years,Males,Percentage,Sweden,2023,1.08,,
ESTAT:EDUC_UOE_ENRA27(1.0),11/09/25 23:00:00,Annual,16 years,Males,Percentage,Slovenia,2015,1.85,d,
ESTAT:EDUC_UOE_ENRA27(1.0),11/09/25 23:00:00,Annual,16 years,Males,Percentage,Slovenia,2016,2.45,d,
ESTAT:EDUC_UOE_ENRA27(1.0),11/09/25 23:00:00,Annual,16 years,Males,Percentage,Slovenia,2017,3.41,d,
ESTAT:EDUC_UOE_ENRA27(1.0),11/09/25 23:00:00,Annual,16 years,Males,Percentage,Slovenia,2018,1.84,,
ESTAT:EDUC_UOE_ENRA27(1.0),11/09/25 23:00:00,Annual,16 years,Males,Percentage,Slovenia,2019,2.13,,
ESTAT:EDUC_UOE_ENRA27(1.0),11/09/25 23:00:00,Annual,16 years,Males,Percentage,Slovenia,2020,1.67,,
ESTAT:EDUC_UOE_ENRA27(1.0),11/09/25 23:00:00,Annual,16 years,Males,Percentage,Slovenia,2021,2.58,,
ESTAT:EDUC_UOE_ENRA27(1.0),11/09/25 23:00:00,Annual,16 years,Males,Percentage,Slovenia,2022,1.79,,
ESTAT:EDUC_UOE_ENRA27(1.0),11/09/25 23:00:00,Annual,16 years,Males,Percentage,Slovenia,2023,2.26,,
ESTAT:EDUC_UOE_ENRA27(1.0),11/09/25 23:00:00,Annual,16 years,Males,Percentage,Slovakia,2015,6.39,,
ESTAT:EDUC_UOE_ENRA27(1.0),11/09/25 23:00:00,Annual,16 years,Males,Percentage,Slovakia,2016,6.60,,
ESTAT:EDUC_UOE_ENRA27(1.0),11/09/25 23:00:00,Annual,16 years,Males,Percentage,Slovakia,2017,7.00,,
ESTAT:EDUC_UOE_ENRA27(1.0),11/09/25 23:00:00,Annual,16 years,Males,Percentage,Slovakia,2018,7.97,,
ESTAT:EDUC_UOE_ENRA27(1.0),11/09/25 23:00:00,Annual,16 years,Males,Percentage,Slovakia,2019,8.24,,
ESTAT:EDUC_UOE_ENRA27(1.0),11/09/25 23:00:00,Annual,16 years,Males,Percentage,Slovakia,2020,8.20,,
ESTAT:EDUC_UOE_ENRA27(1.0),11/09/25 23:00:00,Annual,16 years,Males,Percentage,Slovakia,2021,8.87,,
ESTAT:EDUC_UOE_ENRA27(1.0),11/09/25 23:00:00,Annual,16 years,Males,Percentage,Slovakia,2022,7.94,,
ESTAT:EDUC_UOE_ENRA27(1.0),11/09/25 23:00:00,Annual,16 years,Males,Percentage,Slovakia,2023,7.62,,
ESTAT:EDUC_UOE_ENRA27(1.0),11/09/25 23:00:00,Annual,16 years,Males,Percentage,Türkiye,2015,16.08,,
ESTAT:EDUC_UOE_ENRA27(1.0),11/09/25 23:00:00,Annual,16 years,Males,Percentage,Türkiye,2016,17.70,,
ESTAT:EDUC_UOE_ENRA27(1.0),11/09/25 23:00:00,Annual,16 years,Males,Percentage,Türkiye,2017,10.95,,
ESTAT:EDUC_UOE_ENRA27(1.0),11/09/25 23:00:00,Annual,16 years,Males,Percentage,Türkiye,2018,12.88,,
ESTAT:EDUC_UOE_ENRA27(1.0),11/09/25 23:00:00,Annual,16 years,Males,Percentage,Türkiye,2019,11.54,,
ESTAT:EDUC_UOE_ENRA27(1.0),11/09/25 23:00:00,Annual,16 years,Males,Percentage,Türkiye,2020,10.68,,
ESTAT:EDUC_UOE_ENRA27(1.0),11/09/25 23:00:00,Annual,16 years,Males,Percentage,Türkiye,2021,10.17,,
ESTAT:EDUC_UOE_ENRA27(1.0),11/09/25 23:00:00,Annual,16 years,Males,Percentage,Türkiye,2022,5.52,,
ESTAT:EDUC_UOE_ENRA27(1.0),11/09/25 23:00:00,Annual,16 years,Males,Percentage,Türkiye,2023,0.00,,
ESTAT:EDUC_UOE_ENRA27(1.0),11/09/25 23:00:00,Annual,16 years,Males,Percentage,United Kingdom,2015,1.72,d,
ESTAT:EDUC_UOE_ENRA27(1.0),11/09/25 23:00:00,Annual,16 years,Males,Percentage,United Kingdom,2016,0.75,d,
ESTAT:EDUC_UOE_ENRA27(1.0),11/09/25 23:00:00,Annual,16 years,Males,Percentage,United Kingdom,2017,1.78,d,
ESTAT:EDUC_UOE_ENRA27(1.0),11/09/25 23:00:00,Annual,16 years,Males,Percentage,United Kingdom,2018,3.10,d,
ESTAT:EDUC_UOE_ENRA27(1.0),11/09/25 23:00:00,Annual,16 years,Males,Percentage,United Kingdom,2019,4.24,d,
ESTAT:EDUC_UOE_ENRA27(1.0),11/09/25 23:00:00,Annual,16 years,Total,Percentage,Albania,2021,14.75,,
ESTAT:EDUC_UOE_ENRA27(1.0),11/09/25 23:00:00,Annual,16 years,Total,Percentage,Albania,2022,13.46,d,
ESTAT:EDUC_UOE_ENRA27(1.0),11/09/25 23:00:00,Annual,16 years,Total,Percentage,Albania,2023,8.99,d,
ESTAT:EDUC_UOE_ENRA27(1.0),11/09/25 23:00:00,Annual,16 years,Total,Percentage,Austria,2015,8.86,,
ESTAT:EDUC_UOE_ENRA27(1.0),11/09/25 23:00:00,Annual,16 years,Total,Percentage,Austria,2016,10.65,,
ESTAT:EDUC_UOE_ENRA27(1.0),11/09/25 23:00:00,Annual,16 years,Total,Percentage,Austria,2017,10.56,,
ESTAT:EDUC_UOE_ENRA27(1.0),11/09/25 23:00:00,Annual,16 years,Total,Percentage,Austria,2018,10.30,,
ESTAT:EDUC_UOE_ENRA27(1.0),11/09/25 23:00:00,Annual,16 years,Total,Percentage,Austria,2019,9.74,,
ESTAT:EDUC_UOE_ENRA27(1.0),11/09/25 23:00:00,Annual,16 years,Total,Percentage,Austria,2020,9.74,,
ESTAT:EDUC_UOE_ENRA27(1.0),11/09/25 23:00:00,Annual,16 years,Total,Percentage,Austria,2021,9.06,,
ESTAT:EDUC_UOE_ENRA27(1.0),11/09/25 23:00:00,Annual,16 years,Total,Percentage,Austria,2022,9.97,,
ESTAT:EDUC_UOE_ENRA27(1.0),11/09/25 23:00:00,Annual,16 years,Total,Percentage,Austria,2023,10.92,,
ESTAT:EDUC_UOE_ENRA27(1.0),11/09/25 23:00:00,Annual,16 years,Total,Percentage,Belgium,2015,2.39,,
ESTAT:EDUC_UOE_ENRA27(1.0),11/09/25 23:00:00,Annual,16 years,Total,Percentage,Belgium,2016,2.19,,
ESTAT:EDUC_UOE_ENRA27(1.0),11/09/25 23:00:00,Annual,16 years,Total,Percentage,Belgium,2017,0.78,,
ESTAT:EDUC_UOE_ENRA27(1.0),11/09/25 23:00:00,Annual,16 years,Total,Percentage,Belgium,2018,0.81,,
ESTAT:EDUC_UOE_ENRA27(1.0),11/09/25 23:00:00,Annual,16 years,Total,Percentage,Belgium,2019,1.72,,
ESTAT:EDUC_UOE_ENRA27(1.0),11/09/25 23:00:00,Annual,16 years,Total,Percentage,Belgium,2020,0.76,bd,
ESTAT:EDUC_UOE_ENRA27(1.0),11/09/25 23:00:00,Annual,16 years,Total,Percentage,Belgium,2021,1.05,,
ESTAT:EDUC_UOE_ENRA27(1.0),11/09/25 23:00:00,Annual,16 years,Total,Percentage,Belgium,2022,1.86,,
ESTAT:EDUC_UOE_ENRA27(1.0),11/09/25 23:00:00,Annual,16 years,Total,Percentage,Belgium,2023,1.42,,
ESTAT:EDUC_UOE_ENRA27(1.0),11/09/25 23:00:00,Annual,16 years,Total,Percentage,Bulgaria,2015,5.69,,
ESTAT:EDUC_UOE_ENRA27(1.0),11/09/25 23:00:00,Annual,16 years,Total,Percentage,Bulgaria,2016,5.90,,
ESTAT:EDUC_UOE_ENRA27(1.0),11/09/25 23:00:00,Annual,16 years,Total,Percentage,Bulgaria,2017,8.93,,
ESTAT:EDUC_UOE_ENRA27(1.0),11/09/25 23:00:00,Annual,16 years,Total,Percentage,Bulgaria,2018,8.62,,
ESTAT:EDUC_UOE_ENRA27(1.0),11/09/25 23:00:00,Annual,16 years,Total,Percentage,Bulgaria,2019,4.28,,
ESTAT:EDUC_UOE_ENRA27(1.0),11/09/25 23:00:00,Annual,16 years,Total,Percentage,Bulgaria,2020,7.41,,
ESTAT:EDUC_UOE_ENRA27(1.0),11/09/25 23:00:00,Annual,16 years,Total,Percentage,Bulgaria,2021,7.05,,
ESTAT:EDUC_UOE_ENRA27(1.0),11/09/25 23:00:00,Annual,16 years,Total,Percentage,Bulgaria,2022,8.57,,
ESTAT:EDUC_UOE_ENRA27(1.0),11/09/25 23:00:00,Annual,16 years,Total,Percentage,Bulgaria,2023,9.80,,
ESTAT:EDUC_UOE_ENRA27(1.0),11/09/25 23:00:00,Annual,16 years,Total,Percentage,Switzerland,2015,6.50,,
ESTAT:EDUC_UOE_ENRA27(1.0),11/09/25 23:00:00,Annual,16 years,Total,Percentage,Switzerland,2016,6.82,,
ESTAT:EDUC_UOE_ENRA27(1.0),11/09/25 23:00:00,Annual,16 years,Total,Percentage,Switzerland,2017,6.75,,
ESTAT:EDUC_UOE_ENRA27(1.0),11/09/25 23:00:00,Annual,16 years,Total,Percentage,Switzerland,2018,7.01,,
ESTAT:EDUC_UOE_ENRA27(1.0),11/09/25 23:00:00,Annual,16 years,Total,Percentage,Switzerland,2019,6.85,,
ESTAT:EDUC_UOE_ENRA27(1.0),11/09/25 23:00:00,Annual,16 years,Total,Percentage,Switzerland,2020,6.64,,
ESTAT:EDUC_UOE_ENRA27(1.0),11/09/25 23:00:00,Annual,16 years,Total,Percentage,Switzerland,2021,6.06,,
ESTAT:EDUC_UOE_ENRA27(1.0),11/09/25 23:00:00,Annual,16 years,Total,Percentage,Switzerland,2022,6.08,,
ESTAT:EDUC_UOE_ENRA27(1.0),11/09/25 23:00:00,Annual,16 years,Total,Percentage,Switzerland,2023,5.67,,
ESTAT:EDUC_UOE_ENRA27(1.0),11/09/25 23:00:00,Annual,16 years,Total,Percentage,Cyprus,2015,6.82,,
ESTAT:EDUC_UOE_ENRA27(1.0),11/09/25 23:00:00,Annual,16 years,Total,Percentage,Cyprus,2016,3.65,,
ESTAT:EDUC_UOE_ENRA27(1.0),11/09/25 23:00:00,Annual,16 years,Total,Percentage,Cyprus,2017,5.01,,
ESTAT:EDUC_UOE_ENRA27(1.0),11/09/25 23:00:00,Annual,16 years,Total,Percentage,Cyprus,2018,7.25,,
ESTAT:EDUC_UOE_ENRA27(1.0),11/09/25 23:00:00,Annual,16 years,Total,Percentage,Cyprus,2019,6.02,,
ESTAT:EDUC_UOE_ENRA27(1.0),11/09/25 23:00:00,Annual,16 years,Total,Percentage,Cyprus,2020,8.91,,
ESTAT:EDUC_UOE_ENRA27(1.0),11/09/25 23:00:00,Annual,16 years,Total,Percentage,Cyprus,2021,3.57,,
ESTAT:EDUC_UOE_ENRA27(1.0),11/09/25 23:00:00,Annual,16 years,Total,Percentage,Cyprus,2022,2.90,,
ESTAT:EDUC_UOE_ENRA27(1.0),11/09/25 23:00:00,Annual,16 years,Total,Percentage,Cyprus,2023,0.58,,
ESTAT:EDUC_UOE_ENRA27(1.0),11/09/25 23:00:00,Annual,16 years,Total,Percentage,Czechia,2015,2.05,,
ESTAT:EDUC_UOE_ENRA27(1.0),11/09/25 23:00:00,Annual,16 years,Total,Percentage,Czechia,2016,2.38,,
ESTAT:EDUC_UOE_ENRA27(1.0),11/09/25 23:00:00,Annual,16 years,Total,Percentage,Czechia,2017,2.21,,
ESTAT:EDUC_UOE_ENRA27(1.0),11/09/25 23:00:00,Annual,16 years,Total,Percentage,Czechia,2018,,d,
ESTAT:EDUC_UOE_ENRA27(1.0),11/09/25 23:00:00,Annual,16 years,Total,Percentage,Czechia,2019,,d,
ESTAT:EDUC_UOE_ENRA27(1.0),11/09/25 23:00:00,Annual,16 years,Total,Percentage,Czechia,2020,,d,
ESTAT:EDUC_UOE_ENRA27(1.0),11/09/25 23:00:00,Annual,16 years,Total,Percentage,Czechia,2021,2.16,,
ESTAT:EDUC_UOE_ENRA27(1.0),11/09/25 23:00:00,Annual,16 years,Total,Percentage,Czechia,2022,1.72,,
ESTAT:EDUC_UOE_ENRA27(1.0),11/09/25 23:00:00,Annual,16 years,Total,Percentage,Czechia,2023,4.11,d,
ESTAT:EDUC_UOE_ENRA27(1.0),11/09/25 23:00:00,Annual,16 years,Total,Percentage,Germany,2015,2.99,d,
ESTAT:EDUC_UOE_ENRA27(1.0),11/09/25 23:00:00,Annual,16 years,Total,Percentage,Germany,2016,4.96,d,
ESTAT:EDUC_UOE_ENRA27(1.0),11/09/25 23:00:00,Annual,16 years,Total,Percentage,Germany,2017,4.10,d,
ESTAT:EDUC_UOE_ENRA27(1.0),11/09/25 23:00:00,Annual,16 years,Total,Percentage,Germany,2018,5.18,d,
ESTAT:EDUC_UOE_ENRA27(1.0),11/09/25 23:00:00,Annual,16 years,Total,Percentage,Germany,2019,4.53,,
ESTAT:EDUC_UOE_ENRA27(1.0),11/09/25 23:00:00,Annual,16 years,Total,Percentage,Germany,2020,5.23,bd,
ESTAT:EDUC_UOE_ENRA27(1.0),11/09/25 23:00:00,Annual,16 years,Total,Percentage,Germany,2021,2.69,,
ESTAT:EDUC_UOE_ENRA27(1.0),11/09/25 23:00:00,Annual,16 years,Total,Percentage,Germany,2022,4.79,,
ESTAT:EDUC_UOE_ENRA27(1.0),11/09/25 23:00:00,Annual,16 years,Total,Percentage,Germany,2023,3.94,,
ESTAT:EDUC_UOE_ENRA27(1.0),11/09/25 23:00:00,Annual,16 years,Total,Percentage,Denmark,2015,4.87,,
ESTAT:EDUC_UOE_ENRA27(1.0),11/09/25 23:00:00,Annual,16 years,Total,Percentage,Denmark,2016,5.16,,
ESTAT:EDUC_UOE_ENRA27(1.0),11/09/25 23:00:00,Annual,16 years,Total,Percentage,Denmark,2017,5.78,,
ESTAT:EDUC_UOE_ENRA27(1.0),11/09/25 23:00:00,Annual,16 years,Total,Percentage,Denmark,2018,4.57,,
ESTAT:EDUC_UOE_ENRA27(1.0),11/09/25 23:00:00,Annual,16 years,Total,Percentage,Denmark,2019,4.43,,
ESTAT:EDUC_UOE_ENRA27(1.0),11/09/25 23:00:00,Annual,16 years,Total,Percentage,Denmark,2020,4.42,,
ESTAT:EDUC_UOE_ENRA27(1.0),11/09/25 23:00:00,Annual,16 years,Total,Percentage,Denmark,2021,4.19,,
ESTAT:EDUC_UOE_ENRA27(1.0),11/09/25 23:00:00,Annual,16 years,Total,Percentage,Denmark,2022,4.16,,
ESTAT:EDUC_UOE_ENRA27(1.0),11/09/25 23:00:00,Annual,16 years,Total,Percentage,Denmark,2023,5.19,,
ESTAT:EDUC_UOE_ENRA27(1.0),11/09/25 23:00:00,Annual,16 years,Total,Percentage,Estonia,2015,3.50,,
ESTAT:EDUC_UOE_ENRA27(1.0),11/09/25 23:00:00,Annual,16 years,Total,Percentage,Estonia,2016,3.66,,
ESTAT:EDUC_UOE_ENRA27(1.0),11/09/25 23:00:00,Annual,16 years,Total,Percentage,Estonia,2017,3.69,,
ESTAT:EDUC_UOE_ENRA27(1.0),11/09/25 23:00:00,Annual,16 years,Total,Percentage,Estonia,2018,4.03,,
ESTAT:EDUC_UOE_ENRA27(1.0),11/09/25 23:00:00,Annual,16 years,Total,Percentage,Estonia,2019,3.72,,
ESTAT:EDUC_UOE_ENRA27(1.0),11/09/25 23:00:00,Annual,16 years,Total,Percentage,Estonia,2020,3.63,,
ESTAT:EDUC_UOE_ENRA27(1.0),11/09/25 23:00:00,Annual,16 years,Total,Percentage,Estonia,2021,3.64,,
ESTAT:EDUC_UOE_ENRA27(1.0),11/09/25 23:00:00,Annual,16 years,Total,Percentage,Estonia,2022,3.35,,
ESTAT:EDUC_UOE_ENRA27(1.0),11/09/25 23:00:00,Annual,16 years,Total,Percentage,Estonia,2023,5.38,,
ESTAT:EDUC_UOE_ENRA27(1.0),11/09/25 23:00:00,Annual,16 years,Total,Percentage,Greece,2015,7.10,,
ESTAT:EDUC_UOE_ENRA27(1.0),11/09/25 23:00:00,Annual,16 years,Total,Percentage,Greece,2016,8.09,,
ESTAT:EDUC_UOE_ENRA27(1.0),11/09/25 23:00:00,Annual,16 years,Total,Percentage,Greece,2017,5.82,,
ESTAT:EDUC_UOE_ENRA27(1.0),11/09/25 23:00:00,Annual,16 years,Total,Percentage,Greece,2018,8.51,,
ESTAT:EDUC_UOE_ENRA27(1.0),11/09/25 23:00:00,Annual,16 years,Total,Percentage,Greece,2019,3.12,,
ESTAT:EDUC_UOE_ENRA27(1.0),11/09/25 23:00:00,Annual,16 years,Total,Percentage,Greece,2020,8.85,,
ESTAT:EDUC_UOE_ENRA27(1.0),11/09/25 23:00:00,Annual,16 years,Total,Percentage,Greece,2021,6.81,,
ESTAT:EDUC_UOE_ENRA27(1.0),11/09/25 23:00:00,Annual,16 years,Total,Percentage,Greece,2022,3.87,,
ESTAT:EDUC_UOE_ENRA27(1.0),11/09/25 23:00:00,Annual,16 years,Total,Percentage,Greece,2023,3.10,,
ESTAT:EDUC_UOE_ENRA27(1.0),11/09/25 23:00:00,Annual,16 years,Total,Percentage,Spain,2015,4.32,,
ESTAT:EDUC_UOE_ENRA27(1.0),11/09/25 23:00:00,Annual,16 years,Total,Percentage,Spain,2016,3.86,,
ESTAT:EDUC_UOE_ENRA27(1.0),11/09/25 23:00:00,Annual,16 years,Total,Percentage,Spain,2017,3.73,,
ESTAT:EDUC_UOE_ENRA27(1.0),11/09/25 23:00:00,Annual,16 years,Total,Percentage,Spain,2018,3.76,,
ESTAT:EDUC_UOE_ENRA27(1.0),11/09/25 23:00:00,Annual,16 years,Total,Percentage,Spain,2019,3.44,,
ESTAT:EDUC_UOE_ENRA27(1.0),11/09/25 23:00:00,Annual,16 years,Total,Percentage,Spain,2020,3.58,,
ESTAT:EDUC_UOE_ENRA27(1.0),11/09/25 23:00:00,Annual,16 years,Total,Percentage,Spain,2021,3.15,,
ESTAT:EDUC_UOE_ENRA27(1.0),11/09/25 23:00:00,Annual,16 years,Total,Percentage,Spain,2022,4.13,,
ESTAT:EDUC_UOE_ENRA27(1.0),11/09/25 23:00:00,Annual,16 years,Total,Percentage,Spain,2023,4.59,,
ESTAT:EDUC_UOE_ENRA27(1.0),11/09/25 23:00:00,Annual,16 years,Total,Percentage,European Union - 27 countries (from 2020),2015,4.77,,
ESTAT:EDUC_UOE_ENRA27(1.0),11/09/25 23:00:00,Annual,16 years,Total,Percentage,European Union - 27 countries (from 2020),2016,5.17,,
ESTAT:EDUC_UOE_ENRA27(1.0),11/09/25 23:00:00,Annual,16 years,Total,Percentage,European Union - 27 countries (from 2020),2017,4.85,,
ESTAT:EDUC_UOE_ENRA27(1.0),11/09/25 23:00:00,Annual,16 years,Total,Percentage,European Union - 27 countries (from 2020),2018,4.77,,
ESTAT:EDUC_UOE_ENRA27(1.0),11/09/25 23:00:00,Annual,16 years,Total,Percentage,European Union - 27 countries (from 2020),2019,4.38,,
ESTAT:EDUC_UOE_ENRA27(1.0),11/09/25 23:00:00,Annual,16 years,Total,Percentage,European Union - 27 countries (from 2020),2020,4.66,,
ESTAT:EDUC_UOE_ENRA27(1.0),11/09/25 23:00:00,Annual,16 years,Total,Percentage,European Union - 27 countries (from 2020),2021,3.64,,
ESTAT:EDUC_UOE_ENRA27(1.0),11/09/25 23:00:00,Annual,16 years,Total,Percentage,European Union - 27 countries (from 2020),2022,4.39,,
ESTAT:EDUC_UOE_ENRA27(1.0),11/09/25 23:00:00,Annual,16 years,Total,Percentage,European Union - 27 countries (from 2020),2023,4.56,,
ESTAT:EDUC_UOE_ENRA27(1.0),11/09/25 23:00:00,Annual,16 years,Total,Percentage,European Union - 28 countries (2013-2020),2015,4.24,,
ESTAT:EDUC_UOE_ENRA27(1.0),11/09/25 23:00:00,Annual,16 years,Total,Percentage,European Union - 28 countries (2013-2020),2016,4.45,,
ESTAT:EDUC_UOE_ENRA27(1.0),11/09/25 23:00:00,Annual,16 years,Total,Percentage,European Union - 28 countries (2013-2020),2017,4.32,,
ESTAT:EDUC_UOE_ENRA27(1.0),11/09/25 23:00:00,Annual,16 years,Total,Percentage,European Union - 28 countries (2013-2020),2018,4.39,,
ESTAT:EDUC_UOE_ENRA27(1.0),11/09/25 23:00:00,Annual,16 years,Total,Percentage,European Union - 28 countries (2013-2020),2019,4.21,,
ESTAT:EDUC_UOE_ENRA27(1.0),11/09/25 23:00:00,Annual,16 years,Total,Percentage,Finland,2015,4.06,,
ESTAT:EDUC_UOE_ENRA27(1.0),11/09/25 23:00:00,Annual,16 years,Total,Percentage,Finland,2016,4.11,,
ESTAT:EDUC_UOE_ENRA27(1.0),11/09/25 23:00:00,Annual,16 years,Total,Percentage,Finland,2017,4.26,,
ESTAT:EDUC_UOE_ENRA27(1.0),11/09/25 23:00:00,Annual,16 years,Total,Percentage,Finland,2018,3.70,,
ESTAT:EDUC_UOE_ENRA27(1.0),11/09/25 23:00:00,Annual,16 years,Total,Percentage,Finland,2019,3.84,,
ESTAT:EDUC_UOE_ENRA27(1.0),11/09/25 23:00:00,Annual,16 years,Total,Percentage,Finland,2020,3.45,,
ESTAT:EDUC_UOE_ENRA27(1.0),11/09/25 23:00:00,Annual,16 years,Total,Percentage,Finland,2021,3.87,,
ESTAT:EDUC_UOE_ENRA27(1.0),11/09/25 23:00:00,Annual,16 years,Total,Percentage,Finland,2022,3.38,,
ESTAT:EDUC_UOE_ENRA27(1.0),11/09/25 23:00:00,Annual,16 years,Total,Percentage,Finland,2023,4.92,,
ESTAT:EDUC_UOE_ENRA27(1.0),11/09/25 23:00:00,Annual,16 years,Total,Percentage,France,2015,5.95,,
ESTAT:EDUC_UOE_ENRA27(1.0),11/09/25 23:00:00,Annual,16 years,Total,Percentage,France,2016,5.29,,
ESTAT:EDUC_UOE_ENRA27(1.0),11/09/25 23:00:00,Annual,16 years,Total,Percentage,France,2017,5.19,,
ESTAT:EDUC_UOE_ENRA27(1.0),11/09/25 23:00:00,Annual,16 years,Total,Percentage,France,2018,4.63,p,
ESTAT:EDUC_UOE_ENRA27(1.0),11/09/25 23:00:00,Annual,16 years,Total,Percentage,France,2019,4.45,,
ESTAT:EDUC_UOE_ENRA27(1.0),11/09/25 23:00:00,Annual,16 years,Total,Percentage,France,2020,3.82,,
ESTAT:EDUC_UOE_ENRA27(1.0),11/09/25 23:00:00,Annual,16 years,Total,Percentage,France,2021,3.61,,
ESTAT:EDUC_UOE_ENRA27(1.0),11/09/25 23:00:00,Annual,16 years,Total,Percentage,France,2022,4.17,,
ESTAT:EDUC_UOE_ENRA27(1.0),11/09/25 23:00:00,Annual,16 years,Total,Percentage,France,2023,4.84,bdp,
ESTAT:EDUC_UOE_ENRA27(1.0),11/09/25 23:00:00,Annual,16 years,Total,Percentage,Croatia,2015,0.00,,
ESTAT:EDUC_UOE_ENRA27(1.0),11/09/25 23:00:00,Annual,16 years,Total,Percentage,Croatia,2016,0.00,,
ESTAT:EDUC_UOE_ENRA27(1.0),11/09/25 23:00:00,Annual,16 years,Total,Percentage,Croatia,2017,0.00,,
ESTAT:EDUC_UOE_ENRA27(1.0),11/09/25 23:00:00,Annual,16 years,Total,Percentage,Croatia,2018,0.00,,
ESTAT:EDUC_UOE_ENRA27(1.0),11/09/25 23:00:00,Annual,16 years,Total,Percentage,Croatia,2019,0.00,,
ESTAT:EDUC_UOE_ENRA27(1.0),11/09/25 23:00:00,Annual,16 years,Total,Percentage,Croatia,2020,0.00,,
ESTAT:EDUC_UOE_ENRA27(1.0),11/09/25 23:00:00,Annual,16 years,Total,Percentage,Croatia,2021,0.00,,
ESTAT:EDUC_UOE_ENRA27(1.0),11/09/25 23:00:00,Annual,16 years,Total,Percentage,Croatia,2022,0.00,,
ESTAT:EDUC_UOE_ENRA27(1.0),11/09/25 23:00:00,Annual,16 years,Total,Percentage,Croatia,2023,0.00,,
ESTAT:EDUC_UOE_ENRA27(1.0),11/09/25 23:00:00,Annual,16 years,Total,Percentage,Hungary,2015,5.86,,
ESTAT:EDUC_UOE_ENRA27(1.0),11/09/25 23:00:00,Annual,16 years,Total,Percentage,Hungary,2016,5.73,,
ESTAT:EDUC_UOE_ENRA27(1.0),11/09/25 23:00:00,Annual,16 years,Total,Percentage,Hungary,2017,7.25,,
ESTAT:EDUC_UOE_ENRA27(1.0),11/09/25 23:00:00,Annual,16 years,Total,Percentage,Hungary,2018,6.17,,
ESTAT:EDUC_UOE_ENRA27(1.0),11/09/25 23:00:00,Annual,16 years,Total,Percentage,Hungary,2019,6.95,,
ESTAT:EDUC_UOE_ENRA27(1.0),11/09/25 23:00:00,Annual,16 years,Total,Percentage,Hungary,2020,7.05,,
ESTAT:EDUC_UOE_ENRA27(1.0),11/09/25 23:00:00,Annual,16 years,Total,Percentage,Hungary,2021,7.91,,
ESTAT:EDUC_UOE_ENRA27(1.0),11/09/25 23:00:00,Annual,16 years,Total,Percentage,Hungary,2022,6.93,,
ESTAT:EDUC_UOE_ENRA27(1.0),11/09/25 23:00:00,Annual,16 years,Total,Percentage,Hungary,2023,6.73,,
ESTAT:EDUC_UOE_ENRA27(1.0),11/09/25 23:00:00,Annual,16 years,Total,Percentage,Ireland,2015,0.00,d,
ESTAT:EDUC_UOE_ENRA27(1.0),11/09/25 23:00:00,Annual,16 years,Total,Percentage,Ireland,2016,0.00,d,
ESTAT:EDUC_UOE_ENRA27(1.0),11/09/25 23:00:00,Annual,16 years,Total,Percentage,Ireland,2017,0.00,d,
ESTAT:EDUC_UOE_ENRA27(1.0),11/09/25 23:00:00,Annual,16 years,Total,Percentage,Ireland,2018,0.00,d,
ESTAT:EDUC_UOE_ENRA27(1.0),11/09/25 23:00:00,Annual,16 years,Total,Percentage,Ireland,2019,0.00,,
ESTAT:EDUC_UOE_ENRA27(1.0),11/09/25 23:00:00,Annual,16 years,Total,Percentage,Ireland,2020,0.00,,
ESTAT:EDUC_UOE_ENRA27(1.0),11/09/25 23:00:00,Annual,16 years,Total,Percentage,Ireland,2021,0.00,,
ESTAT:EDUC_UOE_ENRA27(1.0),11/09/25 23:00:00,Annual,16 years,Total,Percentage,Ireland,2022,0.00,,
ESTAT:EDUC_UOE_ENRA27(1.0),11/09/25 23:00:00,Annual,16 years,Total,Percentage,Ireland,2023,0.00,,
ESTAT:EDUC_UOE_ENRA27(1.0),11/09/25 23:00:00,Annual,16 years,Total,Percentage,Iceland,2015,4.10,,
ESTAT:EDUC_UOE_ENRA27(1.0),11/09/25 23:00:00,Annual,16 years,Total,Percentage,Iceland,2016,4.07,,
ESTAT:EDUC_UOE_ENRA27(1.0),11/09/25 23:00:00,Annual,16 years,Total,Percentage,Iceland,2017,4.71,,
ESTAT:EDUC_UOE_ENRA27(1.0),11/09/25 23:00:00,Annual,16 years,Total,Percentage,Iceland,2018,4.42,,
ESTAT:EDUC_UOE_ENRA27(1.0),11/09/25 23:00:00,Annual,16 years,Total,Percentage,Iceland,2019,4.50,,
ESTAT:EDUC_UOE_ENRA27(1.0),11/09/25 23:00:00,Annual,16 years,Total,Percentage,Iceland,2020,4.25,,
ESTAT:EDUC_UOE_ENRA27(1.0),11/09/25 23:00:00,Annual,16 years,Total,Percentage,Iceland,2021,4.42,,
ESTAT:EDUC_UOE_ENRA27(1.0),11/09/25 23:00:00,Annual,16 years,Total,Percentage,Iceland,2022,3.78,,
ESTAT:EDUC_UOE_ENRA27(1.0),11/09/25 23:00:00,Annual,16 years,Total,Percentage,Iceland,2023,4.36,,
ESTAT:EDUC_UOE_ENRA27(1.0),11/09/25 23:00:00,Annual,16 years,Total,Percentage,Italy,2015,4.37,,
ESTAT:EDUC_UOE_ENRA27(1.0),11/09/25 23:00:00,Annual,16 years,Total,Percentage,Italy,2016,5.31,,
ESTAT:EDUC_UOE_ENRA27(1.0),11/09/25 23:00:00,Annual,16 years,Total,Percentage,Italy,2017,3.99,d,
ESTAT:EDUC_UOE_ENRA27(1.0),11/09/25 23:00:00,Annual,16 years,Total,Percentage,Italy,2018,3.22,d,
ESTAT:EDUC_UOE_ENRA27(1.0),11/09/25 23:00:00,Annual,16 years,Total,Percentage,Italy,2019,2.65,d,
ESTAT:EDUC_UOE_ENRA27(1.0),11/09/25 23:00:00,Annual,16 years,Total,Percentage,Italy,2020,3.07,,
ESTAT:EDUC_UOE_ENRA27(1.0),11/09/25 23:00:00,Annual,16 years,Total,Percentage,Italy,2021,2.62,,
ESTAT:EDUC_UOE_ENRA27(1.0),11/09/25 23:00:00,Annual,16 years,Total,Percentage,Italy,2022,3.37,,
ESTAT:EDUC_UOE_ENRA27(1.0),11/09/25 23:00:00,Annual,16 years,Total,Percentage,Italy,2023,3.22,,
ESTAT:EDUC_UOE_ENRA27(1.0),11/09/25 23:00:00,Annual,16 years,Total,Percentage,Liechtenstein,2015,6.65,,
ESTAT:EDUC_UOE_ENRA27(1.0),11/09/25 23:00:00,Annual,16 years,Total,Percentage,Liechtenstein,2016,5.56,,
ESTAT:EDUC_UOE_ENRA27(1.0),11/09/25 23:00:00,Annual,16 years,Total,Percentage,Liechtenstein,2017,10.12,,
ESTAT:EDUC_UOE_ENRA27(1.0),11/09/25 23:00:00,Annual,16 years,Total,Percentage,Liechtenstein,2018,13.18,,
ESTAT:EDUC_UOE_ENRA27(1.0),11/09/25 23:00:00,Annual,16 years,Total,Percentage,Liechtenstein,2019,3.76,,
ESTAT:EDUC_UOE_ENRA27(1.0),11/09/25 23:00:00,Annual,16 years,Total,Percentage,Liechtenstein,2020,1.69,,
ESTAT:EDUC_UOE_ENRA27(1.0),11/09/25 23:00:00,Annual,16 years,Total,Percentage,Liechtenstein,2021,5.90,,
ESTAT:EDUC_UOE_ENRA27(1.0),11/09/25 23:00:00,Annual,16 years,Total,Percentage,Liechtenstein,2022,8.23,,
ESTAT:EDUC_UOE_ENRA27(1.0),11/09/25 23:00:00,Annual,16 years,Total,Percentage,Lithuania,2015,1.14,,
ESTAT:EDUC_UOE_ENRA27(1.0),11/09/25 23:00:00,Annual,16 years,Total,Percentage,Lithuania,2016,1.12,,
ESTAT:EDUC_UOE_ENRA27(1.0),11/09/25 23:00:00,Annual,16 years,Total,Percentage,Lithuania,2017,0.38,,
ESTAT:EDUC_UOE_ENRA27(1.0),11/09/25 23:00:00,Annual,16 years,Total,Percentage,Lithuania,2018,0.91,,
ESTAT:EDUC_UOE_ENRA27(1.0),11/09/25 23:00:00,Annual,16 years,Total,Percentage,Lithuania,2019,0.52,,
ESTAT:EDUC_UOE_ENRA27(1.0),11/09/25 23:00:00,Annual,16 years,Total,Percentage,Lithuania,2020,1.06,,
ESTAT:EDUC_UOE_ENRA27(1.0),11/09/25 23:00:00,Annual,16 years,Total,Percentage,Lithuania,2021,0.00,,
ESTAT:EDUC_UOE_ENRA27(1.0),11/09/25 23:00:00,Annual,16 years,Total,Percentage,Lithuania,2022,0.00,,
ESTAT:EDUC_UOE_ENRA27(1.0),11/09/25 23:00:00,Annual,16 years,Total,Percentage,Lithuania,2023,0.00,,
ESTAT:EDUC_UOE_ENRA27(1.0),11/09/25 23:00:00,Annual,16 years,Total,Percentage,Luxembourg,2015,11.21,,
ESTAT:EDUC_UOE_ENRA27(1.0),11/09/25 23:00:00,Annual,16 years,Total,Percentage,Luxembourg,2016,9.85,,
ESTAT:EDUC_UOE_ENRA27(1.0),11/09/25 23:00:00,Annual,16 years,Total,Percentage,Luxembourg,2017,12.01,,
ESTAT:EDUC_UOE_ENRA27(1.0),11/09/25 23:00:00,Annual,16 years,Total,Percentage,Luxembourg,2018,8.91,,
ESTAT:EDUC_UOE_ENRA27(1.0),11/09/25 23:00:00,Annual,16 years,Total,Percentage,Luxembourg,2019,9.92,,
ESTAT:EDUC_UOE_ENRA27(1.0),11/09/25 23:00:00,Annual,16 years,Total,Percentage,Luxembourg,2020,8.55,,
ESTAT:EDUC_UOE_ENRA27(1.0),11/09/25 23:00:00,Annual,16 years,Total,Percentage,Luxembourg,2021,9.43,,
ESTAT:EDUC_UOE_ENRA27(1.0),11/09/25 23:00:00,Annual,16 years,Total,Percentage,Luxembourg,2022,7.51,,
ESTAT:EDUC_UOE_ENRA27(1.0),11/09/25 23:00:00,Annual,16 years,Total,Percentage,Luxembourg,2023,5.38,,
ESTAT:EDUC_UOE_ENRA27(1.0),11/09/25 23:00:00,Annual,16 years,Total,Percentage,Latvia,2015,1.16,,
ESTAT:EDUC_UOE_ENRA27(1.0),11/09/25 23:00:00,Annual,16 years,Total,Percentage,Latvia,2016,3.43,,
ESTAT:EDUC_UOE_ENRA27(1.0),11/09/25 23:00:00,Annual,16 years,Total,Percentage,Latvia,2017,1.21,,
ESTAT:EDUC_UOE_ENRA27(1.0),11/09/25 23:00:00,Annual,16 years,Total,Percentage,Latvia,2018,1.01,,
ESTAT:EDUC_UOE_ENRA27(1.0),11/09/25 23:00:00,Annual,16 years,Total,Percentage,Latvia,2019,2.72,,
ESTAT:EDUC_UOE_ENRA27(1.0),11/09/25 23:00:00,Annual,16 years,Total,Percentage,Latvia,2020,3.75,,
ESTAT:EDUC_UOE_ENRA27(1.0),11/09/25 23:00:00,Annual,16 years,Total,Percentage,Latvia,2021,3.31,,
ESTAT:EDUC_UOE_ENRA27(1.0),11/09/25 23:00:00,Annual,16 years,Total,Percentage,Latvia,2022,3.42,,
ESTAT:EDUC_UOE_ENRA27(1.0),11/09/25 23:00:00,Annual,16 years,Total,Percentage,Latvia,2023,4.85,,
ESTAT:EDUC_UOE_ENRA27(1.0),11/09/25 23:00:00,Annual,16 years,Total,Percentage,Montenegro,2015,7.35,d,
ESTAT:EDUC_UOE_ENRA27(1.0),11/09/25 23:00:00,Annual,16 years,Total,Percentage,Montenegro,2016,7.62,,
ESTAT:EDUC_UOE_ENRA27(1.0),11/09/25 23:00:00,Annual,16 years,Total,Percentage,Montenegro,2017,5.49,,
ESTAT:EDUC_UOE_ENRA27(1.0),11/09/25 23:00:00,Annual,16 years,Total,Percentage,Montenegro,2018,8.16,,
ESTAT:EDUC_UOE_ENRA27(1.0),11/09/25 23:00:00,Annual,16 years,Total,Percentage,Montenegro,2019,10.00,,
ESTAT:EDUC_UOE_ENRA27(1.0),11/09/25 23:00:00,Annual,16 years,Total,Percentage,Montenegro,2020,9.20,,
ESTAT:EDUC_UOE_ENRA27(1.0),11/09/25 23:00:00,Annual,16 years,Total,Percentage,Montenegro,2021,8.12,,
ESTAT:EDUC_UOE_ENRA27(1.0),11/09/25 23:00:00,Annual,16 years,Total,Percentage,Montenegro,2023,8.29,,
ESTAT:EDUC_UOE_ENRA27(1.0),11/09/25 23:00:00,Annual,16 years,Total,Percentage,North Macedonia,2015,,d,
ESTAT:EDUC_UOE_ENRA27(1.0),11/09/25 23:00:00,Annual,16 years,Total,Percentage,North Macedonia,2016,,d,
ESTAT:EDUC_UOE_ENRA27(1.0),11/09/25 23:00:00,Annual,16 years,Total,Percentage,North Macedonia,2017,,d,
ESTAT:EDUC_UOE_ENRA27(1.0),11/09/25 23:00:00,Annual,16 years,Total,Percentage,North Macedonia,2018,99.25,d,
ESTAT:EDUC_UOE_ENRA27(1.0),11/09/25 23:00:00,Annual,16 years,Total,Percentage,North Macedonia,2019,99.29,,
ESTAT:EDUC_UOE_ENRA27(1.0),11/09/25 23:00:00,Annual,16 years,Total,Percentage,North Macedonia,2020,,d,
ESTAT:EDUC_UOE_ENRA27(1.0),11/09/25 23:00:00,Annual,16 years,Total,Percentage,North Macedonia,2021,,d,
ESTAT:EDUC_UOE_ENRA27(1.0),11/09/25 23:00:00,Annual,16 years,Total,Percentage,North Macedonia,2022,,d,
ESTAT:EDUC_UOE_ENRA27(1.0),11/09/25 23:00:00,Annual,16 years,Total,Percentage,North Macedonia,2023,,d,
ESTAT:EDUC_UOE_ENRA27(1.0),11/09/25 23:00:00,Annual,16 years,Total,Percentage,Malta,2015,15.94,,
ESTAT:EDUC_UOE_ENRA27(1.0),11/09/25 23:00:00,Annual,16 years,Total,Percentage,Malta,2016,18.46,,
ESTAT:EDUC_UOE_ENRA27(1.0),11/09/25 23:00:00,Annual,16 years,Total,Percentage,Malta,2017,23.76,,
ESTAT:EDUC_UOE_ENRA27(1.0),11/09/25 23:00:00,Annual,16 years,Total,Percentage,Malta,2018,21.46,,
ESTAT:EDUC_UOE_ENRA27(1.0),11/09/25 23:00:00,Annual,16 years,Total,Percentage,Malta,2019,21.23,,
ESTAT:EDUC_UOE_ENRA27(1.0),11/09/25 23:00:00,Annual,16 years,Total,Percentage,Malta,2020,19.05,,
ESTAT:EDUC_UOE_ENRA27(1.0),11/09/25 23:00:00,Annual,16 years,Total,Percentage,Malta,2021,17.31,,
ESTAT:EDUC_UOE_ENRA27(1.0),11/09/25 23:00:00,Annual,16 years,Total,Percentage,Malta,2022,16.14,,
ESTAT:EDUC_UOE_ENRA27(1.0),11/09/25 23:00:00,Annual,16 years,Total,Percentage,Malta,2023,16.48,,
ESTAT:EDUC_UOE_ENRA27(1.0),11/09/25 23:00:00,Annual,16 years,Total,Percentage,Netherlands,2015,0.99,,
ESTAT:EDUC_UOE_ENRA27(1.0),11/09/25 23:00:00,Annual,16 years,Total,Percentage,Netherlands,2016,0.96,,
ESTAT:EDUC_UOE_ENRA27(1.0),11/09/25 23:00:00,Annual,16 years,Total,Percentage,Netherlands,2017,0.99,,
ESTAT:EDUC_UOE_ENRA27(1.0),11/09/25 23:00:00,Annual,16 years,Total,Percentage,Netherlands,2018,0.96,,
ESTAT:EDUC_UOE_ENRA27(1.0),11/09/25 23:00:00,Annual,16 years,Total,Percentage,Netherlands,2019,0.83,,
ESTAT:EDUC_UOE_ENRA27(1.0),11/09/25 23:00:00,Annual,16 years,Total,Percentage,Netherlands,2020,0.94,e,
ESTAT:EDUC_UOE_ENRA27(1.0),11/09/25 23:00:00,Annual,16 years,Total,Percentage,Netherlands,2021,0.95,e,
ESTAT:EDUC_UOE_ENRA27(1.0),11/09/25 23:00:00,Annual,16 years,Total,Percentage,Netherlands,2022,0.99,,
ESTAT:EDUC_UOE_ENRA27(1.0),11/09/25 23:00:00,Annual,16 years,Total,Percentage,Netherlands,2023,1.22,,
ESTAT:EDUC_UOE_ENRA27(1.0),11/09/25 23:00:00,Annual,16 years,Total,Percentage,Norway,2015,5.17,,
ESTAT:EDUC_UOE_ENRA27(1.0),11/09/25 23:00:00,Annual,16 years,Total,Percentage,Norway,2016,5.12,,
ESTAT:EDUC_UOE_ENRA27(1.0),11/09/25 23:00:00,Annual,16 years,Total,Percentage,Norway,2017,5.49,,
ESTAT:EDUC_UOE_ENRA27(1.0),11/09/25 23:00:00,Annual,16 years,Total,Percentage,Norway,2018,5.44,,
ESTAT:EDUC_UOE_ENRA27(1.0),11/09/25 23:00:00,Annual,16 years,Total,Percentage,Norway,2019,5.16,,
ESTAT:EDUC_UOE_ENRA27(1.0),11/09/25 23:00:00,Annual,16 years,Total,Percentage,Norway,2020,5.05,,
ESTAT:EDUC_UOE_ENRA27(1.0),11/09/25 23:00:00,Annual,16 years,Total,Percentage,Norway,2021,4.56,,
ESTAT:EDUC_UOE_ENRA27(1.0),11/09/25 23:00:00,Annual,16 years,Total,Percentage,Norway,2022,4.78,,
ESTAT:EDUC_UOE_ENRA27(1.0),11/09/25 23:00:00,Annual,16 years,Total,Percentage,Norway,2023,5.42,,
ESTAT:EDUC_UOE_ENRA27(1.0),11/09/25 23:00:00,Annual,16 years,Total,Percentage,Poland,2015,4.19,d,
ESTAT:EDUC_UOE_ENRA27(1.0),11/09/25 23:00:00,Annual,16 years,Total,Percentage,Poland,2016,4.44,d,
ESTAT:EDUC_UOE_ENRA27(1.0),11/09/25 23:00:00,Annual,16 years,Total,Percentage,Poland,2017,4.65,d,
ESTAT:EDUC_UOE_ENRA27(1.0),11/09/25 23:00:00,Annual,16 years,Total,Percentage,Poland,2018,4.55,e,
ESTAT:EDUC_UOE_ENRA27(1.0),11/09/25 23:00:00,Annual,16 years,Total,Percentage,Poland,2019,4.30,e,
ESTAT:EDUC_UOE_ENRA27(1.0),11/09/25 23:00:00,Annual,16 years,Total,Percentage,Poland,2020,4.54,e,
ESTAT:EDUC_UOE_ENRA27(1.0),11/09/25 23:00:00,Annual,16 years,Total,Percentage,Poland,2021,0.00,p,
ESTAT:EDUC_UOE_ENRA27(1.0),11/09/25 23:00:00,Annual,16 years,Total,Percentage,Poland,2022,0.00,p,
ESTAT:EDUC_UOE_ENRA27(1.0),11/09/25 23:00:00,Annual,16 years,Total,Percentage,Poland,2023,0.00,p,
ESTAT:EDUC_UOE_ENRA27(1.0),11/09/25 23:00:00,Annual,16 years,Total,Percentage,Portugal,2015,0.16,,
ESTAT:EDUC_UOE_ENRA27(1.0),11/09/25 23:00:00,Annual,16 years,Total,Percentage,Portugal,2016,1.81,,
ESTAT:EDUC_UOE_ENRA27(1.0),11/09/25 23:00:00,Annual,16 years,Total,Percentage,Portugal,2017,1.66,,
ESTAT:EDUC_UOE_ENRA27(1.0),11/09/25 23:00:00,Annual,16 years,Total,Percentage,Portugal,2018,0.23,,
ESTAT:EDUC_UOE_ENRA27(1.0),11/09/25 23:00:00,Annual,16 years,Total,Percentage,Portugal,2019,0.00,,
ESTAT:EDUC_UOE_ENRA27(1.0),11/09/25 23:00:00,Annual,16 years,Total,Percentage,Portugal,2020,0.00,,
ESTAT:EDUC_UOE_ENRA27(1.0),11/09/25 23:00:00,Annual,16 years,Total,Percentage,Portugal,2021,0.00,,
ESTAT:EDUC_UOE_ENRA27(1.0),11/09/25 23:00:00,Annual,16 years,Total,Percentage,Portugal,2022,0.00,,
ESTAT:EDUC_UOE_ENRA27(1.0),11/09/25 23:00:00,Annual,16 years,Total,Percentage,Portugal,2023,0.00,,
ESTAT:EDUC_UOE_ENRA27(1.0),11/09/25 23:00:00,Annual,16 years,Total,Percentage,Romania,2015,19.08,,
ESTAT:EDUC_UOE_ENRA27(1.0),11/09/25 23:00:00,Annual,16 years,Total,Percentage,Romania,2016,18.80,d,
ESTAT:EDUC_UOE_ENRA27(1.0),11/09/25 23:00:00,Annual,16 years,Total,Percentage,Romania,2017,19.62,d,
ESTAT:EDUC_UOE_ENRA27(1.0),11/09/25 23:00:00,Annual,16 years,Total,Percentage,Romania,2018,18.10,d,
ESTAT:EDUC_UOE_ENRA27(1.0),11/09/25 23:00:00,Annual,16 years,Total,Percentage,Romania,2019,18.74,d,
ESTAT:EDUC_UOE_ENRA27(1.0),11/09/25 23:00:00,Annual,16 years,Total,Percentage,Romania,2020,19.26,d,
ESTAT:EDUC_UOE_ENRA27(1.0),11/09/25 23:00:00,Annual,16 years,Total,Percentage,Romania,2021,19.01,d,
ESTAT:EDUC_UOE_ENRA27(1.0),11/09/25 23:00:00,Annual,16 years,Total,Percentage,Romania,2022,21.85,,
ESTAT:EDUC_UOE_ENRA27(1.0),11/09/25 23:00:00,Annual,16 years,Total,Percentage,Romania,2023,23.68,,
ESTAT:EDUC_UOE_ENRA27(1.0),11/09/25 23:00:00,Annual,16 years,Total,Percentage,Serbia,2015,5.69,,
ESTAT:EDUC_UOE_ENRA27(1.0),11/09/25 23:00:00,Annual,16 years,Total,Percentage,Serbia,2016,5.95,,
ESTAT:EDUC_UOE_ENRA27(1.0),11/09/25 23:00:00,Annual,16 years,Total,Percentage,Serbia,2017,4.11,,
ESTAT:EDUC_UOE_ENRA27(1.0),11/09/25 23:00:00,Annual,16 years,Total,Percentage,Serbia,2018,8.74,,
ESTAT:EDUC_UOE_ENRA27(1.0),11/09/25 23:00:00,Annual,16 years,Total,Percentage,Serbia,2019,8.22,,
ESTAT:EDUC_UOE_ENRA27(1.0),11/09/25 23:00:00,Annual,16 years,Total,Percentage,Serbia,2020,8.08,,
ESTAT:EDUC_UOE_ENRA27(1.0),11/09/25 23:00:00,Annual,16 years,Total,Percentage,Serbia,2021,8.35,,
ESTAT:EDUC_UOE_ENRA27(1.0),11/09/25 23:00:00,Annual,16 years,Total,Percentage,Serbia,2022,9.56,,
ESTAT:EDUC_UOE_ENRA27(1.0),11/09/25 23:00:00,Annual,16 years,Total,Percentage,Serbia,2023,6.76,,
ESTAT:EDUC_UOE_ENRA27(1.0),11/09/25 23:00:00,Annual,16 years,Total,Percentage,Sweden,2015,0.82,,
ESTAT:EDUC_UOE_ENRA27(1.0),11/09/25 23:00:00,Annual,16 years,Total,Percentage,Sweden,2016,0.00,,
ESTAT:EDUC_UOE_ENRA27(1.0),11/09/25 23:00:00,Annual,16 years,Total,Percentage,Sweden,2017,0.00,,
ESTAT:EDUC_UOE_ENRA27(1.0),11/09/25 23:00:00,Annual,16 years,Total,Percentage,Sweden,2018,0.00,,
ESTAT:EDUC_UOE_ENRA27(1.0),11/09/25 23:00:00,Annual,16 years,Total,Percentage,Sweden,2019,1.37,,
ESTAT:EDUC_UOE_ENRA27(1.0),11/09/25 23:00:00,Annual,16 years,Total,Percentage,Sweden,2020,1.44,,
ESTAT:EDUC_UOE_ENRA27(1.0),11/09/25 23:00:00,Annual,16 years,Total,Percentage,Sweden,2021,1.16,,
ESTAT:EDUC_UOE_ENRA27(1.0),11/09/25 23:00:00,Annual,16 years,Total,Percentage,Sweden,2022,1.30,,
ESTAT:EDUC_UOE_ENRA27(1.0),11/09/25 23:00:00,Annual,16 years,Total,Percentage,Sweden,2023,1.02,,
ESTAT:EDUC_UOE_ENRA27(1.0),11/09/25 23:00:00,Annual,16 years,Total,Percentage,Slovenia,2015,1.96,d,
ESTAT:EDUC_UOE_ENRA27(1.0),11/09/25 23:00:00,Annual,16 years,Total,Percentage,Slovenia,2016,2.91,d,
ESTAT:EDUC_UOE_ENRA27(1.0),11/09/25 23:00:00,Annual,16 years,Total,Percentage,Slovenia,2017,3.55,d,
ESTAT:EDUC_UOE_ENRA27(1.0),11/09/25 23:00:00,Annual,16 years,Total,Percentage,Slovenia,2018,2.19,,
ESTAT:EDUC_UOE_ENRA27(1.0),11/09/25 23:00:00,Annual,16 years,Total,Percentage,Slovenia,2019,2.21,,
ESTAT:EDUC_UOE_ENRA27(1.0),11/09/25 23:00:00,Annual,16 years,Total,Percentage,Slovenia,2020,2.02,,
ESTAT:EDUC_UOE_ENRA27(1.0),11/09/25 23:00:00,Annual,16 years,Total,Percentage,Slovenia,2021,2.72,,
ESTAT:EDUC_UOE_ENRA27(1.0),11/09/25 23:00:00,Annual,16 years,Total,Percentage,Slovenia,2022,1.98,,
ESTAT:EDUC_UOE_ENRA27(1.0),11/09/25 23:00:00,Annual,16 years,Total,Percentage,Slovenia,2023,2.47,,
ESTAT:EDUC_UOE_ENRA27(1.0),11/09/25 23:00:00,Annual,16 years,Total,Percentage,Slovakia,2015,6.53,,
ESTAT:EDUC_UOE_ENRA27(1.0),11/09/25 23:00:00,Annual,16 years,Total,Percentage,Slovakia,2016,7.38,,
ESTAT:EDUC_UOE_ENRA27(1.0),11/09/25 23:00:00,Annual,16 years,Total,Percentage,Slovakia,2017,7.40,,
ESTAT:EDUC_UOE_ENRA27(1.0),11/09/25 23:00:00,Annual,16 years,Total,Percentage,Slovakia,2018,8.05,,
ESTAT:EDUC_UOE_ENRA27(1.0),11/09/25 23:00:00,Annual,16 years,Total,Percentage,Slovakia,2019,8.65,,
ESTAT:EDUC_UOE_ENRA27(1.0),11/09/25 23:00:00,Annual,16 years,Total,Percentage,Slovakia,2020,8.40,,
ESTAT:EDUC_UOE_ENRA27(1.0),11/09/25 23:00:00,Annual,16 years,Total,Percentage,Slovakia,2021,9.12,,
ESTAT:EDUC_UOE_ENRA27(1.0),11/09/25 23:00:00,Annual,16 years,Total,Percentage,Slovakia,2022,8.04,,
ESTAT:EDUC_UOE_ENRA27(1.0),11/09/25 23:00:00,Annual,16 years,Total,Percentage,Slovakia,2023,7.60,,
ESTAT:EDUC_UOE_ENRA27(1.0),11/09/25 23:00:00,Annual,16 years,Total,Percentage,Türkiye,2015,15.70,,
ESTAT:EDUC_UOE_ENRA27(1.0),11/09/25 23:00:00,Annual,16 years,Total,Percentage,Türkiye,2016,16.98,,
ESTAT:EDUC_UOE_ENRA27(1.0),11/09/25 23:00:00,Annual,16 years,Total,Percentage,Türkiye,2017,11.81,,
ESTAT:EDUC_UOE_ENRA27(1.0),11/09/25 23:00:00,Annual,16 years,Total,Percentage,Türkiye,2018,12.07,,
ESTAT:EDUC_UOE_ENRA27(1.0),11/09/25 23:00:00,Annual,16 years,Total,Percentage,Türkiye,2019,11.89,,
ESTAT:EDUC_UOE_ENRA27(1.0),11/09/25 23:00:00,Annual,16 years,Total,Percentage,Türkiye,2020,10.88,,
ESTAT:EDUC_UOE_ENRA27(1.0),11/09/25 23:00:00,Annual,16 years,Total,Percentage,Türkiye,2021,9.90,,
ESTAT:EDUC_UOE_ENRA27(1.0),11/09/25 23:00:00,Annual,16 years,Total,Percentage,Türkiye,2022,6.00,,
ESTAT:EDUC_UOE_ENRA27(1.0),11/09/25 23:00:00,Annual,16 years,Total,Percentage,Türkiye,2023,0.00,,
ESTAT:EDUC_UOE_ENRA27(1.0),11/09/25 23:00:00,Annual,16 years,Total,Percentage,United Kingdom,2015,1.03,d,
ESTAT:EDUC_UOE_ENRA27(1.0),11/09/25 23:00:00,Annual,16 years,Total,Percentage,United Kingdom,2016,0.00,d,
ESTAT:EDUC_UOE_ENRA27(1.0),11/09/25 23:00:00,Annual,16 years,Total,Percentage,United Kingdom,2017,0.84,d,
ESTAT:EDUC_UOE_ENRA27(1.0),11/09/25 23:00:00,Annual,16 years,Total,Percentage,United Kingdom,2018,2.03,d,
ESTAT:EDUC_UOE_ENRA27(1.0),11/09/25 23:00:00,Annual,16 years,Total,Percentage,United Kingdom,2019,3.08,d,
