DATAFLOW,LAST UPDATE,freq,s_adj,age,sex,unit,geo,TIME_PERIOD,OBS_VALUE,OBS_FLAG,CONF_STATUS
ESTAT:TEILM010(1.0),16/10/25 11:00:00,Monthly,"Seasonally adjusted data, not calendar adjusted data",Total,Females,Thousand persons,Austria,2024-10,128,,
ESTAT:TEILM010(1.0),16/10/25 11:00:00,Monthly,"Seasonally adjusted data, not calendar adjusted data",Total,Females,Thousand persons,Austria,2024-11,95,,
ESTAT:TEILM010(1.0),16/10/25 11:00:00,Monthly,"Seasonally adjusted data, not calendar adjusted data",Total,Females,Thousand persons,Austria,2024-12,111,,
ESTAT:TEILM010(1.0),16/10/25 11:00:00,Monthly,"Seasonally adjusted data, not calendar adjusted data",Total,Females,Thousand persons,Austria,2025-01,120,,
ESTAT:TEILM010(1.0),16/10/25 11:00:00,Monthly,"Seasonally adjusted data, not calendar adjusted data",Total,Females,Thousand persons,Austria,2025-02,114,,
ESTAT:TEILM010(1.0),16/10/25 11:00:00,Monthly,"Seasonally adjusted data, not calendar adjusted data",Total,Females,Thousand persons,Austria,2025-03,120,,
ESTAT:TEILM010(1.0),16/10/25 11:00:00,Monthly,"Seasonally adjusted data, not calendar adjusted data",Total,Females,Thousand persons,Austria,2025-04,128,,
ESTAT:TEILM010(1.0),16/10/25 11:00:00,Monthly,"Seasonally adjusted data, not calendar adjusted data",Total,Females,Thousand persons,Austria,2025-05,109,,
ESTAT:TEILM010(1.0),16/10/25 11:00:00,Monthly,"Seasonally adjusted data, not calendar adjusted data",Total,Females,Thousand persons,Austria,2025-06,124,,
ESTAT:TEILM010(1.0),16/10/25 11:00:00,Monthly,"Seasonally adjusted data, not calendar adjusted data",Total,Females,Thousand persons,Austria,2025-07,120,,
ESTAT:TEILM010(1.0),16/10/25 11:00:00,Monthly,"Seasonally adjusted data, not calendar adjusted data",Total,Females,Thousand persons,Austria,2025-08,119,,
ESTAT:TEILM010(1.0),16/10/25 11:00:00,Monthly,"Seasonally adjusted data, not calendar adjusted data",Total,Females,Thousand persons,Bosnia and Herzegovina,2024-10,92,,
ESTAT:TEILM010(1.0),16/10/25 11:00:00,Monthly,"Seasonally adjusted data, not calendar adjusted data",Total,Females,Thousand persons,Bosnia and Herzegovina,2024-11,92,,
ESTAT:TEILM010(1.0),16/10/25 11:00:00,Monthly,"Seasonally adjusted data, not calendar adjusted data",Total,Females,Thousand persons,Bosnia and Herzegovina,2024-12,92,,
ESTAT:TEILM010(1.0),16/10/25 11:00:00,Monthly,"Seasonally adjusted data, not calendar adjusted data",Total,Females,Thousand persons,Bosnia and Herzegovina,2025-01,91,,
ESTAT:TEILM010(1.0),16/10/25 11:00:00,Monthly,"Seasonally adjusted data, not calendar adjusted data",Total,Females,Thousand persons,Bosnia and Herzegovina,2025-02,91,,
ESTAT:TEILM010(1.0),16/10/25 11:00:00,Monthly,"Seasonally adjusted data, not calendar adjusted data",Total,Females,Thousand persons,Bosnia and Herzegovina,2025-03,92,,
ESTAT:TEILM010(1.0),16/10/25 11:00:00,Monthly,"Seasonally adjusted data, not calendar adjusted data",Total,Females,Thousand persons,Bosnia and Herzegovina,2025-04,91,,
ESTAT:TEILM010(1.0),16/10/25 11:00:00,Monthly,"Seasonally adjusted data, not calendar adjusted data",Total,Females,Thousand persons,Bosnia and Herzegovina,2025-05,91,,
ESTAT:TEILM010(1.0),16/10/25 11:00:00,Monthly,"Seasonally adjusted data, not calendar adjusted data",Total,Females,Thousand persons,Bosnia and Herzegovina,2025-06,91,,
ESTAT:TEILM010(1.0),16/10/25 11:00:00,Monthly,"Seasonally adjusted data, not calendar adjusted data",Total,Females,Thousand persons,Bosnia and Herzegovina,2025-07,92,,
ESTAT:TEILM010(1.0),16/10/25 11:00:00,Monthly,"Seasonally adjusted data, not calendar adjusted data",Total,Females,Thousand persons,Belgium,2024-10,139,,
ESTAT:TEILM010(1.0),16/10/25 11:00:00,Monthly,"Seasonally adjusted data, not calendar adjusted data",Total,Females,Thousand persons,Belgium,2024-11,140,,
ESTAT:TEILM010(1.0),16/10/25 11:00:00,Monthly,"Seasonally adjusted data, not calendar adjusted data",Total,Females,Thousand persons,Belgium,2024-12,142,,
ESTAT:TEILM010(1.0),16/10/25 11:00:00,Monthly,"Seasonally adjusted data, not calendar adjusted data",Total,Females,Thousand persons,Belgium,2025-01,139,,
ESTAT:TEILM010(1.0),16/10/25 11:00:00,Monthly,"Seasonally adjusted data, not calendar adjusted data",Total,Females,Thousand persons,Belgium,2025-02,139,,
ESTAT:TEILM010(1.0),16/10/25 11:00:00,Monthly,"Seasonally adjusted data, not calendar adjusted data",Total,Females,Thousand persons,Belgium,2025-03,137,,
ESTAT:TEILM010(1.0),16/10/25 11:00:00,Monthly,"Seasonally adjusted data, not calendar adjusted data",Total,Females,Thousand persons,Belgium,2025-04,136,,
ESTAT:TEILM010(1.0),16/10/25 11:00:00,Monthly,"Seasonally adjusted data, not calendar adjusted data",Total,Females,Thousand persons,Belgium,2025-05,135,,
ESTAT:TEILM010(1.0),16/10/25 11:00:00,Monthly,"Seasonally adjusted data, not calendar adjusted data",Total,Females,Thousand persons,Belgium,2025-06,133,,
ESTAT:TEILM010(1.0),16/10/25 11:00:00,Monthly,"Seasonally adjusted data, not calendar adjusted data",Total,Females,Thousand persons,Belgium,2025-07,129,,
ESTAT:TEILM010(1.0),16/10/25 11:00:00,Monthly,"Seasonally adjusted data, not calendar adjusted data",Total,Females,Thousand persons,Belgium,2025-08,125,,
ESTAT:TEILM010(1.0),16/10/25 11:00:00,Monthly,"Seasonally adjusted data, not calendar adjusted data",Total,Females,Thousand persons,Bulgaria,2024-10,50,,
ESTAT:TEILM010(1.0),16/10/25 11:00:00,Monthly,"Seasonally adjusted data, not calendar adjusted data",Total,Females,Thousand persons,Bulgaria,2024-11,48,,
ESTAT:TEILM010(1.0),16/10/25 11:00:00,Monthly,"Seasonally adjusted data, not calendar adjusted data",Total,Females,Thousand persons,Bulgaria,2024-12,47,,
ESTAT:TEILM010(1.0),16/10/25 11:00:00,Monthly,"Seasonally adjusted data, not calendar adjusted data",Total,Females,Thousand persons,Bulgaria,2025-01,48,,
ESTAT:TEILM010(1.0),16/10/25 11:00:00,Monthly,"Seasonally adjusted data, not calendar adjusted data",Total,Females,Thousand persons,Bulgaria,2025-02,48,,
ESTAT:TEILM010(1.0),16/10/25 11:00:00,Monthly,"Seasonally adjusted data, not calendar adjusted data",Total,Females,Thousand persons,Bulgaria,2025-03,48,,
ESTAT:TEILM010(1.0),16/10/25 11:00:00,Monthly,"Seasonally adjusted data, not calendar adjusted data",Total,Females,Thousand persons,Bulgaria,2025-04,47,,
ESTAT:TEILM010(1.0),16/10/25 11:00:00,Monthly,"Seasonally adjusted data, not calendar adjusted data",Total,Females,Thousand persons,Bulgaria,2025-05,47,,
ESTAT:TEILM010(1.0),16/10/25 11:00:00,Monthly,"Seasonally adjusted data, not calendar adjusted data",Total,Females,Thousand persons,Bulgaria,2025-06,48,,
ESTAT:TEILM010(1.0),16/10/25 11:00:00,Monthly,"Seasonally adjusted data, not calendar adjusted data",Total,Females,Thousand persons,Bulgaria,2025-07,49,,
ESTAT:TEILM010(1.0),16/10/25 11:00:00,Monthly,"Seasonally adjusted data, not calendar adjusted data",Total,Females,Thousand persons,Bulgaria,2025-08,47,,
ESTAT:TEILM010(1.0),16/10/25 11:00:00,Monthly,"Seasonally adjusted data, not calendar adjusted data",Total,Females,Thousand persons,Switzerland,2024-10,115,,
ESTAT:TEILM010(1.0),16/10/25 11:00:00,Monthly,"Seasonally adjusted data, not calendar adjusted data",Total,Females,Thousand persons,Switzerland,2024-11,115,,
ESTAT:TEILM010(1.0),16/10/25 11:00:00,Monthly,"Seasonally adjusted data, not calendar adjusted data",Total,Females,Thousand persons,Switzerland,2024-12,114,,
ESTAT:TEILM010(1.0),16/10/25 11:00:00,Monthly,"Seasonally adjusted data, not calendar adjusted data",Total,Females,Thousand persons,Switzerland,2025-01,107,,
ESTAT:TEILM010(1.0),16/10/25 11:00:00,Monthly,"Seasonally adjusted data, not calendar adjusted data",Total,Females,Thousand persons,Switzerland,2025-02,105,,
ESTAT:TEILM010(1.0),16/10/25 11:00:00,Monthly,"Seasonally adjusted data, not calendar adjusted data",Total,Females,Thousand persons,Switzerland,2025-03,109,,
ESTAT:TEILM010(1.0),16/10/25 11:00:00,Monthly,"Seasonally adjusted data, not calendar adjusted data",Total,Females,Thousand persons,Switzerland,2025-04,118,,
ESTAT:TEILM010(1.0),16/10/25 11:00:00,Monthly,"Seasonally adjusted data, not calendar adjusted data",Total,Females,Thousand persons,Switzerland,2025-05,120,,
ESTAT:TEILM010(1.0),16/10/25 11:00:00,Monthly,"Seasonally adjusted data, not calendar adjusted data",Total,Females,Thousand persons,Switzerland,2025-06,118,,
ESTAT:TEILM010(1.0),16/10/25 11:00:00,Monthly,"Seasonally adjusted data, not calendar adjusted data",Total,Females,Thousand persons,Cyprus,2024-10,12,,
ESTAT:TEILM010(1.0),16/10/25 11:00:00,Monthly,"Seasonally adjusted data, not calendar adjusted data",Total,Females,Thousand persons,Cyprus,2024-11,12,,
ESTAT:TEILM010(1.0),16/10/25 11:00:00,Monthly,"Seasonally adjusted data, not calendar adjusted data",Total,Females,Thousand persons,Cyprus,2024-12,13,,
ESTAT:TEILM010(1.0),16/10/25 11:00:00,Monthly,"Seasonally adjusted data, not calendar adjusted data",Total,Females,Thousand persons,Cyprus,2025-01,13,,
ESTAT:TEILM010(1.0),16/10/25 11:00:00,Monthly,"Seasonally adjusted data, not calendar adjusted data",Total,Females,Thousand persons,Cyprus,2025-02,13,,
ESTAT:TEILM010(1.0),16/10/25 11:00:00,Monthly,"Seasonally adjusted data, not calendar adjusted data",Total,Females,Thousand persons,Cyprus,2025-03,13,,
ESTAT:TEILM010(1.0),16/10/25 11:00:00,Monthly,"Seasonally adjusted data, not calendar adjusted data",Total,Females,Thousand persons,Cyprus,2025-04,12,,
ESTAT:TEILM010(1.0),16/10/25 11:00:00,Monthly,"Seasonally adjusted data, not calendar adjusted data",Total,Females,Thousand persons,Cyprus,2025-05,12,,
ESTAT:TEILM010(1.0),16/10/25 11:00:00,Monthly,"Seasonally adjusted data, not calendar adjusted data",Total,Females,Thousand persons,Cyprus,2025-06,13,,
ESTAT:TEILM010(1.0),16/10/25 11:00:00,Monthly,"Seasonally adjusted data, not calendar adjusted data",Total,Females,Thousand persons,Cyprus,2025-07,14,,
ESTAT:TEILM010(1.0),16/10/25 11:00:00,Monthly,"Seasonally adjusted data, not calendar adjusted data",Total,Females,Thousand persons,Cyprus,2025-08,14,,
ESTAT:TEILM010(1.0),16/10/25 11:00:00,Monthly,"Seasonally adjusted data, not calendar adjusted data",Total,Females,Thousand persons,Czechia,2024-10,66,,
ESTAT:TEILM010(1.0),16/10/25 11:00:00,Monthly,"Seasonally adjusted data, not calendar adjusted data",Total,Females,Thousand persons,Czechia,2024-11,88,,
ESTAT:TEILM010(1.0),16/10/25 11:00:00,Monthly,"Seasonally adjusted data, not calendar adjusted data",Total,Females,Thousand persons,Czechia,2024-12,76,,
ESTAT:TEILM010(1.0),16/10/25 11:00:00,Monthly,"Seasonally adjusted data, not calendar adjusted data",Total,Females,Thousand persons,Czechia,2025-01,63,,
ESTAT:TEILM010(1.0),16/10/25 11:00:00,Monthly,"Seasonally adjusted data, not calendar adjusted data",Total,Females,Thousand persons,Czechia,2025-02,85,,
ESTAT:TEILM010(1.0),16/10/25 11:00:00,Monthly,"Seasonally adjusted data, not calendar adjusted data",Total,Females,Thousand persons,Czechia,2025-03,78,,
ESTAT:TEILM010(1.0),16/10/25 11:00:00,Monthly,"Seasonally adjusted data, not calendar adjusted data",Total,Females,Thousand persons,Czechia,2025-04,76,,
ESTAT:TEILM010(1.0),16/10/25 11:00:00,Monthly,"Seasonally adjusted data, not calendar adjusted data",Total,Females,Thousand persons,Czechia,2025-05,81,,
ESTAT:TEILM010(1.0),16/10/25 11:00:00,Monthly,"Seasonally adjusted data, not calendar adjusted data",Total,Females,Thousand persons,Czechia,2025-06,83,,
ESTAT:TEILM010(1.0),16/10/25 11:00:00,Monthly,"Seasonally adjusted data, not calendar adjusted data",Total,Females,Thousand persons,Czechia,2025-07,80,,
ESTAT:TEILM010(1.0),16/10/25 11:00:00,Monthly,"Seasonally adjusted data, not calendar adjusted data",Total,Females,Thousand persons,Czechia,2025-08,92,,
ESTAT:TEILM010(1.0),16/10/25 11:00:00,Monthly,"Seasonally adjusted data, not calendar adjusted data",Total,Females,Thousand persons,Germany,2024-10,665,,
ESTAT:TEILM010(1.0),16/10/25 11:00:00,Monthly,"Seasonally adjusted data, not calendar adjusted data",Total,Females,Thousand persons,Germany,2024-11,669,,
ESTAT:TEILM010(1.0),16/10/25 11:00:00,Monthly,"Seasonally adjusted data, not calendar adjusted data",Total,Females,Thousand persons,Germany,2024-12,674,,
ESTAT:TEILM010(1.0),16/10/25 11:00:00,Monthly,"Seasonally adjusted data, not calendar adjusted data",Total,Females,Thousand persons,Germany,2025-01,680,,
ESTAT:TEILM010(1.0),16/10/25 11:00:00,Monthly,"Seasonally adjusted data, not calendar adjusted data",Total,Females,Thousand persons,Germany,2025-02,686,,
ESTAT:TEILM010(1.0),16/10/25 11:00:00,Monthly,"Seasonally adjusted data, not calendar adjusted data",Total,Females,Thousand persons,Germany,2025-03,691,,
ESTAT:TEILM010(1.0),16/10/25 11:00:00,Monthly,"Seasonally adjusted data, not calendar adjusted data",Total,Females,Thousand persons,Germany,2025-04,694,,
ESTAT:TEILM010(1.0),16/10/25 11:00:00,Monthly,"Seasonally adjusted data, not calendar adjusted data",Total,Females,Thousand persons,Germany,2025-05,696,,
ESTAT:TEILM010(1.0),16/10/25 11:00:00,Monthly,"Seasonally adjusted data, not calendar adjusted data",Total,Females,Thousand persons,Germany,2025-06,695,,
ESTAT:TEILM010(1.0),16/10/25 11:00:00,Monthly,"Seasonally adjusted data, not calendar adjusted data",Total,Females,Thousand persons,Germany,2025-07,695,,
ESTAT:TEILM010(1.0),16/10/25 11:00:00,Monthly,"Seasonally adjusted data, not calendar adjusted data",Total,Females,Thousand persons,Germany,2025-08,694,,
ESTAT:TEILM010(1.0),16/10/25 11:00:00,Monthly,"Seasonally adjusted data, not calendar adjusted data",Total,Females,Thousand persons,Denmark,2024-10,105,,
ESTAT:TEILM010(1.0),16/10/25 11:00:00,Monthly,"Seasonally adjusted data, not calendar adjusted data",Total,Females,Thousand persons,Denmark,2024-11,106,,
ESTAT:TEILM010(1.0),16/10/25 11:00:00,Monthly,"Seasonally adjusted data, not calendar adjusted data",Total,Females,Thousand persons,Denmark,2024-12,110,,
ESTAT:TEILM010(1.0),16/10/25 11:00:00,Monthly,"Seasonally adjusted data, not calendar adjusted data",Total,Females,Thousand persons,Denmark,2025-01,107,,
ESTAT:TEILM010(1.0),16/10/25 11:00:00,Monthly,"Seasonally adjusted data, not calendar adjusted data",Total,Females,Thousand persons,Denmark,2025-02,99,,
ESTAT:TEILM010(1.0),16/10/25 11:00:00,Monthly,"Seasonally adjusted data, not calendar adjusted data",Total,Females,Thousand persons,Denmark,2025-03,106,,
ESTAT:TEILM010(1.0),16/10/25 11:00:00,Monthly,"Seasonally adjusted data, not calendar adjusted data",Total,Females,Thousand persons,Denmark,2025-04,104,,
ESTAT:TEILM010(1.0),16/10/25 11:00:00,Monthly,"Seasonally adjusted data, not calendar adjusted data",Total,Females,Thousand persons,Denmark,2025-05,86,,
ESTAT:TEILM010(1.0),16/10/25 11:00:00,Monthly,"Seasonally adjusted data, not calendar adjusted data",Total,Females,Thousand persons,Denmark,2025-06,94,,
ESTAT:TEILM010(1.0),16/10/25 11:00:00,Monthly,"Seasonally adjusted data, not calendar adjusted data",Total,Females,Thousand persons,Denmark,2025-07,92,,
ESTAT:TEILM010(1.0),16/10/25 11:00:00,Monthly,"Seasonally adjusted data, not calendar adjusted data",Total,Females,Thousand persons,Denmark,2025-08,96,,
ESTAT:TEILM010(1.0),16/10/25 11:00:00,Monthly,"Seasonally adjusted data, not calendar adjusted data",Total,Females,Thousand persons,Euro area – 20 countries (from 2023),2024-10,5213,,
ESTAT:TEILM010(1.0),16/10/25 11:00:00,Monthly,"Seasonally adjusted data, not calendar adjusted data",Total,Females,Thousand persons,Euro area – 20 countries (from 2023),2024-11,5180,,
ESTAT:TEILM010(1.0),16/10/25 11:00:00,Monthly,"Seasonally adjusted data, not calendar adjusted data",Total,Females,Thousand persons,Euro area – 20 countries (from 2023),2024-12,5247,,
ESTAT:TEILM010(1.0),16/10/25 11:00:00,Monthly,"Seasonally adjusted data, not calendar adjusted data",Total,Females,Thousand persons,Euro area – 20 countries (from 2023),2025-01,5309,,
ESTAT:TEILM010(1.0),16/10/25 11:00:00,Monthly,"Seasonally adjusted data, not calendar adjusted data",Total,Females,Thousand persons,Euro area – 20 countries (from 2023),2025-02,5333,,
ESTAT:TEILM010(1.0),16/10/25 11:00:00,Monthly,"Seasonally adjusted data, not calendar adjusted data",Total,Females,Thousand persons,Euro area – 20 countries (from 2023),2025-03,5350,,
ESTAT:TEILM010(1.0),16/10/25 11:00:00,Monthly,"Seasonally adjusted data, not calendar adjusted data",Total,Females,Thousand persons,Euro area – 20 countries (from 2023),2025-04,5300,,
ESTAT:TEILM010(1.0),16/10/25 11:00:00,Monthly,"Seasonally adjusted data, not calendar adjusted data",Total,Females,Thousand persons,Euro area – 20 countries (from 2023),2025-05,5302,,
ESTAT:TEILM010(1.0),16/10/25 11:00:00,Monthly,"Seasonally adjusted data, not calendar adjusted data",Total,Females,Thousand persons,Euro area – 20 countries (from 2023),2025-06,5286,,
ESTAT:TEILM010(1.0),16/10/25 11:00:00,Monthly,"Seasonally adjusted data, not calendar adjusted data",Total,Females,Thousand persons,Euro area – 20 countries (from 2023),2025-07,5200,,
ESTAT:TEILM010(1.0),16/10/25 11:00:00,Monthly,"Seasonally adjusted data, not calendar adjusted data",Total,Females,Thousand persons,Euro area – 20 countries (from 2023),2025-08,5190,,
ESTAT:TEILM010(1.0),16/10/25 11:00:00,Monthly,"Seasonally adjusted data, not calendar adjusted data",Total,Females,Thousand persons,Estonia,2024-10,27,,
ESTAT:TEILM010(1.0),16/10/25 11:00:00,Monthly,"Seasonally adjusted data, not calendar adjusted data",Total,Females,Thousand persons,Estonia,2024-11,27,,
ESTAT:TEILM010(1.0),16/10/25 11:00:00,Monthly,"Seasonally adjusted data, not calendar adjusted data",Total,Females,Thousand persons,Estonia,2024-12,27,,
ESTAT:TEILM010(1.0),16/10/25 11:00:00,Monthly,"Seasonally adjusted data, not calendar adjusted data",Total,Females,Thousand persons,Estonia,2025-01,28,,
ESTAT:TEILM010(1.0),16/10/25 11:00:00,Monthly,"Seasonally adjusted data, not calendar adjusted data",Total,Females,Thousand persons,Estonia,2025-02,31,,
ESTAT:TEILM010(1.0),16/10/25 11:00:00,Monthly,"Seasonally adjusted data, not calendar adjusted data",Total,Females,Thousand persons,Estonia,2025-03,29,,
ESTAT:TEILM010(1.0),16/10/25 11:00:00,Monthly,"Seasonally adjusted data, not calendar adjusted data",Total,Females,Thousand persons,Estonia,2025-04,28,,
ESTAT:TEILM010(1.0),16/10/25 11:00:00,Monthly,"Seasonally adjusted data, not calendar adjusted data",Total,Females,Thousand persons,Estonia,2025-05,27,,
ESTAT:TEILM010(1.0),16/10/25 11:00:00,Monthly,"Seasonally adjusted data, not calendar adjusted data",Total,Females,Thousand persons,Estonia,2025-06,28,,
ESTAT:TEILM010(1.0),16/10/25 11:00:00,Monthly,"Seasonally adjusted data, not calendar adjusted data",Total,Females,Thousand persons,Estonia,2025-07,27,,
ESTAT:TEILM010(1.0),16/10/25 11:00:00,Monthly,"Seasonally adjusted data, not calendar adjusted data",Total,Females,Thousand persons,Estonia,2025-08,27,,
ESTAT:TEILM010(1.0),16/10/25 11:00:00,Monthly,"Seasonally adjusted data, not calendar adjusted data",Total,Females,Thousand persons,Greece,2024-10,257,,
ESTAT:TEILM010(1.0),16/10/25 11:00:00,Monthly,"Seasonally adjusted data, not calendar adjusted data",Total,Females,Thousand persons,Greece,2024-11,263,,
ESTAT:TEILM010(1.0),16/10/25 11:00:00,Monthly,"Seasonally adjusted data, not calendar adjusted data",Total,Females,Thousand persons,Greece,2024-12,247,,
ESTAT:TEILM010(1.0),16/10/25 11:00:00,Monthly,"Seasonally adjusted data, not calendar adjusted data",Total,Females,Thousand persons,Greece,2025-01,249,,
ESTAT:TEILM010(1.0),16/10/25 11:00:00,Monthly,"Seasonally adjusted data, not calendar adjusted data",Total,Females,Thousand persons,Greece,2025-02,249,,
ESTAT:TEILM010(1.0),16/10/25 11:00:00,Monthly,"Seasonally adjusted data, not calendar adjusted data",Total,Females,Thousand persons,Greece,2025-03,248,,
ESTAT:TEILM010(1.0),16/10/25 11:00:00,Monthly,"Seasonally adjusted data, not calendar adjusted data",Total,Females,Thousand persons,Greece,2025-04,233,,
ESTAT:TEILM010(1.0),16/10/25 11:00:00,Monthly,"Seasonally adjusted data, not calendar adjusted data",Total,Females,Thousand persons,Greece,2025-05,223,,
ESTAT:TEILM010(1.0),16/10/25 11:00:00,Monthly,"Seasonally adjusted data, not calendar adjusted data",Total,Females,Thousand persons,Greece,2025-06,230,,
ESTAT:TEILM010(1.0),16/10/25 11:00:00,Monthly,"Seasonally adjusted data, not calendar adjusted data",Total,Females,Thousand persons,Greece,2025-07,225,,
ESTAT:TEILM010(1.0),16/10/25 11:00:00,Monthly,"Seasonally adjusted data, not calendar adjusted data",Total,Females,Thousand persons,Greece,2025-08,225,,
ESTAT:TEILM010(1.0),16/10/25 11:00:00,Monthly,"Seasonally adjusted data, not calendar adjusted data",Total,Females,Thousand persons,Spain,2024-10,1395,,
ESTAT:TEILM010(1.0),16/10/25 11:00:00,Monthly,"Seasonally adjusted data, not calendar adjusted data",Total,Females,Thousand persons,Spain,2024-11,1384,,
ESTAT:TEILM010(1.0),16/10/25 11:00:00,Monthly,"Seasonally adjusted data, not calendar adjusted data",Total,Females,Thousand persons,Spain,2024-12,1394,,
ESTAT:TEILM010(1.0),16/10/25 11:00:00,Monthly,"Seasonally adjusted data, not calendar adjusted data",Total,Females,Thousand persons,Spain,2025-01,1406,,
ESTAT:TEILM010(1.0),16/10/25 11:00:00,Monthly,"Seasonally adjusted data, not calendar adjusted data",Total,Females,Thousand persons,Spain,2025-02,1413,,
ESTAT:TEILM010(1.0),16/10/25 11:00:00,Monthly,"Seasonally adjusted data, not calendar adjusted data",Total,Females,Thousand persons,Spain,2025-03,1420,,
ESTAT:TEILM010(1.0),16/10/25 11:00:00,Monthly,"Seasonally adjusted data, not calendar adjusted data",Total,Females,Thousand persons,Spain,2025-04,1402,,
ESTAT:TEILM010(1.0),16/10/25 11:00:00,Monthly,"Seasonally adjusted data, not calendar adjusted data",Total,Females,Thousand persons,Spain,2025-05,1393,,
ESTAT:TEILM010(1.0),16/10/25 11:00:00,Monthly,"Seasonally adjusted data, not calendar adjusted data",Total,Females,Thousand persons,Spain,2025-06,1374,,
ESTAT:TEILM010(1.0),16/10/25 11:00:00,Monthly,"Seasonally adjusted data, not calendar adjusted data",Total,Females,Thousand persons,Spain,2025-07,1364,,
ESTAT:TEILM010(1.0),16/10/25 11:00:00,Monthly,"Seasonally adjusted data, not calendar adjusted data",Total,Females,Thousand persons,Spain,2025-08,1357,,
ESTAT:TEILM010(1.0),16/10/25 11:00:00,Monthly,"Seasonally adjusted data, not calendar adjusted data",Total,Females,Thousand persons,European Union - 27 countries (from 2020),2024-10,6220,,
ESTAT:TEILM010(1.0),16/10/25 11:00:00,Monthly,"Seasonally adjusted data, not calendar adjusted data",Total,Females,Thousand persons,European Union - 27 countries (from 2020),2024-11,6197,,
ESTAT:TEILM010(1.0),16/10/25 11:00:00,Monthly,"Seasonally adjusted data, not calendar adjusted data",Total,Females,Thousand persons,European Union - 27 countries (from 2020),2024-12,6260,,
ESTAT:TEILM010(1.0),16/10/25 11:00:00,Monthly,"Seasonally adjusted data, not calendar adjusted data",Total,Females,Thousand persons,European Union - 27 countries (from 2020),2025-01,6362,,
ESTAT:TEILM010(1.0),16/10/25 11:00:00,Monthly,"Seasonally adjusted data, not calendar adjusted data",Total,Females,Thousand persons,European Union - 27 countries (from 2020),2025-02,6388,,
ESTAT:TEILM010(1.0),16/10/25 11:00:00,Monthly,"Seasonally adjusted data, not calendar adjusted data",Total,Females,Thousand persons,European Union - 27 countries (from 2020),2025-03,6395,,
ESTAT:TEILM010(1.0),16/10/25 11:00:00,Monthly,"Seasonally adjusted data, not calendar adjusted data",Total,Females,Thousand persons,European Union - 27 countries (from 2020),2025-04,6337,,
ESTAT:TEILM010(1.0),16/10/25 11:00:00,Monthly,"Seasonally adjusted data, not calendar adjusted data",Total,Females,Thousand persons,European Union - 27 countries (from 2020),2025-05,6370,,
ESTAT:TEILM010(1.0),16/10/25 11:00:00,Monthly,"Seasonally adjusted data, not calendar adjusted data",Total,Females,Thousand persons,European Union - 27 countries (from 2020),2025-06,6303,,
ESTAT:TEILM010(1.0),16/10/25 11:00:00,Monthly,"Seasonally adjusted data, not calendar adjusted data",Total,Females,Thousand persons,European Union - 27 countries (from 2020),2025-07,6231,,
ESTAT:TEILM010(1.0),16/10/25 11:00:00,Monthly,"Seasonally adjusted data, not calendar adjusted data",Total,Females,Thousand persons,European Union - 27 countries (from 2020),2025-08,6258,,
ESTAT:TEILM010(1.0),16/10/25 11:00:00,Monthly,"Seasonally adjusted data, not calendar adjusted data",Total,Females,Thousand persons,Finland,2024-10,108,,
ESTAT:TEILM010(1.0),16/10/25 11:00:00,Monthly,"Seasonally adjusted data, not calendar adjusted data",Total,Females,Thousand persons,Finland,2024-11,123,,
ESTAT:TEILM010(1.0),16/10/25 11:00:00,Monthly,"Seasonally adjusted data, not calendar adjusted data",Total,Females,Thousand persons,Finland,2024-12,113,,
ESTAT:TEILM010(1.0),16/10/25 11:00:00,Monthly,"Seasonally adjusted data, not calendar adjusted data",Total,Females,Thousand persons,Finland,2025-01,112,,
ESTAT:TEILM010(1.0),16/10/25 11:00:00,Monthly,"Seasonally adjusted data, not calendar adjusted data",Total,Females,Thousand persons,Finland,2025-02,121,,
ESTAT:TEILM010(1.0),16/10/25 11:00:00,Monthly,"Seasonally adjusted data, not calendar adjusted data",Total,Females,Thousand persons,Finland,2025-03,120,,
ESTAT:TEILM010(1.0),16/10/25 11:00:00,Monthly,"Seasonally adjusted data, not calendar adjusted data",Total,Females,Thousand persons,Finland,2025-04,111,,
ESTAT:TEILM010(1.0),16/10/25 11:00:00,Monthly,"Seasonally adjusted data, not calendar adjusted data",Total,Females,Thousand persons,Finland,2025-05,116,,
ESTAT:TEILM010(1.0),16/10/25 11:00:00,Monthly,"Seasonally adjusted data, not calendar adjusted data",Total,Females,Thousand persons,Finland,2025-06,132,,
ESTAT:TEILM010(1.0),16/10/25 11:00:00,Monthly,"Seasonally adjusted data, not calendar adjusted data",Total,Females,Thousand persons,Finland,2025-07,118,,
ESTAT:TEILM010(1.0),16/10/25 11:00:00,Monthly,"Seasonally adjusted data, not calendar adjusted data",Total,Females,Thousand persons,Finland,2025-08,132,,
ESTAT:TEILM010(1.0),16/10/25 11:00:00,Monthly,"Seasonally adjusted data, not calendar adjusted data",Total,Females,Thousand persons,France,2024-10,1090,,
ESTAT:TEILM010(1.0),16/10/25 11:00:00,Monthly,"Seasonally adjusted data, not calendar adjusted data",Total,Females,Thousand persons,France,2024-11,1092,,
ESTAT:TEILM010(1.0),16/10/25 11:00:00,Monthly,"Seasonally adjusted data, not calendar adjusted data",Total,Females,Thousand persons,France,2024-12,1093,,
ESTAT:TEILM010(1.0),16/10/25 11:00:00,Monthly,"Seasonally adjusted data, not calendar adjusted data",Total,Females,Thousand persons,France,2025-01,1111,,
ESTAT:TEILM010(1.0),16/10/25 11:00:00,Monthly,"Seasonally adjusted data, not calendar adjusted data",Total,Females,Thousand persons,France,2025-02,1145,,
ESTAT:TEILM010(1.0),16/10/25 11:00:00,Monthly,"Seasonally adjusted data, not calendar adjusted data",Total,Females,Thousand persons,France,2025-03,1155,,
ESTAT:TEILM010(1.0),16/10/25 11:00:00,Monthly,"Seasonally adjusted data, not calendar adjusted data",Total,Females,Thousand persons,France,2025-04,1137,,
ESTAT:TEILM010(1.0),16/10/25 11:00:00,Monthly,"Seasonally adjusted data, not calendar adjusted data",Total,Females,Thousand persons,France,2025-05,1139,,
ESTAT:TEILM010(1.0),16/10/25 11:00:00,Monthly,"Seasonally adjusted data, not calendar adjusted data",Total,Females,Thousand persons,France,2025-06,1131,,
ESTAT:TEILM010(1.0),16/10/25 11:00:00,Monthly,"Seasonally adjusted data, not calendar adjusted data",Total,Females,Thousand persons,France,2025-07,1128,,
ESTAT:TEILM010(1.0),16/10/25 11:00:00,Monthly,"Seasonally adjusted data, not calendar adjusted data",Total,Females,Thousand persons,France,2025-08,1118,,
ESTAT:TEILM010(1.0),16/10/25 11:00:00,Monthly,"Seasonally adjusted data, not calendar adjusted data",Total,Females,Thousand persons,Croatia,2024-10,39,,
ESTAT:TEILM010(1.0),16/10/25 11:00:00,Monthly,"Seasonally adjusted data, not calendar adjusted data",Total,Females,Thousand persons,Croatia,2024-11,39,,
ESTAT:TEILM010(1.0),16/10/25 11:00:00,Monthly,"Seasonally adjusted data, not calendar adjusted data",Total,Females,Thousand persons,Croatia,2024-12,38,,
ESTAT:TEILM010(1.0),16/10/25 11:00:00,Monthly,"Seasonally adjusted data, not calendar adjusted data",Total,Females,Thousand persons,Croatia,2025-01,38,,
ESTAT:TEILM010(1.0),16/10/25 11:00:00,Monthly,"Seasonally adjusted data, not calendar adjusted data",Total,Females,Thousand persons,Croatia,2025-02,38,,
ESTAT:TEILM010(1.0),16/10/25 11:00:00,Monthly,"Seasonally adjusted data, not calendar adjusted data",Total,Females,Thousand persons,Croatia,2025-03,38,,
ESTAT:TEILM010(1.0),16/10/25 11:00:00,Monthly,"Seasonally adjusted data, not calendar adjusted data",Total,Females,Thousand persons,Croatia,2025-04,37,,
ESTAT:TEILM010(1.0),16/10/25 11:00:00,Monthly,"Seasonally adjusted data, not calendar adjusted data",Total,Females,Thousand persons,Croatia,2025-05,37,,
ESTAT:TEILM010(1.0),16/10/25 11:00:00,Monthly,"Seasonally adjusted data, not calendar adjusted data",Total,Females,Thousand persons,Croatia,2025-06,36,,
ESTAT:TEILM010(1.0),16/10/25 11:00:00,Monthly,"Seasonally adjusted data, not calendar adjusted data",Total,Females,Thousand persons,Croatia,2025-07,35,,
ESTAT:TEILM010(1.0),16/10/25 11:00:00,Monthly,"Seasonally adjusted data, not calendar adjusted data",Total,Females,Thousand persons,Croatia,2025-08,35,,
ESTAT:TEILM010(1.0),16/10/25 11:00:00,Monthly,"Seasonally adjusted data, not calendar adjusted data",Total,Females,Thousand persons,Hungary,2024-10,104,,
ESTAT:TEILM010(1.0),16/10/25 11:00:00,Monthly,"Seasonally adjusted data, not calendar adjusted data",Total,Females,Thousand persons,Hungary,2024-11,105,,
ESTAT:TEILM010(1.0),16/10/25 11:00:00,Monthly,"Seasonally adjusted data, not calendar adjusted data",Total,Females,Thousand persons,Hungary,2024-12,101,,
ESTAT:TEILM010(1.0),16/10/25 11:00:00,Monthly,"Seasonally adjusted data, not calendar adjusted data",Total,Females,Thousand persons,Hungary,2025-01,96,,
ESTAT:TEILM010(1.0),16/10/25 11:00:00,Monthly,"Seasonally adjusted data, not calendar adjusted data",Total,Females,Thousand persons,Hungary,2025-02,99,,
ESTAT:TEILM010(1.0),16/10/25 11:00:00,Monthly,"Seasonally adjusted data, not calendar adjusted data",Total,Females,Thousand persons,Hungary,2025-03,95,,
ESTAT:TEILM010(1.0),16/10/25 11:00:00,Monthly,"Seasonally adjusted data, not calendar adjusted data",Total,Females,Thousand persons,Hungary,2025-04,97,,
ESTAT:TEILM010(1.0),16/10/25 11:00:00,Monthly,"Seasonally adjusted data, not calendar adjusted data",Total,Females,Thousand persons,Hungary,2025-05,97,,
ESTAT:TEILM010(1.0),16/10/25 11:00:00,Monthly,"Seasonally adjusted data, not calendar adjusted data",Total,Females,Thousand persons,Hungary,2025-06,99,,
ESTAT:TEILM010(1.0),16/10/25 11:00:00,Monthly,"Seasonally adjusted data, not calendar adjusted data",Total,Females,Thousand persons,Hungary,2025-07,98,,
ESTAT:TEILM010(1.0),16/10/25 11:00:00,Monthly,"Seasonally adjusted data, not calendar adjusted data",Total,Females,Thousand persons,Hungary,2025-08,100,,
ESTAT:TEILM010(1.0),16/10/25 11:00:00,Monthly,"Seasonally adjusted data, not calendar adjusted data",Total,Females,Thousand persons,Ireland,2024-10,55,,
ESTAT:TEILM010(1.0),16/10/25 11:00:00,Monthly,"Seasonally adjusted data, not calendar adjusted data",Total,Females,Thousand persons,Ireland,2024-11,53,,
ESTAT:TEILM010(1.0),16/10/25 11:00:00,Monthly,"Seasonally adjusted data, not calendar adjusted data",Total,Females,Thousand persons,Ireland,2024-12,56,,
ESTAT:TEILM010(1.0),16/10/25 11:00:00,Monthly,"Seasonally adjusted data, not calendar adjusted data",Total,Females,Thousand persons,Ireland,2025-01,60,,
ESTAT:TEILM010(1.0),16/10/25 11:00:00,Monthly,"Seasonally adjusted data, not calendar adjusted data",Total,Females,Thousand persons,Ireland,2025-02,62,,
ESTAT:TEILM010(1.0),16/10/25 11:00:00,Monthly,"Seasonally adjusted data, not calendar adjusted data",Total,Females,Thousand persons,Ireland,2025-03,63,,
ESTAT:TEILM010(1.0),16/10/25 11:00:00,Monthly,"Seasonally adjusted data, not calendar adjusted data",Total,Females,Thousand persons,Ireland,2025-04,62,,
ESTAT:TEILM010(1.0),16/10/25 11:00:00,Monthly,"Seasonally adjusted data, not calendar adjusted data",Total,Females,Thousand persons,Ireland,2025-05,60,,
ESTAT:TEILM010(1.0),16/10/25 11:00:00,Monthly,"Seasonally adjusted data, not calendar adjusted data",Total,Females,Thousand persons,Ireland,2025-06,59,,
ESTAT:TEILM010(1.0),16/10/25 11:00:00,Monthly,"Seasonally adjusted data, not calendar adjusted data",Total,Females,Thousand persons,Ireland,2025-07,65,,
ESTAT:TEILM010(1.0),16/10/25 11:00:00,Monthly,"Seasonally adjusted data, not calendar adjusted data",Total,Females,Thousand persons,Ireland,2025-08,63,,
ESTAT:TEILM010(1.0),16/10/25 11:00:00,Monthly,"Seasonally adjusted data, not calendar adjusted data",Total,Females,Thousand persons,Ireland,2025-09,63,,
ESTAT:TEILM010(1.0),16/10/25 11:00:00,Monthly,"Seasonally adjusted data, not calendar adjusted data",Total,Females,Thousand persons,Iceland,2024-10,4,,
ESTAT:TEILM010(1.0),16/10/25 11:00:00,Monthly,"Seasonally adjusted data, not calendar adjusted data",Total,Females,Thousand persons,Iceland,2024-11,4,,
ESTAT:TEILM010(1.0),16/10/25 11:00:00,Monthly,"Seasonally adjusted data, not calendar adjusted data",Total,Females,Thousand persons,Iceland,2024-12,4,,
ESTAT:TEILM010(1.0),16/10/25 11:00:00,Monthly,"Seasonally adjusted data, not calendar adjusted data",Total,Females,Thousand persons,Iceland,2025-01,4,,
ESTAT:TEILM010(1.0),16/10/25 11:00:00,Monthly,"Seasonally adjusted data, not calendar adjusted data",Total,Females,Thousand persons,Iceland,2025-02,4,,
ESTAT:TEILM010(1.0),16/10/25 11:00:00,Monthly,"Seasonally adjusted data, not calendar adjusted data",Total,Females,Thousand persons,Iceland,2025-03,4,,
ESTAT:TEILM010(1.0),16/10/25 11:00:00,Monthly,"Seasonally adjusted data, not calendar adjusted data",Total,Females,Thousand persons,Iceland,2025-04,4,,
ESTAT:TEILM010(1.0),16/10/25 11:00:00,Monthly,"Seasonally adjusted data, not calendar adjusted data",Total,Females,Thousand persons,Iceland,2025-05,4,,
ESTAT:TEILM010(1.0),16/10/25 11:00:00,Monthly,"Seasonally adjusted data, not calendar adjusted data",Total,Females,Thousand persons,Iceland,2025-06,4,,
ESTAT:TEILM010(1.0),16/10/25 11:00:00,Monthly,"Seasonally adjusted data, not calendar adjusted data",Total,Females,Thousand persons,Iceland,2025-07,4,,
ESTAT:TEILM010(1.0),16/10/25 11:00:00,Monthly,"Seasonally adjusted data, not calendar adjusted data",Total,Females,Thousand persons,Iceland,2025-08,4,,
ESTAT:TEILM010(1.0),16/10/25 11:00:00,Monthly,"Seasonally adjusted data, not calendar adjusted data",Total,Females,Thousand persons,Italy,2024-10,737,,
ESTAT:TEILM010(1.0),16/10/25 11:00:00,Monthly,"Seasonally adjusted data, not calendar adjusted data",Total,Females,Thousand persons,Italy,2024-11,726,,
ESTAT:TEILM010(1.0),16/10/25 11:00:00,Monthly,"Seasonally adjusted data, not calendar adjusted data",Total,Females,Thousand persons,Italy,2024-12,792,,
ESTAT:TEILM010(1.0),16/10/25 11:00:00,Monthly,"Seasonally adjusted data, not calendar adjusted data",Total,Females,Thousand persons,Italy,2025-01,804,,
ESTAT:TEILM010(1.0),16/10/25 11:00:00,Monthly,"Seasonally adjusted data, not calendar adjusted data",Total,Females,Thousand persons,Italy,2025-02,769,,
ESTAT:TEILM010(1.0),16/10/25 11:00:00,Monthly,"Seasonally adjusted data, not calendar adjusted data",Total,Females,Thousand persons,Italy,2025-03,758,,
ESTAT:TEILM010(1.0),16/10/25 11:00:00,Monthly,"Seasonally adjusted data, not calendar adjusted data",Total,Females,Thousand persons,Italy,2025-04,756,,
ESTAT:TEILM010(1.0),16/10/25 11:00:00,Monthly,"Seasonally adjusted data, not calendar adjusted data",Total,Females,Thousand persons,Italy,2025-05,793,,
ESTAT:TEILM010(1.0),16/10/25 11:00:00,Monthly,"Seasonally adjusted data, not calendar adjusted data",Total,Females,Thousand persons,Italy,2025-06,776,,
ESTAT:TEILM010(1.0),16/10/25 11:00:00,Monthly,"Seasonally adjusted data, not calendar adjusted data",Total,Females,Thousand persons,Italy,2025-07,737,,
ESTAT:TEILM010(1.0),16/10/25 11:00:00,Monthly,"Seasonally adjusted data, not calendar adjusted data",Total,Females,Thousand persons,Italy,2025-08,732,,
ESTAT:TEILM010(1.0),16/10/25 11:00:00,Monthly,"Seasonally adjusted data, not calendar adjusted data",Total,Females,Thousand persons,Japan,2024-10,700,,
ESTAT:TEILM010(1.0),16/10/25 11:00:00,Monthly,"Seasonally adjusted data, not calendar adjusted data",Total,Females,Thousand persons,Japan,2024-11,770,,
ESTAT:TEILM010(1.0),16/10/25 11:00:00,Monthly,"Seasonally adjusted data, not calendar adjusted data",Total,Females,Thousand persons,Japan,2024-12,780,,
ESTAT:TEILM010(1.0),16/10/25 11:00:00,Monthly,"Seasonally adjusted data, not calendar adjusted data",Total,Females,Thousand persons,Japan,2025-01,730,,
ESTAT:TEILM010(1.0),16/10/25 11:00:00,Monthly,"Seasonally adjusted data, not calendar adjusted data",Total,Females,Thousand persons,Japan,2025-02,720,,
ESTAT:TEILM010(1.0),16/10/25 11:00:00,Monthly,"Seasonally adjusted data, not calendar adjusted data",Total,Females,Thousand persons,Japan,2025-03,710,,
ESTAT:TEILM010(1.0),16/10/25 11:00:00,Monthly,"Seasonally adjusted data, not calendar adjusted data",Total,Females,Thousand persons,Japan,2025-04,740,,
ESTAT:TEILM010(1.0),16/10/25 11:00:00,Monthly,"Seasonally adjusted data, not calendar adjusted data",Total,Females,Thousand persons,Japan,2025-05,720,,
ESTAT:TEILM010(1.0),16/10/25 11:00:00,Monthly,"Seasonally adjusted data, not calendar adjusted data",Total,Females,Thousand persons,Japan,2025-06,760,,
ESTAT:TEILM010(1.0),16/10/25 11:00:00,Monthly,"Seasonally adjusted data, not calendar adjusted data",Total,Females,Thousand persons,Japan,2025-07,700,,
ESTAT:TEILM010(1.0),16/10/25 11:00:00,Monthly,"Seasonally adjusted data, not calendar adjusted data",Total,Females,Thousand persons,Japan,2025-08,740,,
ESTAT:TEILM010(1.0),16/10/25 11:00:00,Monthly,"Seasonally adjusted data, not calendar adjusted data",Total,Females,Thousand persons,Lithuania,2024-10,46,,
ESTAT:TEILM010(1.0),16/10/25 11:00:00,Monthly,"Seasonally adjusted data, not calendar adjusted data",Total,Females,Thousand persons,Lithuania,2024-11,44,,
ESTAT:TEILM010(1.0),16/10/25 11:00:00,Monthly,"Seasonally adjusted data, not calendar adjusted data",Total,Females,Thousand persons,Lithuania,2024-12,43,,
ESTAT:TEILM010(1.0),16/10/25 11:00:00,Monthly,"Seasonally adjusted data, not calendar adjusted data",Total,Females,Thousand persons,Lithuania,2025-01,42,,
ESTAT:TEILM010(1.0),16/10/25 11:00:00,Monthly,"Seasonally adjusted data, not calendar adjusted data",Total,Females,Thousand persons,Lithuania,2025-02,41,,
ESTAT:TEILM010(1.0),16/10/25 11:00:00,Monthly,"Seasonally adjusted data, not calendar adjusted data",Total,Females,Thousand persons,Lithuania,2025-03,39,,
ESTAT:TEILM010(1.0),16/10/25 11:00:00,Monthly,"Seasonally adjusted data, not calendar adjusted data",Total,Females,Thousand persons,Lithuania,2025-04,48,,
ESTAT:TEILM010(1.0),16/10/25 11:00:00,Monthly,"Seasonally adjusted data, not calendar adjusted data",Total,Females,Thousand persons,Lithuania,2025-05,49,,
ESTAT:TEILM010(1.0),16/10/25 11:00:00,Monthly,"Seasonally adjusted data, not calendar adjusted data",Total,Females,Thousand persons,Lithuania,2025-06,50,,
ESTAT:TEILM010(1.0),16/10/25 11:00:00,Monthly,"Seasonally adjusted data, not calendar adjusted data",Total,Females,Thousand persons,Lithuania,2025-07,51,,
ESTAT:TEILM010(1.0),16/10/25 11:00:00,Monthly,"Seasonally adjusted data, not calendar adjusted data",Total,Females,Thousand persons,Lithuania,2025-08,51,,
ESTAT:TEILM010(1.0),16/10/25 11:00:00,Monthly,"Seasonally adjusted data, not calendar adjusted data",Total,Females,Thousand persons,Luxembourg,2024-10,11,,
ESTAT:TEILM010(1.0),16/10/25 11:00:00,Monthly,"Seasonally adjusted data, not calendar adjusted data",Total,Females,Thousand persons,Luxembourg,2024-11,11,,
ESTAT:TEILM010(1.0),16/10/25 11:00:00,Monthly,"Seasonally adjusted data, not calendar adjusted data",Total,Females,Thousand persons,Luxembourg,2024-12,11,,
ESTAT:TEILM010(1.0),16/10/25 11:00:00,Monthly,"Seasonally adjusted data, not calendar adjusted data",Total,Females,Thousand persons,Luxembourg,2025-01,11,,
ESTAT:TEILM010(1.0),16/10/25 11:00:00,Monthly,"Seasonally adjusted data, not calendar adjusted data",Total,Females,Thousand persons,Luxembourg,2025-02,11,,
ESTAT:TEILM010(1.0),16/10/25 11:00:00,Monthly,"Seasonally adjusted data, not calendar adjusted data",Total,Females,Thousand persons,Luxembourg,2025-03,11,,
ESTAT:TEILM010(1.0),16/10/25 11:00:00,Monthly,"Seasonally adjusted data, not calendar adjusted data",Total,Females,Thousand persons,Luxembourg,2025-04,11,,
ESTAT:TEILM010(1.0),16/10/25 11:00:00,Monthly,"Seasonally adjusted data, not calendar adjusted data",Total,Females,Thousand persons,Luxembourg,2025-05,11,,
ESTAT:TEILM010(1.0),16/10/25 11:00:00,Monthly,"Seasonally adjusted data, not calendar adjusted data",Total,Females,Thousand persons,Luxembourg,2025-06,11,,
ESTAT:TEILM010(1.0),16/10/25 11:00:00,Monthly,"Seasonally adjusted data, not calendar adjusted data",Total,Females,Thousand persons,Luxembourg,2025-07,11,,
ESTAT:TEILM010(1.0),16/10/25 11:00:00,Monthly,"Seasonally adjusted data, not calendar adjusted data",Total,Females,Thousand persons,Luxembourg,2025-08,11,,
ESTAT:TEILM010(1.0),16/10/25 11:00:00,Monthly,"Seasonally adjusted data, not calendar adjusted data",Total,Females,Thousand persons,Latvia,2024-10,26,,
ESTAT:TEILM010(1.0),16/10/25 11:00:00,Monthly,"Seasonally adjusted data, not calendar adjusted data",Total,Females,Thousand persons,Latvia,2024-11,26,,
ESTAT:TEILM010(1.0),16/10/25 11:00:00,Monthly,"Seasonally adjusted data, not calendar adjusted data",Total,Females,Thousand persons,Latvia,2024-12,27,,
ESTAT:TEILM010(1.0),16/10/25 11:00:00,Monthly,"Seasonally adjusted data, not calendar adjusted data",Total,Females,Thousand persons,Latvia,2025-01,28,,
ESTAT:TEILM010(1.0),16/10/25 11:00:00,Monthly,"Seasonally adjusted data, not calendar adjusted data",Total,Females,Thousand persons,Latvia,2025-02,29,,
ESTAT:TEILM010(1.0),16/10/25 11:00:00,Monthly,"Seasonally adjusted data, not calendar adjusted data",Total,Females,Thousand persons,Latvia,2025-03,30,,
ESTAT:TEILM010(1.0),16/10/25 11:00:00,Monthly,"Seasonally adjusted data, not calendar adjusted data",Total,Females,Thousand persons,Latvia,2025-04,31,,
ESTAT:TEILM010(1.0),16/10/25 11:00:00,Monthly,"Seasonally adjusted data, not calendar adjusted data",Total,Females,Thousand persons,Latvia,2025-05,31,,
ESTAT:TEILM010(1.0),16/10/25 11:00:00,Monthly,"Seasonally adjusted data, not calendar adjusted data",Total,Females,Thousand persons,Latvia,2025-06,31,,
ESTAT:TEILM010(1.0),16/10/25 11:00:00,Monthly,"Seasonally adjusted data, not calendar adjusted data",Total,Females,Thousand persons,Latvia,2025-07,30,,
ESTAT:TEILM010(1.0),16/10/25 11:00:00,Monthly,"Seasonally adjusted data, not calendar adjusted data",Total,Females,Thousand persons,Latvia,2025-08,29,,
ESTAT:TEILM010(1.0),16/10/25 11:00:00,Monthly,"Seasonally adjusted data, not calendar adjusted data",Total,Females,Thousand persons,Malta,2024-10,4,,
ESTAT:TEILM010(1.0),16/10/25 11:00:00,Monthly,"Seasonally adjusted data, not calendar adjusted data",Total,Females,Thousand persons,Malta,2024-11,4,,
ESTAT:TEILM010(1.0),16/10/25 11:00:00,Monthly,"Seasonally adjusted data, not calendar adjusted data",Total,Females,Thousand persons,Malta,2024-12,5,,
ESTAT:TEILM010(1.0),16/10/25 11:00:00,Monthly,"Seasonally adjusted data, not calendar adjusted data",Total,Females,Thousand persons,Malta,2025-01,5,,
ESTAT:TEILM010(1.0),16/10/25 11:00:00,Monthly,"Seasonally adjusted data, not calendar adjusted data",Total,Females,Thousand persons,Malta,2025-02,4,,
ESTAT:TEILM010(1.0),16/10/25 11:00:00,Monthly,"Seasonally adjusted data, not calendar adjusted data",Total,Females,Thousand persons,Malta,2025-03,4,,
ESTAT:TEILM010(1.0),16/10/25 11:00:00,Monthly,"Seasonally adjusted data, not calendar adjusted data",Total,Females,Thousand persons,Malta,2025-04,4,,
ESTAT:TEILM010(1.0),16/10/25 11:00:00,Monthly,"Seasonally adjusted data, not calendar adjusted data",Total,Females,Thousand persons,Malta,2025-05,4,,
ESTAT:TEILM010(1.0),16/10/25 11:00:00,Monthly,"Seasonally adjusted data, not calendar adjusted data",Total,Females,Thousand persons,Malta,2025-06,4,,
ESTAT:TEILM010(1.0),16/10/25 11:00:00,Monthly,"Seasonally adjusted data, not calendar adjusted data",Total,Females,Thousand persons,Malta,2025-07,4,,
ESTAT:TEILM010(1.0),16/10/25 11:00:00,Monthly,"Seasonally adjusted data, not calendar adjusted data",Total,Females,Thousand persons,Malta,2025-08,4,,
ESTAT:TEILM010(1.0),16/10/25 11:00:00,Monthly,"Seasonally adjusted data, not calendar adjusted data",Total,Females,Thousand persons,Netherlands,2024-10,189,,
ESTAT:TEILM010(1.0),16/10/25 11:00:00,Monthly,"Seasonally adjusted data, not calendar adjusted data",Total,Females,Thousand persons,Netherlands,2024-11,189,,
ESTAT:TEILM010(1.0),16/10/25 11:00:00,Monthly,"Seasonally adjusted data, not calendar adjusted data",Total,Females,Thousand persons,Netherlands,2024-12,188,,
ESTAT:TEILM010(1.0),16/10/25 11:00:00,Monthly,"Seasonally adjusted data, not calendar adjusted data",Total,Females,Thousand persons,Netherlands,2025-01,191,,
ESTAT:TEILM010(1.0),16/10/25 11:00:00,Monthly,"Seasonally adjusted data, not calendar adjusted data",Total,Females,Thousand persons,Netherlands,2025-02,194,,
ESTAT:TEILM010(1.0),16/10/25 11:00:00,Monthly,"Seasonally adjusted data, not calendar adjusted data",Total,Females,Thousand persons,Netherlands,2025-03,196,,
ESTAT:TEILM010(1.0),16/10/25 11:00:00,Monthly,"Seasonally adjusted data, not calendar adjusted data",Total,Females,Thousand persons,Netherlands,2025-04,193,,
ESTAT:TEILM010(1.0),16/10/25 11:00:00,Monthly,"Seasonally adjusted data, not calendar adjusted data",Total,Females,Thousand persons,Netherlands,2025-05,189,,
ESTAT:TEILM010(1.0),16/10/25 11:00:00,Monthly,"Seasonally adjusted data, not calendar adjusted data",Total,Females,Thousand persons,Netherlands,2025-06,188,,
ESTAT:TEILM010(1.0),16/10/25 11:00:00,Monthly,"Seasonally adjusted data, not calendar adjusted data",Total,Females,Thousand persons,Netherlands,2025-07,189,,
ESTAT:TEILM010(1.0),16/10/25 11:00:00,Monthly,"Seasonally adjusted data, not calendar adjusted data",Total,Females,Thousand persons,Netherlands,2025-08,195,,
ESTAT:TEILM010(1.0),16/10/25 11:00:00,Monthly,"Seasonally adjusted data, not calendar adjusted data",Total,Females,Thousand persons,Netherlands,2025-09,203,,
ESTAT:TEILM010(1.0),16/10/25 11:00:00,Monthly,"Seasonally adjusted data, not calendar adjusted data",Total,Females,Thousand persons,Norway,2024-10,56,,
ESTAT:TEILM010(1.0),16/10/25 11:00:00,Monthly,"Seasonally adjusted data, not calendar adjusted data",Total,Females,Thousand persons,Norway,2024-11,50,,
ESTAT:TEILM010(1.0),16/10/25 11:00:00,Monthly,"Seasonally adjusted data, not calendar adjusted data",Total,Females,Thousand persons,Norway,2024-12,57,,
ESTAT:TEILM010(1.0),16/10/25 11:00:00,Monthly,"Seasonally adjusted data, not calendar adjusted data",Total,Females,Thousand persons,Norway,2025-01,52,,
ESTAT:TEILM010(1.0),16/10/25 11:00:00,Monthly,"Seasonally adjusted data, not calendar adjusted data",Total,Females,Thousand persons,Norway,2025-02,56,,
ESTAT:TEILM010(1.0),16/10/25 11:00:00,Monthly,"Seasonally adjusted data, not calendar adjusted data",Total,Females,Thousand persons,Norway,2025-03,60,,
ESTAT:TEILM010(1.0),16/10/25 11:00:00,Monthly,"Seasonally adjusted data, not calendar adjusted data",Total,Females,Thousand persons,Norway,2025-04,60,,
ESTAT:TEILM010(1.0),16/10/25 11:00:00,Monthly,"Seasonally adjusted data, not calendar adjusted data",Total,Females,Thousand persons,Norway,2025-05,62,,
ESTAT:TEILM010(1.0),16/10/25 11:00:00,Monthly,"Seasonally adjusted data, not calendar adjusted data",Total,Females,Thousand persons,Norway,2025-06,73,,
ESTAT:TEILM010(1.0),16/10/25 11:00:00,Monthly,"Seasonally adjusted data, not calendar adjusted data",Total,Females,Thousand persons,Norway,2025-07,59,,
ESTAT:TEILM010(1.0),16/10/25 11:00:00,Monthly,"Seasonally adjusted data, not calendar adjusted data",Total,Females,Thousand persons,Norway,2025-08,66,,
ESTAT:TEILM010(1.0),16/10/25 11:00:00,Monthly,"Seasonally adjusted data, not calendar adjusted data",Total,Females,Thousand persons,Poland,2024-10,258,,
ESTAT:TEILM010(1.0),16/10/25 11:00:00,Monthly,"Seasonally adjusted data, not calendar adjusted data",Total,Females,Thousand persons,Poland,2024-11,250,,
ESTAT:TEILM010(1.0),16/10/25 11:00:00,Monthly,"Seasonally adjusted data, not calendar adjusted data",Total,Females,Thousand persons,Poland,2024-12,250,,
ESTAT:TEILM010(1.0),16/10/25 11:00:00,Monthly,"Seasonally adjusted data, not calendar adjusted data",Total,Females,Thousand persons,Poland,2025-01,261,,
ESTAT:TEILM010(1.0),16/10/25 11:00:00,Monthly,"Seasonally adjusted data, not calendar adjusted data",Total,Females,Thousand persons,Poland,2025-02,270,,
ESTAT:TEILM010(1.0),16/10/25 11:00:00,Monthly,"Seasonally adjusted data, not calendar adjusted data",Total,Females,Thousand persons,Poland,2025-03,273,,
ESTAT:TEILM010(1.0),16/10/25 11:00:00,Monthly,"Seasonally adjusted data, not calendar adjusted data",Total,Females,Thousand persons,Poland,2025-04,269,,
ESTAT:TEILM010(1.0),16/10/25 11:00:00,Monthly,"Seasonally adjusted data, not calendar adjusted data",Total,Females,Thousand persons,Poland,2025-05,270,,
ESTAT:TEILM010(1.0),16/10/25 11:00:00,Monthly,"Seasonally adjusted data, not calendar adjusted data",Total,Females,Thousand persons,Poland,2025-06,277,,
ESTAT:TEILM010(1.0),16/10/25 11:00:00,Monthly,"Seasonally adjusted data, not calendar adjusted data",Total,Females,Thousand persons,Poland,2025-07,285,,
ESTAT:TEILM010(1.0),16/10/25 11:00:00,Monthly,"Seasonally adjusted data, not calendar adjusted data",Total,Females,Thousand persons,Poland,2025-08,291,,
ESTAT:TEILM010(1.0),16/10/25 11:00:00,Monthly,"Seasonally adjusted data, not calendar adjusted data",Total,Females,Thousand persons,Portugal,2024-10,187,,
ESTAT:TEILM010(1.0),16/10/25 11:00:00,Monthly,"Seasonally adjusted data, not calendar adjusted data",Total,Females,Thousand persons,Portugal,2024-11,185,,
ESTAT:TEILM010(1.0),16/10/25 11:00:00,Monthly,"Seasonally adjusted data, not calendar adjusted data",Total,Females,Thousand persons,Portugal,2024-12,178,,
ESTAT:TEILM010(1.0),16/10/25 11:00:00,Monthly,"Seasonally adjusted data, not calendar adjusted data",Total,Females,Thousand persons,Portugal,2025-01,179,,
ESTAT:TEILM010(1.0),16/10/25 11:00:00,Monthly,"Seasonally adjusted data, not calendar adjusted data",Total,Females,Thousand persons,Portugal,2025-02,180,,
ESTAT:TEILM010(1.0),16/10/25 11:00:00,Monthly,"Seasonally adjusted data, not calendar adjusted data",Total,Females,Thousand persons,Portugal,2025-03,187,,
ESTAT:TEILM010(1.0),16/10/25 11:00:00,Monthly,"Seasonally adjusted data, not calendar adjusted data",Total,Females,Thousand persons,Portugal,2025-04,188,,
ESTAT:TEILM010(1.0),16/10/25 11:00:00,Monthly,"Seasonally adjusted data, not calendar adjusted data",Total,Females,Thousand persons,Portugal,2025-05,189,,
ESTAT:TEILM010(1.0),16/10/25 11:00:00,Monthly,"Seasonally adjusted data, not calendar adjusted data",Total,Females,Thousand persons,Portugal,2025-06,183,,
ESTAT:TEILM010(1.0),16/10/25 11:00:00,Monthly,"Seasonally adjusted data, not calendar adjusted data",Total,Females,Thousand persons,Portugal,2025-07,176,,
ESTAT:TEILM010(1.0),16/10/25 11:00:00,Monthly,"Seasonally adjusted data, not calendar adjusted data",Total,Females,Thousand persons,Portugal,2025-08,176,,
ESTAT:TEILM010(1.0),16/10/25 11:00:00,Monthly,"Seasonally adjusted data, not calendar adjusted data",Total,Females,Thousand persons,Romania,2024-10,187,,
ESTAT:TEILM010(1.0),16/10/25 11:00:00,Monthly,"Seasonally adjusted data, not calendar adjusted data",Total,Females,Thousand persons,Romania,2024-11,187,,
ESTAT:TEILM010(1.0),16/10/25 11:00:00,Monthly,"Seasonally adjusted data, not calendar adjusted data",Total,Females,Thousand persons,Romania,2024-12,186,,
ESTAT:TEILM010(1.0),16/10/25 11:00:00,Monthly,"Seasonally adjusted data, not calendar adjusted data",Total,Females,Thousand persons,Romania,2025-01,204,,
ESTAT:TEILM010(1.0),16/10/25 11:00:00,Monthly,"Seasonally adjusted data, not calendar adjusted data",Total,Females,Thousand persons,Romania,2025-02,211,,
ESTAT:TEILM010(1.0),16/10/25 11:00:00,Monthly,"Seasonally adjusted data, not calendar adjusted data",Total,Females,Thousand persons,Romania,2025-03,215,,
ESTAT:TEILM010(1.0),16/10/25 11:00:00,Monthly,"Seasonally adjusted data, not calendar adjusted data",Total,Females,Thousand persons,Romania,2025-04,209,,
ESTAT:TEILM010(1.0),16/10/25 11:00:00,Monthly,"Seasonally adjusted data, not calendar adjusted data",Total,Females,Thousand persons,Romania,2025-05,214,,
ESTAT:TEILM010(1.0),16/10/25 11:00:00,Monthly,"Seasonally adjusted data, not calendar adjusted data",Total,Females,Thousand persons,Romania,2025-06,210,,
ESTAT:TEILM010(1.0),16/10/25 11:00:00,Monthly,"Seasonally adjusted data, not calendar adjusted data",Total,Females,Thousand persons,Romania,2025-07,192,,
ESTAT:TEILM010(1.0),16/10/25 11:00:00,Monthly,"Seasonally adjusted data, not calendar adjusted data",Total,Females,Thousand persons,Romania,2025-08,191,,
ESTAT:TEILM010(1.0),16/10/25 11:00:00,Monthly,"Seasonally adjusted data, not calendar adjusted data",Total,Females,Thousand persons,Sweden,2024-10,237,,
ESTAT:TEILM010(1.0),16/10/25 11:00:00,Monthly,"Seasonally adjusted data, not calendar adjusted data",Total,Females,Thousand persons,Sweden,2024-11,234,,
ESTAT:TEILM010(1.0),16/10/25 11:00:00,Monthly,"Seasonally adjusted data, not calendar adjusted data",Total,Females,Thousand persons,Sweden,2024-12,243,,
ESTAT:TEILM010(1.0),16/10/25 11:00:00,Monthly,"Seasonally adjusted data, not calendar adjusted data",Total,Females,Thousand persons,Sweden,2025-01,274,,
ESTAT:TEILM010(1.0),16/10/25 11:00:00,Monthly,"Seasonally adjusted data, not calendar adjusted data",Total,Females,Thousand persons,Sweden,2025-02,244,,
ESTAT:TEILM010(1.0),16/10/25 11:00:00,Monthly,"Seasonally adjusted data, not calendar adjusted data",Total,Females,Thousand persons,Sweden,2025-03,230,,
ESTAT:TEILM010(1.0),16/10/25 11:00:00,Monthly,"Seasonally adjusted data, not calendar adjusted data",Total,Females,Thousand persons,Sweden,2025-04,236,,
ESTAT:TEILM010(1.0),16/10/25 11:00:00,Monthly,"Seasonally adjusted data, not calendar adjusted data",Total,Females,Thousand persons,Sweden,2025-05,273,,
ESTAT:TEILM010(1.0),16/10/25 11:00:00,Monthly,"Seasonally adjusted data, not calendar adjusted data",Total,Females,Thousand persons,Sweden,2025-06,205,,
ESTAT:TEILM010(1.0),16/10/25 11:00:00,Monthly,"Seasonally adjusted data, not calendar adjusted data",Total,Females,Thousand persons,Sweden,2025-07,235,,
ESTAT:TEILM010(1.0),16/10/25 11:00:00,Monthly,"Seasonally adjusted data, not calendar adjusted data",Total,Females,Thousand persons,Sweden,2025-08,250,,
ESTAT:TEILM010(1.0),16/10/25 11:00:00,Monthly,"Seasonally adjusted data, not calendar adjusted data",Total,Females,Thousand persons,Slovenia,2024-10,20,,
ESTAT:TEILM010(1.0),16/10/25 11:00:00,Monthly,"Seasonally adjusted data, not calendar adjusted data",Total,Females,Thousand persons,Slovenia,2024-11,20,,
ESTAT:TEILM010(1.0),16/10/25 11:00:00,Monthly,"Seasonally adjusted data, not calendar adjusted data",Total,Females,Thousand persons,Slovenia,2024-12,20,,
ESTAT:TEILM010(1.0),16/10/25 11:00:00,Monthly,"Seasonally adjusted data, not calendar adjusted data",Total,Females,Thousand persons,Slovenia,2025-01,20,,
ESTAT:TEILM010(1.0),16/10/25 11:00:00,Monthly,"Seasonally adjusted data, not calendar adjusted data",Total,Females,Thousand persons,Slovenia,2025-02,19,,
ESTAT:TEILM010(1.0),16/10/25 11:00:00,Monthly,"Seasonally adjusted data, not calendar adjusted data",Total,Females,Thousand persons,Slovenia,2025-03,18,,
ESTAT:TEILM010(1.0),16/10/25 11:00:00,Monthly,"Seasonally adjusted data, not calendar adjusted data",Total,Females,Thousand persons,Slovenia,2025-04,17,,
ESTAT:TEILM010(1.0),16/10/25 11:00:00,Monthly,"Seasonally adjusted data, not calendar adjusted data",Total,Females,Thousand persons,Slovenia,2025-05,15,,
ESTAT:TEILM010(1.0),16/10/25 11:00:00,Monthly,"Seasonally adjusted data, not calendar adjusted data",Total,Females,Thousand persons,Slovenia,2025-06,14,,
ESTAT:TEILM010(1.0),16/10/25 11:00:00,Monthly,"Seasonally adjusted data, not calendar adjusted data",Total,Females,Thousand persons,Slovenia,2025-07,13,,
ESTAT:TEILM010(1.0),16/10/25 11:00:00,Monthly,"Seasonally adjusted data, not calendar adjusted data",Total,Females,Thousand persons,Slovenia,2025-08,13,,
ESTAT:TEILM010(1.0),16/10/25 11:00:00,Monthly,"Seasonally adjusted data, not calendar adjusted data",Total,Females,Thousand persons,Slovakia,2024-10,76,,
ESTAT:TEILM010(1.0),16/10/25 11:00:00,Monthly,"Seasonally adjusted data, not calendar adjusted data",Total,Females,Thousand persons,Slovakia,2024-11,76,,
ESTAT:TEILM010(1.0),16/10/25 11:00:00,Monthly,"Seasonally adjusted data, not calendar adjusted data",Total,Females,Thousand persons,Slovakia,2024-12,76,,
ESTAT:TEILM010(1.0),16/10/25 11:00:00,Monthly,"Seasonally adjusted data, not calendar adjusted data",Total,Females,Thousand persons,Slovakia,2025-01,75,,
ESTAT:TEILM010(1.0),16/10/25 11:00:00,Monthly,"Seasonally adjusted data, not calendar adjusted data",Total,Females,Thousand persons,Slovakia,2025-02,75,,
ESTAT:TEILM010(1.0),16/10/25 11:00:00,Monthly,"Seasonally adjusted data, not calendar adjusted data",Total,Females,Thousand persons,Slovakia,2025-03,74,,
ESTAT:TEILM010(1.0),16/10/25 11:00:00,Monthly,"Seasonally adjusted data, not calendar adjusted data",Total,Females,Thousand persons,Slovakia,2025-04,73,,
ESTAT:TEILM010(1.0),16/10/25 11:00:00,Monthly,"Seasonally adjusted data, not calendar adjusted data",Total,Females,Thousand persons,Slovakia,2025-05,73,,
ESTAT:TEILM010(1.0),16/10/25 11:00:00,Monthly,"Seasonally adjusted data, not calendar adjusted data",Total,Females,Thousand persons,Slovakia,2025-06,73,,
ESTAT:TEILM010(1.0),16/10/25 11:00:00,Monthly,"Seasonally adjusted data, not calendar adjusted data",Total,Females,Thousand persons,Slovakia,2025-07,73,,
ESTAT:TEILM010(1.0),16/10/25 11:00:00,Monthly,"Seasonally adjusted data, not calendar adjusted data",Total,Females,Thousand persons,Slovakia,2025-08,72,,
ESTAT:TEILM010(1.0),16/10/25 11:00:00,Monthly,"Seasonally adjusted data, not calendar adjusted data",Total,Females,Thousand persons,Türkiye,2024-10,1508,,
ESTAT:TEILM010(1.0),16/10/25 11:00:00,Monthly,"Seasonally adjusted data, not calendar adjusted data",Total,Females,Thousand persons,Türkiye,2024-11,1425,,
ESTAT:TEILM010(1.0),16/10/25 11:00:00,Monthly,"Seasonally adjusted data, not calendar adjusted data",Total,Females,Thousand persons,Türkiye,2024-12,1398,,
ESTAT:TEILM010(1.0),16/10/25 11:00:00,Monthly,"Seasonally adjusted data, not calendar adjusted data",Total,Females,Thousand persons,Türkiye,2025-01,1468,,
ESTAT:TEILM010(1.0),16/10/25 11:00:00,Monthly,"Seasonally adjusted data, not calendar adjusted data",Total,Females,Thousand persons,Türkiye,2025-02,1328,,
ESTAT:TEILM010(1.0),16/10/25 11:00:00,Monthly,"Seasonally adjusted data, not calendar adjusted data",Total,Females,Thousand persons,Türkiye,2025-03,1289,,
ESTAT:TEILM010(1.0),16/10/25 11:00:00,Monthly,"Seasonally adjusted data, not calendar adjusted data",Total,Females,Thousand persons,Türkiye,2025-04,1398,,
ESTAT:TEILM010(1.0),16/10/25 11:00:00,Monthly,"Seasonally adjusted data, not calendar adjusted data",Total,Females,Thousand persons,Türkiye,2025-05,1436,,
ESTAT:TEILM010(1.0),16/10/25 11:00:00,Monthly,"Seasonally adjusted data, not calendar adjusted data",Total,Females,Thousand persons,Türkiye,2025-06,1371,,
ESTAT:TEILM010(1.0),16/10/25 11:00:00,Monthly,"Seasonally adjusted data, not calendar adjusted data",Total,Females,Thousand persons,Türkiye,2025-07,1331,,
ESTAT:TEILM010(1.0),16/10/25 11:00:00,Monthly,"Seasonally adjusted data, not calendar adjusted data",Total,Females,Thousand persons,United States,2024-10,3206,,
ESTAT:TEILM010(1.0),16/10/25 11:00:00,Monthly,"Seasonally adjusted data, not calendar adjusted data",Total,Females,Thousand persons,United States,2024-11,3295,,
ESTAT:TEILM010(1.0),16/10/25 11:00:00,Monthly,"Seasonally adjusted data, not calendar adjusted data",Total,Females,Thousand persons,United States,2024-12,3233,,
ESTAT:TEILM010(1.0),16/10/25 11:00:00,Monthly,"Seasonally adjusted data, not calendar adjusted data",Total,Females,Thousand persons,United States,2025-01,3184,,
ESTAT:TEILM010(1.0),16/10/25 11:00:00,Monthly,"Seasonally adjusted data, not calendar adjusted data",Total,Females,Thousand persons,United States,2025-02,3303,,
ESTAT:TEILM010(1.0),16/10/25 11:00:00,Monthly,"Seasonally adjusted data, not calendar adjusted data",Total,Females,Thousand persons,United States,2025-03,3270,,
ESTAT:TEILM010(1.0),16/10/25 11:00:00,Monthly,"Seasonally adjusted data, not calendar adjusted data",Total,Females,Thousand persons,United States,2025-04,3180,,
ESTAT:TEILM010(1.0),16/10/25 11:00:00,Monthly,"Seasonally adjusted data, not calendar adjusted data",Total,Females,Thousand persons,United States,2025-05,3327,,
ESTAT:TEILM010(1.0),16/10/25 11:00:00,Monthly,"Seasonally adjusted data, not calendar adjusted data",Total,Females,Thousand persons,United States,2025-06,3152,,
ESTAT:TEILM010(1.0),16/10/25 11:00:00,Monthly,"Seasonally adjusted data, not calendar adjusted data",Total,Females,Thousand persons,United States,2025-07,3269,,
ESTAT:TEILM010(1.0),16/10/25 11:00:00,Monthly,"Seasonally adjusted data, not calendar adjusted data",Total,Females,Thousand persons,United States,2025-08,3392,,
ESTAT:TEILM010(1.0),16/10/25 11:00:00,Monthly,"Seasonally adjusted data, not calendar adjusted data",Total,Males,Thousand persons,Austria,2024-10,136,,
ESTAT:TEILM010(1.0),16/10/25 11:00:00,Monthly,"Seasonally adjusted data, not calendar adjusted data",Total,Males,Thousand persons,Austria,2024-11,145,,
ESTAT:TEILM010(1.0),16/10/25 11:00:00,Monthly,"Seasonally adjusted data, not calendar adjusted data",Total,Males,Thousand persons,Austria,2024-12,146,,
ESTAT:TEILM010(1.0),16/10/25 11:00:00,Monthly,"Seasonally adjusted data, not calendar adjusted data",Total,Males,Thousand persons,Austria,2025-01,140,,
ESTAT:TEILM010(1.0),16/10/25 11:00:00,Monthly,"Seasonally adjusted data, not calendar adjusted data",Total,Males,Thousand persons,Austria,2025-02,132,,
ESTAT:TEILM010(1.0),16/10/25 11:00:00,Monthly,"Seasonally adjusted data, not calendar adjusted data",Total,Males,Thousand persons,Austria,2025-03,147,,
ESTAT:TEILM010(1.0),16/10/25 11:00:00,Monthly,"Seasonally adjusted data, not calendar adjusted data",Total,Males,Thousand persons,Austria,2025-04,138,,
ESTAT:TEILM010(1.0),16/10/25 11:00:00,Monthly,"Seasonally adjusted data, not calendar adjusted data",Total,Males,Thousand persons,Austria,2025-05,153,,
ESTAT:TEILM010(1.0),16/10/25 11:00:00,Monthly,"Seasonally adjusted data, not calendar adjusted data",Total,Males,Thousand persons,Austria,2025-06,158,,
ESTAT:TEILM010(1.0),16/10/25 11:00:00,Monthly,"Seasonally adjusted data, not calendar adjusted data",Total,Males,Thousand persons,Austria,2025-07,140,,
ESTAT:TEILM010(1.0),16/10/25 11:00:00,Monthly,"Seasonally adjusted data, not calendar adjusted data",Total,Males,Thousand persons,Austria,2025-08,157,,
ESTAT:TEILM010(1.0),16/10/25 11:00:00,Monthly,"Seasonally adjusted data, not calendar adjusted data",Total,Males,Thousand persons,Bosnia and Herzegovina,2024-10,85,,
ESTAT:TEILM010(1.0),16/10/25 11:00:00,Monthly,"Seasonally adjusted data, not calendar adjusted data",Total,Males,Thousand persons,Bosnia and Herzegovina,2024-11,85,,
ESTAT:TEILM010(1.0),16/10/25 11:00:00,Monthly,"Seasonally adjusted data, not calendar adjusted data",Total,Males,Thousand persons,Bosnia and Herzegovina,2024-12,85,,
ESTAT:TEILM010(1.0),16/10/25 11:00:00,Monthly,"Seasonally adjusted data, not calendar adjusted data",Total,Males,Thousand persons,Bosnia and Herzegovina,2025-01,86,,
ESTAT:TEILM010(1.0),16/10/25 11:00:00,Monthly,"Seasonally adjusted data, not calendar adjusted data",Total,Males,Thousand persons,Bosnia and Herzegovina,2025-02,86,,
ESTAT:TEILM010(1.0),16/10/25 11:00:00,Monthly,"Seasonally adjusted data, not calendar adjusted data",Total,Males,Thousand persons,Bosnia and Herzegovina,2025-03,86,,
ESTAT:TEILM010(1.0),16/10/25 11:00:00,Monthly,"Seasonally adjusted data, not calendar adjusted data",Total,Males,Thousand persons,Bosnia and Herzegovina,2025-04,85,,
ESTAT:TEILM010(1.0),16/10/25 11:00:00,Monthly,"Seasonally adjusted data, not calendar adjusted data",Total,Males,Thousand persons,Bosnia and Herzegovina,2025-05,84,,
ESTAT:TEILM010(1.0),16/10/25 11:00:00,Monthly,"Seasonally adjusted data, not calendar adjusted data",Total,Males,Thousand persons,Bosnia and Herzegovina,2025-06,84,,
ESTAT:TEILM010(1.0),16/10/25 11:00:00,Monthly,"Seasonally adjusted data, not calendar adjusted data",Total,Males,Thousand persons,Bosnia and Herzegovina,2025-07,84,,
ESTAT:TEILM010(1.0),16/10/25 11:00:00,Monthly,"Seasonally adjusted data, not calendar adjusted data",Total,Males,Thousand persons,Belgium,2024-10,175,,
ESTAT:TEILM010(1.0),16/10/25 11:00:00,Monthly,"Seasonally adjusted data, not calendar adjusted data",Total,Males,Thousand persons,Belgium,2024-11,179,,
ESTAT:TEILM010(1.0),16/10/25 11:00:00,Monthly,"Seasonally adjusted data, not calendar adjusted data",Total,Males,Thousand persons,Belgium,2024-12,186,,
ESTAT:TEILM010(1.0),16/10/25 11:00:00,Monthly,"Seasonally adjusted data, not calendar adjusted data",Total,Males,Thousand persons,Belgium,2025-01,193,,
ESTAT:TEILM010(1.0),16/10/25 11:00:00,Monthly,"Seasonally adjusted data, not calendar adjusted data",Total,Males,Thousand persons,Belgium,2025-02,200,,
ESTAT:TEILM010(1.0),16/10/25 11:00:00,Monthly,"Seasonally adjusted data, not calendar adjusted data",Total,Males,Thousand persons,Belgium,2025-03,200,,
ESTAT:TEILM010(1.0),16/10/25 11:00:00,Monthly,"Seasonally adjusted data, not calendar adjusted data",Total,Males,Thousand persons,Belgium,2025-04,198,,
ESTAT:TEILM010(1.0),16/10/25 11:00:00,Monthly,"Seasonally adjusted data, not calendar adjusted data",Total,Males,Thousand persons,Belgium,2025-05,196,,
ESTAT:TEILM010(1.0),16/10/25 11:00:00,Monthly,"Seasonally adjusted data, not calendar adjusted data",Total,Males,Thousand persons,Belgium,2025-06,196,,
ESTAT:TEILM010(1.0),16/10/25 11:00:00,Monthly,"Seasonally adjusted data, not calendar adjusted data",Total,Males,Thousand persons,Belgium,2025-07,192,,
ESTAT:TEILM010(1.0),16/10/25 11:00:00,Monthly,"Seasonally adjusted data, not calendar adjusted data",Total,Males,Thousand persons,Belgium,2025-08,191,,
ESTAT:TEILM010(1.0),16/10/25 11:00:00,Monthly,"Seasonally adjusted data, not calendar adjusted data",Total,Males,Thousand persons,Bulgaria,2024-10,73,,
ESTAT:TEILM010(1.0),16/10/25 11:00:00,Monthly,"Seasonally adjusted data, not calendar adjusted data",Total,Males,Thousand persons,Bulgaria,2024-11,72,,
ESTAT:TEILM010(1.0),16/10/25 11:00:00,Monthly,"Seasonally adjusted data, not calendar adjusted data",Total,Males,Thousand persons,Bulgaria,2024-12,69,,
ESTAT:TEILM010(1.0),16/10/25 11:00:00,Monthly,"Seasonally adjusted data, not calendar adjusted data",Total,Males,Thousand persons,Bulgaria,2025-01,62,,
ESTAT:TEILM010(1.0),16/10/25 11:00:00,Monthly,"Seasonally adjusted data, not calendar adjusted data",Total,Males,Thousand persons,Bulgaria,2025-02,58,,
ESTAT:TEILM010(1.0),16/10/25 11:00:00,Monthly,"Seasonally adjusted data, not calendar adjusted data",Total,Males,Thousand persons,Bulgaria,2025-03,57,,
ESTAT:TEILM010(1.0),16/10/25 11:00:00,Monthly,"Seasonally adjusted data, not calendar adjusted data",Total,Males,Thousand persons,Bulgaria,2025-04,57,,
ESTAT:TEILM010(1.0),16/10/25 11:00:00,Monthly,"Seasonally adjusted data, not calendar adjusted data",Total,Males,Thousand persons,Bulgaria,2025-05,58,,
ESTAT:TEILM010(1.0),16/10/25 11:00:00,Monthly,"Seasonally adjusted data, not calendar adjusted data",Total,Males,Thousand persons,Bulgaria,2025-06,61,,
ESTAT:TEILM010(1.0),16/10/25 11:00:00,Monthly,"Seasonally adjusted data, not calendar adjusted data",Total,Males,Thousand persons,Bulgaria,2025-07,63,,
ESTAT:TEILM010(1.0),16/10/25 11:00:00,Monthly,"Seasonally adjusted data, not calendar adjusted data",Total,Males,Thousand persons,Bulgaria,2025-08,62,,
ESTAT:TEILM010(1.0),16/10/25 11:00:00,Monthly,"Seasonally adjusted data, not calendar adjusted data",Total,Males,Thousand persons,Switzerland,2024-10,117,,
ESTAT:TEILM010(1.0),16/10/25 11:00:00,Monthly,"Seasonally adjusted data, not calendar adjusted data",Total,Males,Thousand persons,Switzerland,2024-11,118,,
ESTAT:TEILM010(1.0),16/10/25 11:00:00,Monthly,"Seasonally adjusted data, not calendar adjusted data",Total,Males,Thousand persons,Switzerland,2024-12,119,,
ESTAT:TEILM010(1.0),16/10/25 11:00:00,Monthly,"Seasonally adjusted data, not calendar adjusted data",Total,Males,Thousand persons,Switzerland,2025-01,121,,
ESTAT:TEILM010(1.0),16/10/25 11:00:00,Monthly,"Seasonally adjusted data, not calendar adjusted data",Total,Males,Thousand persons,Switzerland,2025-02,122,,
ESTAT:TEILM010(1.0),16/10/25 11:00:00,Monthly,"Seasonally adjusted data, not calendar adjusted data",Total,Males,Thousand persons,Switzerland,2025-03,125,,
ESTAT:TEILM010(1.0),16/10/25 11:00:00,Monthly,"Seasonally adjusted data, not calendar adjusted data",Total,Males,Thousand persons,Switzerland,2025-04,128,,
ESTAT:TEILM010(1.0),16/10/25 11:00:00,Monthly,"Seasonally adjusted data, not calendar adjusted data",Total,Males,Thousand persons,Switzerland,2025-05,131,,
ESTAT:TEILM010(1.0),16/10/25 11:00:00,Monthly,"Seasonally adjusted data, not calendar adjusted data",Total,Males,Thousand persons,Switzerland,2025-06,131,,
ESTAT:TEILM010(1.0),16/10/25 11:00:00,Monthly,"Seasonally adjusted data, not calendar adjusted data",Total,Males,Thousand persons,Cyprus,2024-10,12,,
ESTAT:TEILM010(1.0),16/10/25 11:00:00,Monthly,"Seasonally adjusted data, not calendar adjusted data",Total,Males,Thousand persons,Cyprus,2024-11,12,,
ESTAT:TEILM010(1.0),16/10/25 11:00:00,Monthly,"Seasonally adjusted data, not calendar adjusted data",Total,Males,Thousand persons,Cyprus,2024-12,12,,
ESTAT:TEILM010(1.0),16/10/25 11:00:00,Monthly,"Seasonally adjusted data, not calendar adjusted data",Total,Males,Thousand persons,Cyprus,2025-01,11,,
ESTAT:TEILM010(1.0),16/10/25 11:00:00,Monthly,"Seasonally adjusted data, not calendar adjusted data",Total,Males,Thousand persons,Cyprus,2025-02,11,,
ESTAT:TEILM010(1.0),16/10/25 11:00:00,Monthly,"Seasonally adjusted data, not calendar adjusted data",Total,Males,Thousand persons,Cyprus,2025-03,12,,
ESTAT:TEILM010(1.0),16/10/25 11:00:00,Monthly,"Seasonally adjusted data, not calendar adjusted data",Total,Males,Thousand persons,Cyprus,2025-04,12,,
ESTAT:TEILM010(1.0),16/10/25 11:00:00,Monthly,"Seasonally adjusted data, not calendar adjusted data",Total,Males,Thousand persons,Cyprus,2025-05,12,,
ESTAT:TEILM010(1.0),16/10/25 11:00:00,Monthly,"Seasonally adjusted data, not calendar adjusted data",Total,Males,Thousand persons,Cyprus,2025-06,12,,
ESTAT:TEILM010(1.0),16/10/25 11:00:00,Monthly,"Seasonally adjusted data, not calendar adjusted data",Total,Males,Thousand persons,Cyprus,2025-07,13,,
ESTAT:TEILM010(1.0),16/10/25 11:00:00,Monthly,"Seasonally adjusted data, not calendar adjusted data",Total,Males,Thousand persons,Cyprus,2025-08,13,,
ESTAT:TEILM010(1.0),16/10/25 11:00:00,Monthly,"Seasonally adjusted data, not calendar adjusted data",Total,Males,Thousand persons,Czechia,2024-10,70,,
ESTAT:TEILM010(1.0),16/10/25 11:00:00,Monthly,"Seasonally adjusted data, not calendar adjusted data",Total,Males,Thousand persons,Czechia,2024-11,49,,
ESTAT:TEILM010(1.0),16/10/25 11:00:00,Monthly,"Seasonally adjusted data, not calendar adjusted data",Total,Males,Thousand persons,Czechia,2024-12,72,,
ESTAT:TEILM010(1.0),16/10/25 11:00:00,Monthly,"Seasonally adjusted data, not calendar adjusted data",Total,Males,Thousand persons,Czechia,2025-01,69,,
ESTAT:TEILM010(1.0),16/10/25 11:00:00,Monthly,"Seasonally adjusted data, not calendar adjusted data",Total,Males,Thousand persons,Czechia,2025-02,55,,
ESTAT:TEILM010(1.0),16/10/25 11:00:00,Monthly,"Seasonally adjusted data, not calendar adjusted data",Total,Males,Thousand persons,Czechia,2025-03,66,,
ESTAT:TEILM010(1.0),16/10/25 11:00:00,Monthly,"Seasonally adjusted data, not calendar adjusted data",Total,Males,Thousand persons,Czechia,2025-04,70,,
ESTAT:TEILM010(1.0),16/10/25 11:00:00,Monthly,"Seasonally adjusted data, not calendar adjusted data",Total,Males,Thousand persons,Czechia,2025-05,70,,
ESTAT:TEILM010(1.0),16/10/25 11:00:00,Monthly,"Seasonally adjusted data, not calendar adjusted data",Total,Males,Thousand persons,Czechia,2025-06,79,,
ESTAT:TEILM010(1.0),16/10/25 11:00:00,Monthly,"Seasonally adjusted data, not calendar adjusted data",Total,Males,Thousand persons,Czechia,2025-07,72,,
ESTAT:TEILM010(1.0),16/10/25 11:00:00,Monthly,"Seasonally adjusted data, not calendar adjusted data",Total,Males,Thousand persons,Czechia,2025-08,77,,
ESTAT:TEILM010(1.0),16/10/25 11:00:00,Monthly,"Seasonally adjusted data, not calendar adjusted data",Total,Males,Thousand persons,Germany,2024-10,850,,
ESTAT:TEILM010(1.0),16/10/25 11:00:00,Monthly,"Seasonally adjusted data, not calendar adjusted data",Total,Males,Thousand persons,Germany,2024-11,854,,
ESTAT:TEILM010(1.0),16/10/25 11:00:00,Monthly,"Seasonally adjusted data, not calendar adjusted data",Total,Males,Thousand persons,Germany,2024-12,863,,
ESTAT:TEILM010(1.0),16/10/25 11:00:00,Monthly,"Seasonally adjusted data, not calendar adjusted data",Total,Males,Thousand persons,Germany,2025-01,879,,
ESTAT:TEILM010(1.0),16/10/25 11:00:00,Monthly,"Seasonally adjusted data, not calendar adjusted data",Total,Males,Thousand persons,Germany,2025-02,898,,
ESTAT:TEILM010(1.0),16/10/25 11:00:00,Monthly,"Seasonally adjusted data, not calendar adjusted data",Total,Males,Thousand persons,Germany,2025-03,917,,
ESTAT:TEILM010(1.0),16/10/25 11:00:00,Monthly,"Seasonally adjusted data, not calendar adjusted data",Total,Males,Thousand persons,Germany,2025-04,933,,
ESTAT:TEILM010(1.0),16/10/25 11:00:00,Monthly,"Seasonally adjusted data, not calendar adjusted data",Total,Males,Thousand persons,Germany,2025-05,946,,
ESTAT:TEILM010(1.0),16/10/25 11:00:00,Monthly,"Seasonally adjusted data, not calendar adjusted data",Total,Males,Thousand persons,Germany,2025-06,954,,
ESTAT:TEILM010(1.0),16/10/25 11:00:00,Monthly,"Seasonally adjusted data, not calendar adjusted data",Total,Males,Thousand persons,Germany,2025-07,959,,
ESTAT:TEILM010(1.0),16/10/25 11:00:00,Monthly,"Seasonally adjusted data, not calendar adjusted data",Total,Males,Thousand persons,Germany,2025-08,963,,
ESTAT:TEILM010(1.0),16/10/25 11:00:00,Monthly,"Seasonally adjusted data, not calendar adjusted data",Total,Males,Thousand persons,Denmark,2024-10,89,,
ESTAT:TEILM010(1.0),16/10/25 11:00:00,Monthly,"Seasonally adjusted data, not calendar adjusted data",Total,Males,Thousand persons,Denmark,2024-11,113,,
ESTAT:TEILM010(1.0),16/10/25 11:00:00,Monthly,"Seasonally adjusted data, not calendar adjusted data",Total,Males,Thousand persons,Denmark,2024-12,122,,
ESTAT:TEILM010(1.0),16/10/25 11:00:00,Monthly,"Seasonally adjusted data, not calendar adjusted data",Total,Males,Thousand persons,Denmark,2025-01,115,,
ESTAT:TEILM010(1.0),16/10/25 11:00:00,Monthly,"Seasonally adjusted data, not calendar adjusted data",Total,Males,Thousand persons,Denmark,2025-02,83,,
ESTAT:TEILM010(1.0),16/10/25 11:00:00,Monthly,"Seasonally adjusted data, not calendar adjusted data",Total,Males,Thousand persons,Denmark,2025-03,120,,
ESTAT:TEILM010(1.0),16/10/25 11:00:00,Monthly,"Seasonally adjusted data, not calendar adjusted data",Total,Males,Thousand persons,Denmark,2025-04,124,,
ESTAT:TEILM010(1.0),16/10/25 11:00:00,Monthly,"Seasonally adjusted data, not calendar adjusted data",Total,Males,Thousand persons,Denmark,2025-05,87,,
ESTAT:TEILM010(1.0),16/10/25 11:00:00,Monthly,"Seasonally adjusted data, not calendar adjusted data",Total,Males,Thousand persons,Denmark,2025-06,125,,
ESTAT:TEILM010(1.0),16/10/25 11:00:00,Monthly,"Seasonally adjusted data, not calendar adjusted data",Total,Males,Thousand persons,Denmark,2025-07,122,,
ESTAT:TEILM010(1.0),16/10/25 11:00:00,Monthly,"Seasonally adjusted data, not calendar adjusted data",Total,Males,Thousand persons,Denmark,2025-08,112,,
ESTAT:TEILM010(1.0),16/10/25 11:00:00,Monthly,"Seasonally adjusted data, not calendar adjusted data",Total,Males,Thousand persons,Euro area – 20 countries (from 2023),2024-10,5525,,
ESTAT:TEILM010(1.0),16/10/25 11:00:00,Monthly,"Seasonally adjusted data, not calendar adjusted data",Total,Males,Thousand persons,Euro area – 20 countries (from 2023),2024-11,5494,,
ESTAT:TEILM010(1.0),16/10/25 11:00:00,Monthly,"Seasonally adjusted data, not calendar adjusted data",Total,Males,Thousand persons,Euro area – 20 countries (from 2023),2024-12,5522,,
ESTAT:TEILM010(1.0),16/10/25 11:00:00,Monthly,"Seasonally adjusted data, not calendar adjusted data",Total,Males,Thousand persons,Euro area – 20 countries (from 2023),2025-01,5568,,
ESTAT:TEILM010(1.0),16/10/25 11:00:00,Monthly,"Seasonally adjusted data, not calendar adjusted data",Total,Males,Thousand persons,Euro area – 20 countries (from 2023),2025-02,5545,,
ESTAT:TEILM010(1.0),16/10/25 11:00:00,Monthly,"Seasonally adjusted data, not calendar adjusted data",Total,Males,Thousand persons,Euro area – 20 countries (from 2023),2025-03,5683,,
ESTAT:TEILM010(1.0),16/10/25 11:00:00,Monthly,"Seasonally adjusted data, not calendar adjusted data",Total,Males,Thousand persons,Euro area – 20 countries (from 2023),2025-04,5620,,
ESTAT:TEILM010(1.0),16/10/25 11:00:00,Monthly,"Seasonally adjusted data, not calendar adjusted data",Total,Males,Thousand persons,Euro area – 20 countries (from 2023),2025-05,5717,,
ESTAT:TEILM010(1.0),16/10/25 11:00:00,Monthly,"Seasonally adjusted data, not calendar adjusted data",Total,Males,Thousand persons,Euro area – 20 countries (from 2023),2025-06,5692,,
ESTAT:TEILM010(1.0),16/10/25 11:00:00,Monthly,"Seasonally adjusted data, not calendar adjusted data",Total,Males,Thousand persons,Euro area – 20 countries (from 2023),2025-07,5631,,
ESTAT:TEILM010(1.0),16/10/25 11:00:00,Monthly,"Seasonally adjusted data, not calendar adjusted data",Total,Males,Thousand persons,Euro area – 20 countries (from 2023),2025-08,5652,,
ESTAT:TEILM010(1.0),16/10/25 11:00:00,Monthly,"Seasonally adjusted data, not calendar adjusted data",Total,Males,Thousand persons,Estonia,2024-10,30,,
ESTAT:TEILM010(1.0),16/10/25 11:00:00,Monthly,"Seasonally adjusted data, not calendar adjusted data",Total,Males,Thousand persons,Estonia,2024-11,29,,
ESTAT:TEILM010(1.0),16/10/25 11:00:00,Monthly,"Seasonally adjusted data, not calendar adjusted data",Total,Males,Thousand persons,Estonia,2024-12,31,,
ESTAT:TEILM010(1.0),16/10/25 11:00:00,Monthly,"Seasonally adjusted data, not calendar adjusted data",Total,Males,Thousand persons,Estonia,2025-01,29,,
ESTAT:TEILM010(1.0),16/10/25 11:00:00,Monthly,"Seasonally adjusted data, not calendar adjusted data",Total,Males,Thousand persons,Estonia,2025-02,31,,
ESTAT:TEILM010(1.0),16/10/25 11:00:00,Monthly,"Seasonally adjusted data, not calendar adjusted data",Total,Males,Thousand persons,Estonia,2025-03,31,,
ESTAT:TEILM010(1.0),16/10/25 11:00:00,Monthly,"Seasonally adjusted data, not calendar adjusted data",Total,Males,Thousand persons,Estonia,2025-04,31,,
ESTAT:TEILM010(1.0),16/10/25 11:00:00,Monthly,"Seasonally adjusted data, not calendar adjusted data",Total,Males,Thousand persons,Estonia,2025-05,32,,
ESTAT:TEILM010(1.0),16/10/25 11:00:00,Monthly,"Seasonally adjusted data, not calendar adjusted data",Total,Males,Thousand persons,Estonia,2025-06,28,,
ESTAT:TEILM010(1.0),16/10/25 11:00:00,Monthly,"Seasonally adjusted data, not calendar adjusted data",Total,Males,Thousand persons,Estonia,2025-07,34,,
ESTAT:TEILM010(1.0),16/10/25 11:00:00,Monthly,"Seasonally adjusted data, not calendar adjusted data",Total,Males,Thousand persons,Estonia,2025-08,35,,
ESTAT:TEILM010(1.0),16/10/25 11:00:00,Monthly,"Seasonally adjusted data, not calendar adjusted data",Total,Males,Thousand persons,Greece,2024-10,211,,
ESTAT:TEILM010(1.0),16/10/25 11:00:00,Monthly,"Seasonally adjusted data, not calendar adjusted data",Total,Males,Thousand persons,Greece,2024-11,198,,
ESTAT:TEILM010(1.0),16/10/25 11:00:00,Monthly,"Seasonally adjusted data, not calendar adjusted data",Total,Males,Thousand persons,Greece,2024-12,195,,
ESTAT:TEILM010(1.0),16/10/25 11:00:00,Monthly,"Seasonally adjusted data, not calendar adjusted data",Total,Males,Thousand persons,Greece,2025-01,210,,
ESTAT:TEILM010(1.0),16/10/25 11:00:00,Monthly,"Seasonally adjusted data, not calendar adjusted data",Total,Males,Thousand persons,Greece,2025-02,186,,
ESTAT:TEILM010(1.0),16/10/25 11:00:00,Monthly,"Seasonally adjusted data, not calendar adjusted data",Total,Males,Thousand persons,Greece,2025-03,200,,
ESTAT:TEILM010(1.0),16/10/25 11:00:00,Monthly,"Seasonally adjusted data, not calendar adjusted data",Total,Males,Thousand persons,Greece,2025-04,188,,
ESTAT:TEILM010(1.0),16/10/25 11:00:00,Monthly,"Seasonally adjusted data, not calendar adjusted data",Total,Males,Thousand persons,Greece,2025-05,182,,
ESTAT:TEILM010(1.0),16/10/25 11:00:00,Monthly,"Seasonally adjusted data, not calendar adjusted data",Total,Males,Thousand persons,Greece,2025-06,202,,
ESTAT:TEILM010(1.0),16/10/25 11:00:00,Monthly,"Seasonally adjusted data, not calendar adjusted data",Total,Males,Thousand persons,Greece,2025-07,170,,
ESTAT:TEILM010(1.0),16/10/25 11:00:00,Monthly,"Seasonally adjusted data, not calendar adjusted data",Total,Males,Thousand persons,Greece,2025-08,159,,
ESTAT:TEILM010(1.0),16/10/25 11:00:00,Monthly,"Seasonally adjusted data, not calendar adjusted data",Total,Males,Thousand persons,Spain,2024-10,1261,,
ESTAT:TEILM010(1.0),16/10/25 11:00:00,Monthly,"Seasonally adjusted data, not calendar adjusted data",Total,Males,Thousand persons,Spain,2024-11,1248,,
ESTAT:TEILM010(1.0),16/10/25 11:00:00,Monthly,"Seasonally adjusted data, not calendar adjusted data",Total,Males,Thousand persons,Spain,2024-12,1248,,
ESTAT:TEILM010(1.0),16/10/25 11:00:00,Monthly,"Seasonally adjusted data, not calendar adjusted data",Total,Males,Thousand persons,Spain,2025-01,1253,,
ESTAT:TEILM010(1.0),16/10/25 11:00:00,Monthly,"Seasonally adjusted data, not calendar adjusted data",Total,Males,Thousand persons,Spain,2025-02,1253,,
ESTAT:TEILM010(1.0),16/10/25 11:00:00,Monthly,"Seasonally adjusted data, not calendar adjusted data",Total,Males,Thousand persons,Spain,2025-03,1254,,
ESTAT:TEILM010(1.0),16/10/25 11:00:00,Monthly,"Seasonally adjusted data, not calendar adjusted data",Total,Males,Thousand persons,Spain,2025-04,1240,,
ESTAT:TEILM010(1.0),16/10/25 11:00:00,Monthly,"Seasonally adjusted data, not calendar adjusted data",Total,Males,Thousand persons,Spain,2025-05,1233,,
ESTAT:TEILM010(1.0),16/10/25 11:00:00,Monthly,"Seasonally adjusted data, not calendar adjusted data",Total,Males,Thousand persons,Spain,2025-06,1223,,
ESTAT:TEILM010(1.0),16/10/25 11:00:00,Monthly,"Seasonally adjusted data, not calendar adjusted data",Total,Males,Thousand persons,Spain,2025-07,1222,,
ESTAT:TEILM010(1.0),16/10/25 11:00:00,Monthly,"Seasonally adjusted data, not calendar adjusted data",Total,Males,Thousand persons,Spain,2025-08,1216,,
ESTAT:TEILM010(1.0),16/10/25 11:00:00,Monthly,"Seasonally adjusted data, not calendar adjusted data",Total,Males,Thousand persons,European Union - 27 countries (from 2020),2024-10,6637,,
ESTAT:TEILM010(1.0),16/10/25 11:00:00,Monthly,"Seasonally adjusted data, not calendar adjusted data",Total,Males,Thousand persons,European Union - 27 countries (from 2020),2024-11,6602,,
ESTAT:TEILM010(1.0),16/10/25 11:00:00,Monthly,"Seasonally adjusted data, not calendar adjusted data",Total,Males,Thousand persons,European Union - 27 countries (from 2020),2024-12,6674,,
ESTAT:TEILM010(1.0),16/10/25 11:00:00,Monthly,"Seasonally adjusted data, not calendar adjusted data",Total,Males,Thousand persons,European Union - 27 countries (from 2020),2025-01,6756,,
ESTAT:TEILM010(1.0),16/10/25 11:00:00,Monthly,"Seasonally adjusted data, not calendar adjusted data",Total,Males,Thousand persons,European Union - 27 countries (from 2020),2025-02,6674,,
ESTAT:TEILM010(1.0),16/10/25 11:00:00,Monthly,"Seasonally adjusted data, not calendar adjusted data",Total,Males,Thousand persons,European Union - 27 countries (from 2020),2025-03,6831,,
ESTAT:TEILM010(1.0),16/10/25 11:00:00,Monthly,"Seasonally adjusted data, not calendar adjusted data",Total,Males,Thousand persons,European Union - 27 countries (from 2020),2025-04,6796,,
ESTAT:TEILM010(1.0),16/10/25 11:00:00,Monthly,"Seasonally adjusted data, not calendar adjusted data",Total,Males,Thousand persons,European Union - 27 countries (from 2020),2025-05,6843,,
ESTAT:TEILM010(1.0),16/10/25 11:00:00,Monthly,"Seasonally adjusted data, not calendar adjusted data",Total,Males,Thousand persons,European Union - 27 countries (from 2020),2025-06,6890,,
ESTAT:TEILM010(1.0),16/10/25 11:00:00,Monthly,"Seasonally adjusted data, not calendar adjusted data",Total,Males,Thousand persons,European Union - 27 countries (from 2020),2025-07,6819,,
ESTAT:TEILM010(1.0),16/10/25 11:00:00,Monthly,"Seasonally adjusted data, not calendar adjusted data",Total,Males,Thousand persons,European Union - 27 countries (from 2020),2025-08,6832,,
ESTAT:TEILM010(1.0),16/10/25 11:00:00,Monthly,"Seasonally adjusted data, not calendar adjusted data",Total,Males,Thousand persons,Finland,2024-10,144,,
ESTAT:TEILM010(1.0),16/10/25 11:00:00,Monthly,"Seasonally adjusted data, not calendar adjusted data",Total,Males,Thousand persons,Finland,2024-11,131,,
ESTAT:TEILM010(1.0),16/10/25 11:00:00,Monthly,"Seasonally adjusted data, not calendar adjusted data",Total,Males,Thousand persons,Finland,2024-12,134,,
ESTAT:TEILM010(1.0),16/10/25 11:00:00,Monthly,"Seasonally adjusted data, not calendar adjusted data",Total,Males,Thousand persons,Finland,2025-01,145,,
ESTAT:TEILM010(1.0),16/10/25 11:00:00,Monthly,"Seasonally adjusted data, not calendar adjusted data",Total,Males,Thousand persons,Finland,2025-02,141,,
ESTAT:TEILM010(1.0),16/10/25 11:00:00,Monthly,"Seasonally adjusted data, not calendar adjusted data",Total,Males,Thousand persons,Finland,2025-03,152,,
ESTAT:TEILM010(1.0),16/10/25 11:00:00,Monthly,"Seasonally adjusted data, not calendar adjusted data",Total,Males,Thousand persons,Finland,2025-04,150,,
ESTAT:TEILM010(1.0),16/10/25 11:00:00,Monthly,"Seasonally adjusted data, not calendar adjusted data",Total,Males,Thousand persons,Finland,2025-05,135,,
ESTAT:TEILM010(1.0),16/10/25 11:00:00,Monthly,"Seasonally adjusted data, not calendar adjusted data",Total,Males,Thousand persons,Finland,2025-06,153,,
ESTAT:TEILM010(1.0),16/10/25 11:00:00,Monthly,"Seasonally adjusted data, not calendar adjusted data",Total,Males,Thousand persons,Finland,2025-07,167,,
ESTAT:TEILM010(1.0),16/10/25 11:00:00,Monthly,"Seasonally adjusted data, not calendar adjusted data",Total,Males,Thousand persons,Finland,2025-08,157,,
ESTAT:TEILM010(1.0),16/10/25 11:00:00,Monthly,"Seasonally adjusted data, not calendar adjusted data",Total,Males,Thousand persons,France,2024-10,1213,,
ESTAT:TEILM010(1.0),16/10/25 11:00:00,Monthly,"Seasonally adjusted data, not calendar adjusted data",Total,Males,Thousand persons,France,2024-11,1201,,
ESTAT:TEILM010(1.0),16/10/25 11:00:00,Monthly,"Seasonally adjusted data, not calendar adjusted data",Total,Males,Thousand persons,France,2024-12,1184,,
ESTAT:TEILM010(1.0),16/10/25 11:00:00,Monthly,"Seasonally adjusted data, not calendar adjusted data",Total,Males,Thousand persons,France,2025-01,1178,,
ESTAT:TEILM010(1.0),16/10/25 11:00:00,Monthly,"Seasonally adjusted data, not calendar adjusted data",Total,Males,Thousand persons,France,2025-02,1217,,
ESTAT:TEILM010(1.0),16/10/25 11:00:00,Monthly,"Seasonally adjusted data, not calendar adjusted data",Total,Males,Thousand persons,France,2025-03,1236,,
ESTAT:TEILM010(1.0),16/10/25 11:00:00,Monthly,"Seasonally adjusted data, not calendar adjusted data",Total,Males,Thousand persons,France,2025-04,1245,,
ESTAT:TEILM010(1.0),16/10/25 11:00:00,Monthly,"Seasonally adjusted data, not calendar adjusted data",Total,Males,Thousand persons,France,2025-05,1265,,
ESTAT:TEILM010(1.0),16/10/25 11:00:00,Monthly,"Seasonally adjusted data, not calendar adjusted data",Total,Males,Thousand persons,France,2025-06,1261,,
ESTAT:TEILM010(1.0),16/10/25 11:00:00,Monthly,"Seasonally adjusted data, not calendar adjusted data",Total,Males,Thousand persons,France,2025-07,1262,,
ESTAT:TEILM010(1.0),16/10/25 11:00:00,Monthly,"Seasonally adjusted data, not calendar adjusted data",Total,Males,Thousand persons,France,2025-08,1266,,
ESTAT:TEILM010(1.0),16/10/25 11:00:00,Monthly,"Seasonally adjusted data, not calendar adjusted data",Total,Males,Thousand persons,Croatia,2024-10,48,,
ESTAT:TEILM010(1.0),16/10/25 11:00:00,Monthly,"Seasonally adjusted data, not calendar adjusted data",Total,Males,Thousand persons,Croatia,2024-11,49,,
ESTAT:TEILM010(1.0),16/10/25 11:00:00,Monthly,"Seasonally adjusted data, not calendar adjusted data",Total,Males,Thousand persons,Croatia,2024-12,49,,
ESTAT:TEILM010(1.0),16/10/25 11:00:00,Monthly,"Seasonally adjusted data, not calendar adjusted data",Total,Males,Thousand persons,Croatia,2025-01,49,,
ESTAT:TEILM010(1.0),16/10/25 11:00:00,Monthly,"Seasonally adjusted data, not calendar adjusted data",Total,Males,Thousand persons,Croatia,2025-02,49,,
ESTAT:TEILM010(1.0),16/10/25 11:00:00,Monthly,"Seasonally adjusted data, not calendar adjusted data",Total,Males,Thousand persons,Croatia,2025-03,48,,
ESTAT:TEILM010(1.0),16/10/25 11:00:00,Monthly,"Seasonally adjusted data, not calendar adjusted data",Total,Males,Thousand persons,Croatia,2025-04,47,,
ESTAT:TEILM010(1.0),16/10/25 11:00:00,Monthly,"Seasonally adjusted data, not calendar adjusted data",Total,Males,Thousand persons,Croatia,2025-05,47,,
ESTAT:TEILM010(1.0),16/10/25 11:00:00,Monthly,"Seasonally adjusted data, not calendar adjusted data",Total,Males,Thousand persons,Croatia,2025-06,47,,
ESTAT:TEILM010(1.0),16/10/25 11:00:00,Monthly,"Seasonally adjusted data, not calendar adjusted data",Total,Males,Thousand persons,Croatia,2025-07,46,,
ESTAT:TEILM010(1.0),16/10/25 11:00:00,Monthly,"Seasonally adjusted data, not calendar adjusted data",Total,Males,Thousand persons,Croatia,2025-08,47,,
ESTAT:TEILM010(1.0),16/10/25 11:00:00,Monthly,"Seasonally adjusted data, not calendar adjusted data",Total,Males,Thousand persons,Hungary,2024-10,118,,
ESTAT:TEILM010(1.0),16/10/25 11:00:00,Monthly,"Seasonally adjusted data, not calendar adjusted data",Total,Males,Thousand persons,Hungary,2024-11,118,,
ESTAT:TEILM010(1.0),16/10/25 11:00:00,Monthly,"Seasonally adjusted data, not calendar adjusted data",Total,Males,Thousand persons,Hungary,2024-12,115,,
ESTAT:TEILM010(1.0),16/10/25 11:00:00,Monthly,"Seasonally adjusted data, not calendar adjusted data",Total,Males,Thousand persons,Hungary,2025-01,114,,
ESTAT:TEILM010(1.0),16/10/25 11:00:00,Monthly,"Seasonally adjusted data, not calendar adjusted data",Total,Males,Thousand persons,Hungary,2025-02,113,,
ESTAT:TEILM010(1.0),16/10/25 11:00:00,Monthly,"Seasonally adjusted data, not calendar adjusted data",Total,Males,Thousand persons,Hungary,2025-03,111,,
ESTAT:TEILM010(1.0),16/10/25 11:00:00,Monthly,"Seasonally adjusted data, not calendar adjusted data",Total,Males,Thousand persons,Hungary,2025-04,114,,
ESTAT:TEILM010(1.0),16/10/25 11:00:00,Monthly,"Seasonally adjusted data, not calendar adjusted data",Total,Males,Thousand persons,Hungary,2025-05,114,,
ESTAT:TEILM010(1.0),16/10/25 11:00:00,Monthly,"Seasonally adjusted data, not calendar adjusted data",Total,Males,Thousand persons,Hungary,2025-06,116,,
ESTAT:TEILM010(1.0),16/10/25 11:00:00,Monthly,"Seasonally adjusted data, not calendar adjusted data",Total,Males,Thousand persons,Hungary,2025-07,114,,
ESTAT:TEILM010(1.0),16/10/25 11:00:00,Monthly,"Seasonally adjusted data, not calendar adjusted data",Total,Males,Thousand persons,Hungary,2025-08,111,,
ESTAT:TEILM010(1.0),16/10/25 11:00:00,Monthly,"Seasonally adjusted data, not calendar adjusted data",Total,Males,Thousand persons,Ireland,2024-10,67,,
ESTAT:TEILM010(1.0),16/10/25 11:00:00,Monthly,"Seasonally adjusted data, not calendar adjusted data",Total,Males,Thousand persons,Ireland,2024-11,68,,
ESTAT:TEILM010(1.0),16/10/25 11:00:00,Monthly,"Seasonally adjusted data, not calendar adjusted data",Total,Males,Thousand persons,Ireland,2024-12,72,,
ESTAT:TEILM010(1.0),16/10/25 11:00:00,Monthly,"Seasonally adjusted data, not calendar adjusted data",Total,Males,Thousand persons,Ireland,2025-01,68,,
ESTAT:TEILM010(1.0),16/10/25 11:00:00,Monthly,"Seasonally adjusted data, not calendar adjusted data",Total,Males,Thousand persons,Ireland,2025-02,67,,
ESTAT:TEILM010(1.0),16/10/25 11:00:00,Monthly,"Seasonally adjusted data, not calendar adjusted data",Total,Males,Thousand persons,Ireland,2025-03,69,,
ESTAT:TEILM010(1.0),16/10/25 11:00:00,Monthly,"Seasonally adjusted data, not calendar adjusted data",Total,Males,Thousand persons,Ireland,2025-04,72,,
ESTAT:TEILM010(1.0),16/10/25 11:00:00,Monthly,"Seasonally adjusted data, not calendar adjusted data",Total,Males,Thousand persons,Ireland,2025-05,74,,
ESTAT:TEILM010(1.0),16/10/25 11:00:00,Monthly,"Seasonally adjusted data, not calendar adjusted data",Total,Males,Thousand persons,Ireland,2025-06,75,,
ESTAT:TEILM010(1.0),16/10/25 11:00:00,Monthly,"Seasonally adjusted data, not calendar adjusted data",Total,Males,Thousand persons,Ireland,2025-07,78,,
ESTAT:TEILM010(1.0),16/10/25 11:00:00,Monthly,"Seasonally adjusted data, not calendar adjusted data",Total,Males,Thousand persons,Ireland,2025-08,76,,
ESTAT:TEILM010(1.0),16/10/25 11:00:00,Monthly,"Seasonally adjusted data, not calendar adjusted data",Total,Males,Thousand persons,Ireland,2025-09,75,,
ESTAT:TEILM010(1.0),16/10/25 11:00:00,Monthly,"Seasonally adjusted data, not calendar adjusted data",Total,Males,Thousand persons,Iceland,2024-10,5,,
ESTAT:TEILM010(1.0),16/10/25 11:00:00,Monthly,"Seasonally adjusted data, not calendar adjusted data",Total,Males,Thousand persons,Iceland,2024-11,5,,
ESTAT:TEILM010(1.0),16/10/25 11:00:00,Monthly,"Seasonally adjusted data, not calendar adjusted data",Total,Males,Thousand persons,Iceland,2024-12,5,,
ESTAT:TEILM010(1.0),16/10/25 11:00:00,Monthly,"Seasonally adjusted data, not calendar adjusted data",Total,Males,Thousand persons,Iceland,2025-01,5,,
ESTAT:TEILM010(1.0),16/10/25 11:00:00,Monthly,"Seasonally adjusted data, not calendar adjusted data",Total,Males,Thousand persons,Iceland,2025-02,5,,
ESTAT:TEILM010(1.0),16/10/25 11:00:00,Monthly,"Seasonally adjusted data, not calendar adjusted data",Total,Males,Thousand persons,Iceland,2025-03,5,,
ESTAT:TEILM010(1.0),16/10/25 11:00:00,Monthly,"Seasonally adjusted data, not calendar adjusted data",Total,Males,Thousand persons,Iceland,2025-04,5,,
ESTAT:TEILM010(1.0),16/10/25 11:00:00,Monthly,"Seasonally adjusted data, not calendar adjusted data",Total,Males,Thousand persons,Iceland,2025-05,5,,
ESTAT:TEILM010(1.0),16/10/25 11:00:00,Monthly,"Seasonally adjusted data, not calendar adjusted data",Total,Males,Thousand persons,Iceland,2025-06,5,,
ESTAT:TEILM010(1.0),16/10/25 11:00:00,Monthly,"Seasonally adjusted data, not calendar adjusted data",Total,Males,Thousand persons,Iceland,2025-07,5,,
ESTAT:TEILM010(1.0),16/10/25 11:00:00,Monthly,"Seasonally adjusted data, not calendar adjusted data",Total,Males,Thousand persons,Iceland,2025-08,6,,
ESTAT:TEILM010(1.0),16/10/25 11:00:00,Monthly,"Seasonally adjusted data, not calendar adjusted data",Total,Males,Thousand persons,Italy,2024-10,812,,
ESTAT:TEILM010(1.0),16/10/25 11:00:00,Monthly,"Seasonally adjusted data, not calendar adjusted data",Total,Males,Thousand persons,Italy,2024-11,823,,
ESTAT:TEILM010(1.0),16/10/25 11:00:00,Monthly,"Seasonally adjusted data, not calendar adjusted data",Total,Males,Thousand persons,Italy,2024-12,845,,
ESTAT:TEILM010(1.0),16/10/25 11:00:00,Monthly,"Seasonally adjusted data, not calendar adjusted data",Total,Males,Thousand persons,Italy,2025-01,844,,
ESTAT:TEILM010(1.0),16/10/25 11:00:00,Monthly,"Seasonally adjusted data, not calendar adjusted data",Total,Males,Thousand persons,Italy,2025-02,786,,
ESTAT:TEILM010(1.0),16/10/25 11:00:00,Monthly,"Seasonally adjusted data, not calendar adjusted data",Total,Males,Thousand persons,Italy,2025-03,850,,
ESTAT:TEILM010(1.0),16/10/25 11:00:00,Monthly,"Seasonally adjusted data, not calendar adjusted data",Total,Males,Thousand persons,Italy,2025-04,806,,
ESTAT:TEILM010(1.0),16/10/25 11:00:00,Monthly,"Seasonally adjusted data, not calendar adjusted data",Total,Males,Thousand persons,Italy,2025-05,885,,
ESTAT:TEILM010(1.0),16/10/25 11:00:00,Monthly,"Seasonally adjusted data, not calendar adjusted data",Total,Males,Thousand persons,Italy,2025-06,825,,
ESTAT:TEILM010(1.0),16/10/25 11:00:00,Monthly,"Seasonally adjusted data, not calendar adjusted data",Total,Males,Thousand persons,Italy,2025-07,788,,
ESTAT:TEILM010(1.0),16/10/25 11:00:00,Monthly,"Seasonally adjusted data, not calendar adjusted data",Total,Males,Thousand persons,Italy,2025-08,799,,
ESTAT:TEILM010(1.0),16/10/25 11:00:00,Monthly,"Seasonally adjusted data, not calendar adjusted data",Total,Males,Thousand persons,Japan,2024-10,1030,,
ESTAT:TEILM010(1.0),16/10/25 11:00:00,Monthly,"Seasonally adjusted data, not calendar adjusted data",Total,Males,Thousand persons,Japan,2024-11,960,,
ESTAT:TEILM010(1.0),16/10/25 11:00:00,Monthly,"Seasonally adjusted data, not calendar adjusted data",Total,Males,Thousand persons,Japan,2024-12,940,,
ESTAT:TEILM010(1.0),16/10/25 11:00:00,Monthly,"Seasonally adjusted data, not calendar adjusted data",Total,Males,Thousand persons,Japan,2025-01,1010,,
ESTAT:TEILM010(1.0),16/10/25 11:00:00,Monthly,"Seasonally adjusted data, not calendar adjusted data",Total,Males,Thousand persons,Japan,2025-02,960,,
ESTAT:TEILM010(1.0),16/10/25 11:00:00,Monthly,"Seasonally adjusted data, not calendar adjusted data",Total,Males,Thousand persons,Japan,2025-03,1010,,
ESTAT:TEILM010(1.0),16/10/25 11:00:00,Monthly,"Seasonally adjusted data, not calendar adjusted data",Total,Males,Thousand persons,Japan,2025-04,1020,,
ESTAT:TEILM010(1.0),16/10/25 11:00:00,Monthly,"Seasonally adjusted data, not calendar adjusted data",Total,Males,Thousand persons,Japan,2025-05,990,,
ESTAT:TEILM010(1.0),16/10/25 11:00:00,Monthly,"Seasonally adjusted data, not calendar adjusted data",Total,Males,Thousand persons,Japan,2025-06,950,,
ESTAT:TEILM010(1.0),16/10/25 11:00:00,Monthly,"Seasonally adjusted data, not calendar adjusted data",Total,Males,Thousand persons,Japan,2025-07,950,,
ESTAT:TEILM010(1.0),16/10/25 11:00:00,Monthly,"Seasonally adjusted data, not calendar adjusted data",Total,Males,Thousand persons,Japan,2025-08,1060,,
ESTAT:TEILM010(1.0),16/10/25 11:00:00,Monthly,"Seasonally adjusted data, not calendar adjusted data",Total,Males,Thousand persons,Lithuania,2024-10,61,,
ESTAT:TEILM010(1.0),16/10/25 11:00:00,Monthly,"Seasonally adjusted data, not calendar adjusted data",Total,Males,Thousand persons,Lithuania,2024-11,58,,
ESTAT:TEILM010(1.0),16/10/25 11:00:00,Monthly,"Seasonally adjusted data, not calendar adjusted data",Total,Males,Thousand persons,Lithuania,2024-12,56,,
ESTAT:TEILM010(1.0),16/10/25 11:00:00,Monthly,"Seasonally adjusted data, not calendar adjusted data",Total,Males,Thousand persons,Lithuania,2025-01,60,,
ESTAT:TEILM010(1.0),16/10/25 11:00:00,Monthly,"Seasonally adjusted data, not calendar adjusted data",Total,Males,Thousand persons,Lithuania,2025-02,60,,
ESTAT:TEILM010(1.0),16/10/25 11:00:00,Monthly,"Seasonally adjusted data, not calendar adjusted data",Total,Males,Thousand persons,Lithuania,2025-03,59,,
ESTAT:TEILM010(1.0),16/10/25 11:00:00,Monthly,"Seasonally adjusted data, not calendar adjusted data",Total,Males,Thousand persons,Lithuania,2025-04,62,,
ESTAT:TEILM010(1.0),16/10/25 11:00:00,Monthly,"Seasonally adjusted data, not calendar adjusted data",Total,Males,Thousand persons,Lithuania,2025-05,62,,
ESTAT:TEILM010(1.0),16/10/25 11:00:00,Monthly,"Seasonally adjusted data, not calendar adjusted data",Total,Males,Thousand persons,Lithuania,2025-06,61,,
ESTAT:TEILM010(1.0),16/10/25 11:00:00,Monthly,"Seasonally adjusted data, not calendar adjusted data",Total,Males,Thousand persons,Lithuania,2025-07,60,,
ESTAT:TEILM010(1.0),16/10/25 11:00:00,Monthly,"Seasonally adjusted data, not calendar adjusted data",Total,Males,Thousand persons,Lithuania,2025-08,59,,
ESTAT:TEILM010(1.0),16/10/25 11:00:00,Monthly,"Seasonally adjusted data, not calendar adjusted data",Total,Males,Thousand persons,Luxembourg,2024-10,12,,
ESTAT:TEILM010(1.0),16/10/25 11:00:00,Monthly,"Seasonally adjusted data, not calendar adjusted data",Total,Males,Thousand persons,Luxembourg,2024-11,12,,
ESTAT:TEILM010(1.0),16/10/25 11:00:00,Monthly,"Seasonally adjusted data, not calendar adjusted data",Total,Males,Thousand persons,Luxembourg,2024-12,12,,
ESTAT:TEILM010(1.0),16/10/25 11:00:00,Monthly,"Seasonally adjusted data, not calendar adjusted data",Total,Males,Thousand persons,Luxembourg,2025-01,12,,
ESTAT:TEILM010(1.0),16/10/25 11:00:00,Monthly,"Seasonally adjusted data, not calendar adjusted data",Total,Males,Thousand persons,Luxembourg,2025-02,12,,
ESTAT:TEILM010(1.0),16/10/25 11:00:00,Monthly,"Seasonally adjusted data, not calendar adjusted data",Total,Males,Thousand persons,Luxembourg,2025-03,12,,
ESTAT:TEILM010(1.0),16/10/25 11:00:00,Monthly,"Seasonally adjusted data, not calendar adjusted data",Total,Males,Thousand persons,Luxembourg,2025-04,12,,
ESTAT:TEILM010(1.0),16/10/25 11:00:00,Monthly,"Seasonally adjusted data, not calendar adjusted data",Total,Males,Thousand persons,Luxembourg,2025-05,12,,
ESTAT:TEILM010(1.0),16/10/25 11:00:00,Monthly,"Seasonally adjusted data, not calendar adjusted data",Total,Males,Thousand persons,Luxembourg,2025-06,12,,
ESTAT:TEILM010(1.0),16/10/25 11:00:00,Monthly,"Seasonally adjusted data, not calendar adjusted data",Total,Males,Thousand persons,Luxembourg,2025-07,12,,
ESTAT:TEILM010(1.0),16/10/25 11:00:00,Monthly,"Seasonally adjusted data, not calendar adjusted data",Total,Males,Thousand persons,Luxembourg,2025-08,12,,
ESTAT:TEILM010(1.0),16/10/25 11:00:00,Monthly,"Seasonally adjusted data, not calendar adjusted data",Total,Males,Thousand persons,Latvia,2024-10,39,,
ESTAT:TEILM010(1.0),16/10/25 11:00:00,Monthly,"Seasonally adjusted data, not calendar adjusted data",Total,Males,Thousand persons,Latvia,2024-11,39,,
ESTAT:TEILM010(1.0),16/10/25 11:00:00,Monthly,"Seasonally adjusted data, not calendar adjusted data",Total,Males,Thousand persons,Latvia,2024-12,39,,
ESTAT:TEILM010(1.0),16/10/25 11:00:00,Monthly,"Seasonally adjusted data, not calendar adjusted data",Total,Males,Thousand persons,Latvia,2025-01,39,,
ESTAT:TEILM010(1.0),16/10/25 11:00:00,Monthly,"Seasonally adjusted data, not calendar adjusted data",Total,Males,Thousand persons,Latvia,2025-02,39,,
ESTAT:TEILM010(1.0),16/10/25 11:00:00,Monthly,"Seasonally adjusted data, not calendar adjusted data",Total,Males,Thousand persons,Latvia,2025-03,36,,
ESTAT:TEILM010(1.0),16/10/25 11:00:00,Monthly,"Seasonally adjusted data, not calendar adjusted data",Total,Males,Thousand persons,Latvia,2025-04,33,,
ESTAT:TEILM010(1.0),16/10/25 11:00:00,Monthly,"Seasonally adjusted data, not calendar adjusted data",Total,Males,Thousand persons,Latvia,2025-05,32,,
ESTAT:TEILM010(1.0),16/10/25 11:00:00,Monthly,"Seasonally adjusted data, not calendar adjusted data",Total,Males,Thousand persons,Latvia,2025-06,32,,
ESTAT:TEILM010(1.0),16/10/25 11:00:00,Monthly,"Seasonally adjusted data, not calendar adjusted data",Total,Males,Thousand persons,Latvia,2025-07,33,,
ESTAT:TEILM010(1.0),16/10/25 11:00:00,Monthly,"Seasonally adjusted data, not calendar adjusted data",Total,Males,Thousand persons,Latvia,2025-08,33,,
ESTAT:TEILM010(1.0),16/10/25 11:00:00,Monthly,"Seasonally adjusted data, not calendar adjusted data",Total,Males,Thousand persons,Malta,2024-10,6,,
ESTAT:TEILM010(1.0),16/10/25 11:00:00,Monthly,"Seasonally adjusted data, not calendar adjusted data",Total,Males,Thousand persons,Malta,2024-11,6,,
ESTAT:TEILM010(1.0),16/10/25 11:00:00,Monthly,"Seasonally adjusted data, not calendar adjusted data",Total,Males,Thousand persons,Malta,2024-12,6,,
ESTAT:TEILM010(1.0),16/10/25 11:00:00,Monthly,"Seasonally adjusted data, not calendar adjusted data",Total,Males,Thousand persons,Malta,2025-01,6,,
ESTAT:TEILM010(1.0),16/10/25 11:00:00,Monthly,"Seasonally adjusted data, not calendar adjusted data",Total,Males,Thousand persons,Malta,2025-02,7,,
ESTAT:TEILM010(1.0),16/10/25 11:00:00,Monthly,"Seasonally adjusted data, not calendar adjusted data",Total,Males,Thousand persons,Malta,2025-03,7,,
ESTAT:TEILM010(1.0),16/10/25 11:00:00,Monthly,"Seasonally adjusted data, not calendar adjusted data",Total,Males,Thousand persons,Malta,2025-04,6,,
ESTAT:TEILM010(1.0),16/10/25 11:00:00,Monthly,"Seasonally adjusted data, not calendar adjusted data",Total,Males,Thousand persons,Malta,2025-05,6,,
ESTAT:TEILM010(1.0),16/10/25 11:00:00,Monthly,"Seasonally adjusted data, not calendar adjusted data",Total,Males,Thousand persons,Malta,2025-06,6,,
ESTAT:TEILM010(1.0),16/10/25 11:00:00,Monthly,"Seasonally adjusted data, not calendar adjusted data",Total,Males,Thousand persons,Malta,2025-07,6,,
ESTAT:TEILM010(1.0),16/10/25 11:00:00,Monthly,"Seasonally adjusted data, not calendar adjusted data",Total,Males,Thousand persons,Malta,2025-08,6,,
ESTAT:TEILM010(1.0),16/10/25 11:00:00,Monthly,"Seasonally adjusted data, not calendar adjusted data",Total,Males,Thousand persons,Netherlands,2024-10,187,,
ESTAT:TEILM010(1.0),16/10/25 11:00:00,Monthly,"Seasonally adjusted data, not calendar adjusted data",Total,Males,Thousand persons,Netherlands,2024-11,184,,
ESTAT:TEILM010(1.0),16/10/25 11:00:00,Monthly,"Seasonally adjusted data, not calendar adjusted data",Total,Males,Thousand persons,Netherlands,2024-12,185,,
ESTAT:TEILM010(1.0),16/10/25 11:00:00,Monthly,"Seasonally adjusted data, not calendar adjusted data",Total,Males,Thousand persons,Netherlands,2025-01,194,,
ESTAT:TEILM010(1.0),16/10/25 11:00:00,Monthly,"Seasonally adjusted data, not calendar adjusted data",Total,Males,Thousand persons,Netherlands,2025-02,198,,
ESTAT:TEILM010(1.0),16/10/25 11:00:00,Monthly,"Seasonally adjusted data, not calendar adjusted data",Total,Males,Thousand persons,Netherlands,2025-03,199,,
ESTAT:TEILM010(1.0),16/10/25 11:00:00,Monthly,"Seasonally adjusted data, not calendar adjusted data",Total,Males,Thousand persons,Netherlands,2025-04,194,,
ESTAT:TEILM010(1.0),16/10/25 11:00:00,Monthly,"Seasonally adjusted data, not calendar adjusted data",Total,Males,Thousand persons,Netherlands,2025-05,196,,
ESTAT:TEILM010(1.0),16/10/25 11:00:00,Monthly,"Seasonally adjusted data, not calendar adjusted data",Total,Males,Thousand persons,Netherlands,2025-06,198,,
ESTAT:TEILM010(1.0),16/10/25 11:00:00,Monthly,"Seasonally adjusted data, not calendar adjusted data",Total,Males,Thousand persons,Netherlands,2025-07,200,,
ESTAT:TEILM010(1.0),16/10/25 11:00:00,Monthly,"Seasonally adjusted data, not calendar adjusted data",Total,Males,Thousand persons,Netherlands,2025-08,206,,
ESTAT:TEILM010(1.0),16/10/25 11:00:00,Monthly,"Seasonally adjusted data, not calendar adjusted data",Total,Males,Thousand persons,Netherlands,2025-09,206,,
ESTAT:TEILM010(1.0),16/10/25 11:00:00,Monthly,"Seasonally adjusted data, not calendar adjusted data",Total,Males,Thousand persons,Norway,2024-10,67,,
ESTAT:TEILM010(1.0),16/10/25 11:00:00,Monthly,"Seasonally adjusted data, not calendar adjusted data",Total,Males,Thousand persons,Norway,2024-11,61,,
ESTAT:TEILM010(1.0),16/10/25 11:00:00,Monthly,"Seasonally adjusted data, not calendar adjusted data",Total,Males,Thousand persons,Norway,2024-12,69,,
ESTAT:TEILM010(1.0),16/10/25 11:00:00,Monthly,"Seasonally adjusted data, not calendar adjusted data",Total,Males,Thousand persons,Norway,2025-01,63,,
ESTAT:TEILM010(1.0),16/10/25 11:00:00,Monthly,"Seasonally adjusted data, not calendar adjusted data",Total,Males,Thousand persons,Norway,2025-02,68,,
ESTAT:TEILM010(1.0),16/10/25 11:00:00,Monthly,"Seasonally adjusted data, not calendar adjusted data",Total,Males,Thousand persons,Norway,2025-03,74,,
ESTAT:TEILM010(1.0),16/10/25 11:00:00,Monthly,"Seasonally adjusted data, not calendar adjusted data",Total,Males,Thousand persons,Norway,2025-04,75,,
ESTAT:TEILM010(1.0),16/10/25 11:00:00,Monthly,"Seasonally adjusted data, not calendar adjusted data",Total,Males,Thousand persons,Norway,2025-05,79,,
ESTAT:TEILM010(1.0),16/10/25 11:00:00,Monthly,"Seasonally adjusted data, not calendar adjusted data",Total,Males,Thousand persons,Norway,2025-06,95,,
ESTAT:TEILM010(1.0),16/10/25 11:00:00,Monthly,"Seasonally adjusted data, not calendar adjusted data",Total,Males,Thousand persons,Norway,2025-07,77,,
ESTAT:TEILM010(1.0),16/10/25 11:00:00,Monthly,"Seasonally adjusted data, not calendar adjusted data",Total,Males,Thousand persons,Norway,2025-08,86,,
ESTAT:TEILM010(1.0),16/10/25 11:00:00,Monthly,"Seasonally adjusted data, not calendar adjusted data",Total,Males,Thousand persons,Poland,2024-10,245,,
ESTAT:TEILM010(1.0),16/10/25 11:00:00,Monthly,"Seasonally adjusted data, not calendar adjusted data",Total,Males,Thousand persons,Poland,2024-11,244,,
ESTAT:TEILM010(1.0),16/10/25 11:00:00,Monthly,"Seasonally adjusted data, not calendar adjusted data",Total,Males,Thousand persons,Poland,2024-12,251,,
ESTAT:TEILM010(1.0),16/10/25 11:00:00,Monthly,"Seasonally adjusted data, not calendar adjusted data",Total,Males,Thousand persons,Poland,2025-01,267,,
ESTAT:TEILM010(1.0),16/10/25 11:00:00,Monthly,"Seasonally adjusted data, not calendar adjusted data",Total,Males,Thousand persons,Poland,2025-02,277,,
ESTAT:TEILM010(1.0),16/10/25 11:00:00,Monthly,"Seasonally adjusted data, not calendar adjusted data",Total,Males,Thousand persons,Poland,2025-03,280,,
ESTAT:TEILM010(1.0),16/10/25 11:00:00,Monthly,"Seasonally adjusted data, not calendar adjusted data",Total,Males,Thousand persons,Poland,2025-04,273,,
ESTAT:TEILM010(1.0),16/10/25 11:00:00,Monthly,"Seasonally adjusted data, not calendar adjusted data",Total,Males,Thousand persons,Poland,2025-05,266,,
ESTAT:TEILM010(1.0),16/10/25 11:00:00,Monthly,"Seasonally adjusted data, not calendar adjusted data",Total,Males,Thousand persons,Poland,2025-06,264,,
ESTAT:TEILM010(1.0),16/10/25 11:00:00,Monthly,"Seasonally adjusted data, not calendar adjusted data",Total,Males,Thousand persons,Poland,2025-07,266,,
ESTAT:TEILM010(1.0),16/10/25 11:00:00,Monthly,"Seasonally adjusted data, not calendar adjusted data",Total,Males,Thousand persons,Poland,2025-08,271,,
ESTAT:TEILM010(1.0),16/10/25 11:00:00,Monthly,"Seasonally adjusted data, not calendar adjusted data",Total,Males,Thousand persons,Portugal,2024-10,171,,
ESTAT:TEILM010(1.0),16/10/25 11:00:00,Monthly,"Seasonally adjusted data, not calendar adjusted data",Total,Males,Thousand persons,Portugal,2024-11,174,,
ESTAT:TEILM010(1.0),16/10/25 11:00:00,Monthly,"Seasonally adjusted data, not calendar adjusted data",Total,Males,Thousand persons,Portugal,2024-12,172,,
ESTAT:TEILM010(1.0),16/10/25 11:00:00,Monthly,"Seasonally adjusted data, not calendar adjusted data",Total,Males,Thousand persons,Portugal,2025-01,170,,
ESTAT:TEILM010(1.0),16/10/25 11:00:00,Monthly,"Seasonally adjusted data, not calendar adjusted data",Total,Males,Thousand persons,Portugal,2025-02,166,,
ESTAT:TEILM010(1.0),16/10/25 11:00:00,Monthly,"Seasonally adjusted data, not calendar adjusted data",Total,Males,Thousand persons,Portugal,2025-03,162,,
ESTAT:TEILM010(1.0),16/10/25 11:00:00,Monthly,"Seasonally adjusted data, not calendar adjusted data",Total,Males,Thousand persons,Portugal,2025-04,159,,
ESTAT:TEILM010(1.0),16/10/25 11:00:00,Monthly,"Seasonally adjusted data, not calendar adjusted data",Total,Males,Thousand persons,Portugal,2025-05,158,,
ESTAT:TEILM010(1.0),16/10/25 11:00:00,Monthly,"Seasonally adjusted data, not calendar adjusted data",Total,Males,Thousand persons,Portugal,2025-06,157,,
ESTAT:TEILM010(1.0),16/10/25 11:00:00,Monthly,"Seasonally adjusted data, not calendar adjusted data",Total,Males,Thousand persons,Portugal,2025-07,158,,
ESTAT:TEILM010(1.0),16/10/25 11:00:00,Monthly,"Seasonally adjusted data, not calendar adjusted data",Total,Males,Thousand persons,Portugal,2025-08,165,,
ESTAT:TEILM010(1.0),16/10/25 11:00:00,Monthly,"Seasonally adjusted data, not calendar adjusted data",Total,Males,Thousand persons,Romania,2024-10,277,,
ESTAT:TEILM010(1.0),16/10/25 11:00:00,Monthly,"Seasonally adjusted data, not calendar adjusted data",Total,Males,Thousand persons,Romania,2024-11,269,,
ESTAT:TEILM010(1.0),16/10/25 11:00:00,Monthly,"Seasonally adjusted data, not calendar adjusted data",Total,Males,Thousand persons,Romania,2024-12,277,,
ESTAT:TEILM010(1.0),16/10/25 11:00:00,Monthly,"Seasonally adjusted data, not calendar adjusted data",Total,Males,Thousand persons,Romania,2025-01,277,,
ESTAT:TEILM010(1.0),16/10/25 11:00:00,Monthly,"Seasonally adjusted data, not calendar adjusted data",Total,Males,Thousand persons,Romania,2025-02,278,,
ESTAT:TEILM010(1.0),16/10/25 11:00:00,Monthly,"Seasonally adjusted data, not calendar adjusted data",Total,Males,Thousand persons,Romania,2025-03,276,,
ESTAT:TEILM010(1.0),16/10/25 11:00:00,Monthly,"Seasonally adjusted data, not calendar adjusted data",Total,Males,Thousand persons,Romania,2025-04,282,,
ESTAT:TEILM010(1.0),16/10/25 11:00:00,Monthly,"Seasonally adjusted data, not calendar adjusted data",Total,Males,Thousand persons,Romania,2025-05,281,,
ESTAT:TEILM010(1.0),16/10/25 11:00:00,Monthly,"Seasonally adjusted data, not calendar adjusted data",Total,Males,Thousand persons,Romania,2025-06,280,,
ESTAT:TEILM010(1.0),16/10/25 11:00:00,Monthly,"Seasonally adjusted data, not calendar adjusted data",Total,Males,Thousand persons,Romania,2025-07,280,,
ESTAT:TEILM010(1.0),16/10/25 11:00:00,Monthly,"Seasonally adjusted data, not calendar adjusted data",Total,Males,Thousand persons,Romania,2025-08,290,,
ESTAT:TEILM010(1.0),16/10/25 11:00:00,Monthly,"Seasonally adjusted data, not calendar adjusted data",Total,Males,Thousand persons,Sweden,2024-10,241,,
ESTAT:TEILM010(1.0),16/10/25 11:00:00,Monthly,"Seasonally adjusted data, not calendar adjusted data",Total,Males,Thousand persons,Sweden,2024-11,242,,
ESTAT:TEILM010(1.0),16/10/25 11:00:00,Monthly,"Seasonally adjusted data, not calendar adjusted data",Total,Males,Thousand persons,Sweden,2024-12,248,,
ESTAT:TEILM010(1.0),16/10/25 11:00:00,Monthly,"Seasonally adjusted data, not calendar adjusted data",Total,Males,Thousand persons,Sweden,2025-01,284,,
ESTAT:TEILM010(1.0),16/10/25 11:00:00,Monthly,"Seasonally adjusted data, not calendar adjusted data",Total,Males,Thousand persons,Sweden,2025-02,264,,
ESTAT:TEILM010(1.0),16/10/25 11:00:00,Monthly,"Seasonally adjusted data, not calendar adjusted data",Total,Males,Thousand persons,Sweden,2025-03,236,,
ESTAT:TEILM010(1.0),16/10/25 11:00:00,Monthly,"Seasonally adjusted data, not calendar adjusted data",Total,Males,Thousand persons,Sweden,2025-04,255,,
ESTAT:TEILM010(1.0),16/10/25 11:00:00,Monthly,"Seasonally adjusted data, not calendar adjusted data",Total,Males,Thousand persons,Sweden,2025-05,249,,
ESTAT:TEILM010(1.0),16/10/25 11:00:00,Monthly,"Seasonally adjusted data, not calendar adjusted data",Total,Males,Thousand persons,Sweden,2025-06,272,,
ESTAT:TEILM010(1.0),16/10/25 11:00:00,Monthly,"Seasonally adjusted data, not calendar adjusted data",Total,Males,Thousand persons,Sweden,2025-07,273,,
ESTAT:TEILM010(1.0),16/10/25 11:00:00,Monthly,"Seasonally adjusted data, not calendar adjusted data",Total,Males,Thousand persons,Sweden,2025-08,257,,
ESTAT:TEILM010(1.0),16/10/25 11:00:00,Monthly,"Seasonally adjusted data, not calendar adjusted data",Total,Males,Thousand persons,Slovenia,2024-10,20,,
ESTAT:TEILM010(1.0),16/10/25 11:00:00,Monthly,"Seasonally adjusted data, not calendar adjusted data",Total,Males,Thousand persons,Slovenia,2024-11,18,,
ESTAT:TEILM010(1.0),16/10/25 11:00:00,Monthly,"Seasonally adjusted data, not calendar adjusted data",Total,Males,Thousand persons,Slovenia,2024-12,17,,
ESTAT:TEILM010(1.0),16/10/25 11:00:00,Monthly,"Seasonally adjusted data, not calendar adjusted data",Total,Males,Thousand persons,Slovenia,2025-01,19,,
ESTAT:TEILM010(1.0),16/10/25 11:00:00,Monthly,"Seasonally adjusted data, not calendar adjusted data",Total,Males,Thousand persons,Slovenia,2025-02,20,,
ESTAT:TEILM010(1.0),16/10/25 11:00:00,Monthly,"Seasonally adjusted data, not calendar adjusted data",Total,Males,Thousand persons,Slovenia,2025-03,21,,
ESTAT:TEILM010(1.0),16/10/25 11:00:00,Monthly,"Seasonally adjusted data, not calendar adjusted data",Total,Males,Thousand persons,Slovenia,2025-04,20,,
ESTAT:TEILM010(1.0),16/10/25 11:00:00,Monthly,"Seasonally adjusted data, not calendar adjusted data",Total,Males,Thousand persons,Slovenia,2025-05,19,,
ESTAT:TEILM010(1.0),16/10/25 11:00:00,Monthly,"Seasonally adjusted data, not calendar adjusted data",Total,Males,Thousand persons,Slovenia,2025-06,18,,
ESTAT:TEILM010(1.0),16/10/25 11:00:00,Monthly,"Seasonally adjusted data, not calendar adjusted data",Total,Males,Thousand persons,Slovenia,2025-07,16,,
ESTAT:TEILM010(1.0),16/10/25 11:00:00,Monthly,"Seasonally adjusted data, not calendar adjusted data",Total,Males,Thousand persons,Slovenia,2025-08,16,,
ESTAT:TEILM010(1.0),16/10/25 11:00:00,Monthly,"Seasonally adjusted data, not calendar adjusted data",Total,Males,Thousand persons,Slovakia,2024-10,69,,
ESTAT:TEILM010(1.0),16/10/25 11:00:00,Monthly,"Seasonally adjusted data, not calendar adjusted data",Total,Males,Thousand persons,Slovakia,2024-11,69,,
ESTAT:TEILM010(1.0),16/10/25 11:00:00,Monthly,"Seasonally adjusted data, not calendar adjusted data",Total,Males,Thousand persons,Slovakia,2024-12,69,,
ESTAT:TEILM010(1.0),16/10/25 11:00:00,Monthly,"Seasonally adjusted data, not calendar adjusted data",Total,Males,Thousand persons,Slovakia,2025-01,70,,
ESTAT:TEILM010(1.0),16/10/25 11:00:00,Monthly,"Seasonally adjusted data, not calendar adjusted data",Total,Males,Thousand persons,Slovakia,2025-02,71,,
ESTAT:TEILM010(1.0),16/10/25 11:00:00,Monthly,"Seasonally adjusted data, not calendar adjusted data",Total,Males,Thousand persons,Slovakia,2025-03,72,,
ESTAT:TEILM010(1.0),16/10/25 11:00:00,Monthly,"Seasonally adjusted data, not calendar adjusted data",Total,Males,Thousand persons,Slovakia,2025-04,73,,
ESTAT:TEILM010(1.0),16/10/25 11:00:00,Monthly,"Seasonally adjusted data, not calendar adjusted data",Total,Males,Thousand persons,Slovakia,2025-05,74,,
ESTAT:TEILM010(1.0),16/10/25 11:00:00,Monthly,"Seasonally adjusted data, not calendar adjusted data",Total,Males,Thousand persons,Slovakia,2025-06,75,,
ESTAT:TEILM010(1.0),16/10/25 11:00:00,Monthly,"Seasonally adjusted data, not calendar adjusted data",Total,Males,Thousand persons,Slovakia,2025-07,75,,
ESTAT:TEILM010(1.0),16/10/25 11:00:00,Monthly,"Seasonally adjusted data, not calendar adjusted data",Total,Males,Thousand persons,Slovakia,2025-08,76,,
ESTAT:TEILM010(1.0),16/10/25 11:00:00,Monthly,"Seasonally adjusted data, not calendar adjusted data",Total,Males,Thousand persons,Türkiye,2024-10,1661,,
ESTAT:TEILM010(1.0),16/10/25 11:00:00,Monthly,"Seasonally adjusted data, not calendar adjusted data",Total,Males,Thousand persons,Türkiye,2024-11,1637,,
ESTAT:TEILM010(1.0),16/10/25 11:00:00,Monthly,"Seasonally adjusted data, not calendar adjusted data",Total,Males,Thousand persons,Türkiye,2024-12,1634,,
ESTAT:TEILM010(1.0),16/10/25 11:00:00,Monthly,"Seasonally adjusted data, not calendar adjusted data",Total,Males,Thousand persons,Türkiye,2025-01,1539,,
ESTAT:TEILM010(1.0),16/10/25 11:00:00,Monthly,"Seasonally adjusted data, not calendar adjusted data",Total,Males,Thousand persons,Türkiye,2025-02,1571,,
ESTAT:TEILM010(1.0),16/10/25 11:00:00,Monthly,"Seasonally adjusted data, not calendar adjusted data",Total,Males,Thousand persons,Türkiye,2025-03,1552,,
ESTAT:TEILM010(1.0),16/10/25 11:00:00,Monthly,"Seasonally adjusted data, not calendar adjusted data",Total,Males,Thousand persons,Türkiye,2025-04,1626,,
ESTAT:TEILM010(1.0),16/10/25 11:00:00,Monthly,"Seasonally adjusted data, not calendar adjusted data",Total,Males,Thousand persons,Türkiye,2025-05,1522,,
ESTAT:TEILM010(1.0),16/10/25 11:00:00,Monthly,"Seasonally adjusted data, not calendar adjusted data",Total,Males,Thousand persons,Türkiye,2025-06,1621,,
ESTAT:TEILM010(1.0),16/10/25 11:00:00,Monthly,"Seasonally adjusted data, not calendar adjusted data",Total,Males,Thousand persons,Türkiye,2025-07,1497,,
ESTAT:TEILM010(1.0),16/10/25 11:00:00,Monthly,"Seasonally adjusted data, not calendar adjusted data",Total,Males,Thousand persons,United States,2024-10,3794,,
ESTAT:TEILM010(1.0),16/10/25 11:00:00,Monthly,"Seasonally adjusted data, not calendar adjusted data",Total,Males,Thousand persons,United States,2024-11,3885,,
ESTAT:TEILM010(1.0),16/10/25 11:00:00,Monthly,"Seasonally adjusted data, not calendar adjusted data",Total,Males,Thousand persons,United States,2024-12,3697,,
ESTAT:TEILM010(1.0),16/10/25 11:00:00,Monthly,"Seasonally adjusted data, not calendar adjusted data",Total,Males,Thousand persons,United States,2025-01,3714,,
ESTAT:TEILM010(1.0),16/10/25 11:00:00,Monthly,"Seasonally adjusted data, not calendar adjusted data",Total,Males,Thousand persons,United States,2025-02,3823,,
ESTAT:TEILM010(1.0),16/10/25 11:00:00,Monthly,"Seasonally adjusted data, not calendar adjusted data",Total,Males,Thousand persons,United States,2025-03,3790,,
ESTAT:TEILM010(1.0),16/10/25 11:00:00,Monthly,"Seasonally adjusted data, not calendar adjusted data",Total,Males,Thousand persons,United States,2025-04,3997,,
ESTAT:TEILM010(1.0),16/10/25 11:00:00,Monthly,"Seasonally adjusted data, not calendar adjusted data",Total,Males,Thousand persons,United States,2025-05,3875,,
ESTAT:TEILM010(1.0),16/10/25 11:00:00,Monthly,"Seasonally adjusted data, not calendar adjusted data",Total,Males,Thousand persons,United States,2025-06,3856,,
ESTAT:TEILM010(1.0),16/10/25 11:00:00,Monthly,"Seasonally adjusted data, not calendar adjusted data",Total,Males,Thousand persons,United States,2025-07,3945,,
ESTAT:TEILM010(1.0),16/10/25 11:00:00,Monthly,"Seasonally adjusted data, not calendar adjusted data",Total,Males,Thousand persons,United States,2025-08,3996,,
ESTAT:TEILM010(1.0),16/10/25 11:00:00,Monthly,"Seasonally adjusted data, not calendar adjusted data",Total,Total,Thousand persons,Austria,2024-10,265,,
ESTAT:TEILM010(1.0),16/10/25 11:00:00,Monthly,"Seasonally adjusted data, not calendar adjusted data",Total,Total,Thousand persons,Austria,2024-11,240,,
ESTAT:TEILM010(1.0),16/10/25 11:00:00,Monthly,"Seasonally adjusted data, not calendar adjusted data",Total,Total,Thousand persons,Austria,2024-12,257,,
ESTAT:TEILM010(1.0),16/10/25 11:00:00,Monthly,"Seasonally adjusted data, not calendar adjusted data",Total,Total,Thousand persons,Austria,2025-01,260,,
ESTAT:TEILM010(1.0),16/10/25 11:00:00,Monthly,"Seasonally adjusted data, not calendar adjusted data",Total,Total,Thousand persons,Austria,2025-02,247,,
ESTAT:TEILM010(1.0),16/10/25 11:00:00,Monthly,"Seasonally adjusted data, not calendar adjusted data",Total,Total,Thousand persons,Austria,2025-03,267,,
ESTAT:TEILM010(1.0),16/10/25 11:00:00,Monthly,"Seasonally adjusted data, not calendar adjusted data",Total,Total,Thousand persons,Austria,2025-04,266,,
ESTAT:TEILM010(1.0),16/10/25 11:00:00,Monthly,"Seasonally adjusted data, not calendar adjusted data",Total,Total,Thousand persons,Austria,2025-05,263,,
ESTAT:TEILM010(1.0),16/10/25 11:00:00,Monthly,"Seasonally adjusted data, not calendar adjusted data",Total,Total,Thousand persons,Austria,2025-06,282,,
ESTAT:TEILM010(1.0),16/10/25 11:00:00,Monthly,"Seasonally adjusted data, not calendar adjusted data",Total,Total,Thousand persons,Austria,2025-07,259,,
ESTAT:TEILM010(1.0),16/10/25 11:00:00,Monthly,"Seasonally adjusted data, not calendar adjusted data",Total,Total,Thousand persons,Austria,2025-08,276,,
ESTAT:TEILM010(1.0),16/10/25 11:00:00,Monthly,"Seasonally adjusted data, not calendar adjusted data",Total,Total,Thousand persons,Bosnia and Herzegovina,2024-10,177,,
ESTAT:TEILM010(1.0),16/10/25 11:00:00,Monthly,"Seasonally adjusted data, not calendar adjusted data",Total,Total,Thousand persons,Bosnia and Herzegovina,2024-11,178,,
ESTAT:TEILM010(1.0),16/10/25 11:00:00,Monthly,"Seasonally adjusted data, not calendar adjusted data",Total,Total,Thousand persons,Bosnia and Herzegovina,2024-12,177,,
ESTAT:TEILM010(1.0),16/10/25 11:00:00,Monthly,"Seasonally adjusted data, not calendar adjusted data",Total,Total,Thousand persons,Bosnia and Herzegovina,2025-01,177,,
ESTAT:TEILM010(1.0),16/10/25 11:00:00,Monthly,"Seasonally adjusted data, not calendar adjusted data",Total,Total,Thousand persons,Bosnia and Herzegovina,2025-02,178,,
ESTAT:TEILM010(1.0),16/10/25 11:00:00,Monthly,"Seasonally adjusted data, not calendar adjusted data",Total,Total,Thousand persons,Bosnia and Herzegovina,2025-03,178,,
ESTAT:TEILM010(1.0),16/10/25 11:00:00,Monthly,"Seasonally adjusted data, not calendar adjusted data",Total,Total,Thousand persons,Bosnia and Herzegovina,2025-04,176,,
ESTAT:TEILM010(1.0),16/10/25 11:00:00,Monthly,"Seasonally adjusted data, not calendar adjusted data",Total,Total,Thousand persons,Bosnia and Herzegovina,2025-05,175,,
ESTAT:TEILM010(1.0),16/10/25 11:00:00,Monthly,"Seasonally adjusted data, not calendar adjusted data",Total,Total,Thousand persons,Bosnia and Herzegovina,2025-06,176,,
ESTAT:TEILM010(1.0),16/10/25 11:00:00,Monthly,"Seasonally adjusted data, not calendar adjusted data",Total,Total,Thousand persons,Bosnia and Herzegovina,2025-07,176,,
ESTAT:TEILM010(1.0),16/10/25 11:00:00,Monthly,"Seasonally adjusted data, not calendar adjusted data",Total,Total,Thousand persons,Belgium,2024-10,314,,
ESTAT:TEILM010(1.0),16/10/25 11:00:00,Monthly,"Seasonally adjusted data, not calendar adjusted data",Total,Total,Thousand persons,Belgium,2024-11,319,,
ESTAT:TEILM010(1.0),16/10/25 11:00:00,Monthly,"Seasonally adjusted data, not calendar adjusted data",Total,Total,Thousand persons,Belgium,2024-12,328,,
ESTAT:TEILM010(1.0),16/10/25 11:00:00,Monthly,"Seasonally adjusted data, not calendar adjusted data",Total,Total,Thousand persons,Belgium,2025-01,331,,
ESTAT:TEILM010(1.0),16/10/25 11:00:00,Monthly,"Seasonally adjusted data, not calendar adjusted data",Total,Total,Thousand persons,Belgium,2025-02,339,,
ESTAT:TEILM010(1.0),16/10/25 11:00:00,Monthly,"Seasonally adjusted data, not calendar adjusted data",Total,Total,Thousand persons,Belgium,2025-03,337,,
ESTAT:TEILM010(1.0),16/10/25 11:00:00,Monthly,"Seasonally adjusted data, not calendar adjusted data",Total,Total,Thousand persons,Belgium,2025-04,334,,
ESTAT:TEILM010(1.0),16/10/25 11:00:00,Monthly,"Seasonally adjusted data, not calendar adjusted data",Total,Total,Thousand persons,Belgium,2025-05,332,,
ESTAT:TEILM010(1.0),16/10/25 11:00:00,Monthly,"Seasonally adjusted data, not calendar adjusted data",Total,Total,Thousand persons,Belgium,2025-06,330,,
ESTAT:TEILM010(1.0),16/10/25 11:00:00,Monthly,"Seasonally adjusted data, not calendar adjusted data",Total,Total,Thousand persons,Belgium,2025-07,321,,
ESTAT:TEILM010(1.0),16/10/25 11:00:00,Monthly,"Seasonally adjusted data, not calendar adjusted data",Total,Total,Thousand persons,Belgium,2025-08,316,,
ESTAT:TEILM010(1.0),16/10/25 11:00:00,Monthly,"Seasonally adjusted data, not calendar adjusted data",Total,Total,Thousand persons,Bulgaria,2024-10,123,,
ESTAT:TEILM010(1.0),16/10/25 11:00:00,Monthly,"Seasonally adjusted data, not calendar adjusted data",Total,Total,Thousand persons,Bulgaria,2024-11,121,,
ESTAT:TEILM010(1.0),16/10/25 11:00:00,Monthly,"Seasonally adjusted data, not calendar adjusted data",Total,Total,Thousand persons,Bulgaria,2024-12,116,,
ESTAT:TEILM010(1.0),16/10/25 11:00:00,Monthly,"Seasonally adjusted data, not calendar adjusted data",Total,Total,Thousand persons,Bulgaria,2025-01,110,,
ESTAT:TEILM010(1.0),16/10/25 11:00:00,Monthly,"Seasonally adjusted data, not calendar adjusted data",Total,Total,Thousand persons,Bulgaria,2025-02,106,,
ESTAT:TEILM010(1.0),16/10/25 11:00:00,Monthly,"Seasonally adjusted data, not calendar adjusted data",Total,Total,Thousand persons,Bulgaria,2025-03,105,,
ESTAT:TEILM010(1.0),16/10/25 11:00:00,Monthly,"Seasonally adjusted data, not calendar adjusted data",Total,Total,Thousand persons,Bulgaria,2025-04,104,,
ESTAT:TEILM010(1.0),16/10/25 11:00:00,Monthly,"Seasonally adjusted data, not calendar adjusted data",Total,Total,Thousand persons,Bulgaria,2025-05,106,,
ESTAT:TEILM010(1.0),16/10/25 11:00:00,Monthly,"Seasonally adjusted data, not calendar adjusted data",Total,Total,Thousand persons,Bulgaria,2025-06,109,,
ESTAT:TEILM010(1.0),16/10/25 11:00:00,Monthly,"Seasonally adjusted data, not calendar adjusted data",Total,Total,Thousand persons,Bulgaria,2025-07,111,,
ESTAT:TEILM010(1.0),16/10/25 11:00:00,Monthly,"Seasonally adjusted data, not calendar adjusted data",Total,Total,Thousand persons,Bulgaria,2025-08,109,,
ESTAT:TEILM010(1.0),16/10/25 11:00:00,Monthly,"Seasonally adjusted data, not calendar adjusted data",Total,Total,Thousand persons,Switzerland,2024-10,232,,
ESTAT:TEILM010(1.0),16/10/25 11:00:00,Monthly,"Seasonally adjusted data, not calendar adjusted data",Total,Total,Thousand persons,Switzerland,2024-11,233,,
ESTAT:TEILM010(1.0),16/10/25 11:00:00,Monthly,"Seasonally adjusted data, not calendar adjusted data",Total,Total,Thousand persons,Switzerland,2024-12,232,,
ESTAT:TEILM010(1.0),16/10/25 11:00:00,Monthly,"Seasonally adjusted data, not calendar adjusted data",Total,Total,Thousand persons,Switzerland,2025-01,228,,
ESTAT:TEILM010(1.0),16/10/25 11:00:00,Monthly,"Seasonally adjusted data, not calendar adjusted data",Total,Total,Thousand persons,Switzerland,2025-02,227,,
ESTAT:TEILM010(1.0),16/10/25 11:00:00,Monthly,"Seasonally adjusted data, not calendar adjusted data",Total,Total,Thousand persons,Switzerland,2025-03,233,,
ESTAT:TEILM010(1.0),16/10/25 11:00:00,Monthly,"Seasonally adjusted data, not calendar adjusted data",Total,Total,Thousand persons,Switzerland,2025-04,246,,
ESTAT:TEILM010(1.0),16/10/25 11:00:00,Monthly,"Seasonally adjusted data, not calendar adjusted data",Total,Total,Thousand persons,Switzerland,2025-05,251,,
ESTAT:TEILM010(1.0),16/10/25 11:00:00,Monthly,"Seasonally adjusted data, not calendar adjusted data",Total,Total,Thousand persons,Switzerland,2025-06,249,,
ESTAT:TEILM010(1.0),16/10/25 11:00:00,Monthly,"Seasonally adjusted data, not calendar adjusted data",Total,Total,Thousand persons,Cyprus,2024-10,24,,
ESTAT:TEILM010(1.0),16/10/25 11:00:00,Monthly,"Seasonally adjusted data, not calendar adjusted data",Total,Total,Thousand persons,Cyprus,2024-11,24,,
ESTAT:TEILM010(1.0),16/10/25 11:00:00,Monthly,"Seasonally adjusted data, not calendar adjusted data",Total,Total,Thousand persons,Cyprus,2024-12,24,,
ESTAT:TEILM010(1.0),16/10/25 11:00:00,Monthly,"Seasonally adjusted data, not calendar adjusted data",Total,Total,Thousand persons,Cyprus,2025-01,24,,
ESTAT:TEILM010(1.0),16/10/25 11:00:00,Monthly,"Seasonally adjusted data, not calendar adjusted data",Total,Total,Thousand persons,Cyprus,2025-02,24,,
ESTAT:TEILM010(1.0),16/10/25 11:00:00,Monthly,"Seasonally adjusted data, not calendar adjusted data",Total,Total,Thousand persons,Cyprus,2025-03,24,,
ESTAT:TEILM010(1.0),16/10/25 11:00:00,Monthly,"Seasonally adjusted data, not calendar adjusted data",Total,Total,Thousand persons,Cyprus,2025-04,23,,
ESTAT:TEILM010(1.0),16/10/25 11:00:00,Monthly,"Seasonally adjusted data, not calendar adjusted data",Total,Total,Thousand persons,Cyprus,2025-05,24,,
ESTAT:TEILM010(1.0),16/10/25 11:00:00,Monthly,"Seasonally adjusted data, not calendar adjusted data",Total,Total,Thousand persons,Cyprus,2025-06,25,,
ESTAT:TEILM010(1.0),16/10/25 11:00:00,Monthly,"Seasonally adjusted data, not calendar adjusted data",Total,Total,Thousand persons,Cyprus,2025-07,27,,
ESTAT:TEILM010(1.0),16/10/25 11:00:00,Monthly,"Seasonally adjusted data, not calendar adjusted data",Total,Total,Thousand persons,Cyprus,2025-08,27,,
ESTAT:TEILM010(1.0),16/10/25 11:00:00,Monthly,"Seasonally adjusted data, not calendar adjusted data",Total,Total,Thousand persons,Czechia,2024-10,136,,
ESTAT:TEILM010(1.0),16/10/25 11:00:00,Monthly,"Seasonally adjusted data, not calendar adjusted data",Total,Total,Thousand persons,Czechia,2024-11,136,,
ESTAT:TEILM010(1.0),16/10/25 11:00:00,Monthly,"Seasonally adjusted data, not calendar adjusted data",Total,Total,Thousand persons,Czechia,2024-12,148,,
ESTAT:TEILM010(1.0),16/10/25 11:00:00,Monthly,"Seasonally adjusted data, not calendar adjusted data",Total,Total,Thousand persons,Czechia,2025-01,132,,
ESTAT:TEILM010(1.0),16/10/25 11:00:00,Monthly,"Seasonally adjusted data, not calendar adjusted data",Total,Total,Thousand persons,Czechia,2025-02,140,,
ESTAT:TEILM010(1.0),16/10/25 11:00:00,Monthly,"Seasonally adjusted data, not calendar adjusted data",Total,Total,Thousand persons,Czechia,2025-03,144,,
ESTAT:TEILM010(1.0),16/10/25 11:00:00,Monthly,"Seasonally adjusted data, not calendar adjusted data",Total,Total,Thousand persons,Czechia,2025-04,146,,
ESTAT:TEILM010(1.0),16/10/25 11:00:00,Monthly,"Seasonally adjusted data, not calendar adjusted data",Total,Total,Thousand persons,Czechia,2025-05,151,,
ESTAT:TEILM010(1.0),16/10/25 11:00:00,Monthly,"Seasonally adjusted data, not calendar adjusted data",Total,Total,Thousand persons,Czechia,2025-06,163,,
ESTAT:TEILM010(1.0),16/10/25 11:00:00,Monthly,"Seasonally adjusted data, not calendar adjusted data",Total,Total,Thousand persons,Czechia,2025-07,152,,
ESTAT:TEILM010(1.0),16/10/25 11:00:00,Monthly,"Seasonally adjusted data, not calendar adjusted data",Total,Total,Thousand persons,Czechia,2025-08,169,,
ESTAT:TEILM010(1.0),16/10/25 11:00:00,Monthly,"Seasonally adjusted data, not calendar adjusted data",Total,Total,Thousand persons,Germany,2024-10,1515,,
ESTAT:TEILM010(1.0),16/10/25 11:00:00,Monthly,"Seasonally adjusted data, not calendar adjusted data",Total,Total,Thousand persons,Germany,2024-11,1522,,
ESTAT:TEILM010(1.0),16/10/25 11:00:00,Monthly,"Seasonally adjusted data, not calendar adjusted data",Total,Total,Thousand persons,Germany,2024-12,1537,,
ESTAT:TEILM010(1.0),16/10/25 11:00:00,Monthly,"Seasonally adjusted data, not calendar adjusted data",Total,Total,Thousand persons,Germany,2025-01,1559,,
ESTAT:TEILM010(1.0),16/10/25 11:00:00,Monthly,"Seasonally adjusted data, not calendar adjusted data",Total,Total,Thousand persons,Germany,2025-02,1584,,
ESTAT:TEILM010(1.0),16/10/25 11:00:00,Monthly,"Seasonally adjusted data, not calendar adjusted data",Total,Total,Thousand persons,Germany,2025-03,1608,,
ESTAT:TEILM010(1.0),16/10/25 11:00:00,Monthly,"Seasonally adjusted data, not calendar adjusted data",Total,Total,Thousand persons,Germany,2025-04,1628,,
ESTAT:TEILM010(1.0),16/10/25 11:00:00,Monthly,"Seasonally adjusted data, not calendar adjusted data",Total,Total,Thousand persons,Germany,2025-05,1642,,
ESTAT:TEILM010(1.0),16/10/25 11:00:00,Monthly,"Seasonally adjusted data, not calendar adjusted data",Total,Total,Thousand persons,Germany,2025-06,1650,,
ESTAT:TEILM010(1.0),16/10/25 11:00:00,Monthly,"Seasonally adjusted data, not calendar adjusted data",Total,Total,Thousand persons,Germany,2025-07,1654,,
ESTAT:TEILM010(1.0),16/10/25 11:00:00,Monthly,"Seasonally adjusted data, not calendar adjusted data",Total,Total,Thousand persons,Germany,2025-08,1657,,
ESTAT:TEILM010(1.0),16/10/25 11:00:00,Monthly,"Seasonally adjusted data, not calendar adjusted data",Total,Total,Thousand persons,Denmark,2024-10,193,,
ESTAT:TEILM010(1.0),16/10/25 11:00:00,Monthly,"Seasonally adjusted data, not calendar adjusted data",Total,Total,Thousand persons,Denmark,2024-11,220,,
ESTAT:TEILM010(1.0),16/10/25 11:00:00,Monthly,"Seasonally adjusted data, not calendar adjusted data",Total,Total,Thousand persons,Denmark,2024-12,231,,
ESTAT:TEILM010(1.0),16/10/25 11:00:00,Monthly,"Seasonally adjusted data, not calendar adjusted data",Total,Total,Thousand persons,Denmark,2025-01,222,,
ESTAT:TEILM010(1.0),16/10/25 11:00:00,Monthly,"Seasonally adjusted data, not calendar adjusted data",Total,Total,Thousand persons,Denmark,2025-02,182,,
ESTAT:TEILM010(1.0),16/10/25 11:00:00,Monthly,"Seasonally adjusted data, not calendar adjusted data",Total,Total,Thousand persons,Denmark,2025-03,227,,
ESTAT:TEILM010(1.0),16/10/25 11:00:00,Monthly,"Seasonally adjusted data, not calendar adjusted data",Total,Total,Thousand persons,Denmark,2025-04,228,,
ESTAT:TEILM010(1.0),16/10/25 11:00:00,Monthly,"Seasonally adjusted data, not calendar adjusted data",Total,Total,Thousand persons,Denmark,2025-05,172,,
ESTAT:TEILM010(1.0),16/10/25 11:00:00,Monthly,"Seasonally adjusted data, not calendar adjusted data",Total,Total,Thousand persons,Denmark,2025-06,220,,
ESTAT:TEILM010(1.0),16/10/25 11:00:00,Monthly,"Seasonally adjusted data, not calendar adjusted data",Total,Total,Thousand persons,Denmark,2025-07,214,,
ESTAT:TEILM010(1.0),16/10/25 11:00:00,Monthly,"Seasonally adjusted data, not calendar adjusted data",Total,Total,Thousand persons,Denmark,2025-08,209,,
ESTAT:TEILM010(1.0),16/10/25 11:00:00,Monthly,"Seasonally adjusted data, not calendar adjusted data",Total,Total,Thousand persons,Euro area – 20 countries (from 2023),2024-10,10738,,
ESTAT:TEILM010(1.0),16/10/25 11:00:00,Monthly,"Seasonally adjusted data, not calendar adjusted data",Total,Total,Thousand persons,Euro area – 20 countries (from 2023),2024-11,10674,,
ESTAT:TEILM010(1.0),16/10/25 11:00:00,Monthly,"Seasonally adjusted data, not calendar adjusted data",Total,Total,Thousand persons,Euro area – 20 countries (from 2023),2024-12,10769,,
ESTAT:TEILM010(1.0),16/10/25 11:00:00,Monthly,"Seasonally adjusted data, not calendar adjusted data",Total,Total,Thousand persons,Euro area – 20 countries (from 2023),2025-01,10878,,
ESTAT:TEILM010(1.0),16/10/25 11:00:00,Monthly,"Seasonally adjusted data, not calendar adjusted data",Total,Total,Thousand persons,Euro area – 20 countries (from 2023),2025-02,10878,,
ESTAT:TEILM010(1.0),16/10/25 11:00:00,Monthly,"Seasonally adjusted data, not calendar adjusted data",Total,Total,Thousand persons,Euro area – 20 countries (from 2023),2025-03,11033,,
ESTAT:TEILM010(1.0),16/10/25 11:00:00,Monthly,"Seasonally adjusted data, not calendar adjusted data",Total,Total,Thousand persons,Euro area – 20 countries (from 2023),2025-04,10920,,
ESTAT:TEILM010(1.0),16/10/25 11:00:00,Monthly,"Seasonally adjusted data, not calendar adjusted data",Total,Total,Thousand persons,Euro area – 20 countries (from 2023),2025-05,11019,,
ESTAT:TEILM010(1.0),16/10/25 11:00:00,Monthly,"Seasonally adjusted data, not calendar adjusted data",Total,Total,Thousand persons,Euro area – 20 countries (from 2023),2025-06,10978,,
ESTAT:TEILM010(1.0),16/10/25 11:00:00,Monthly,"Seasonally adjusted data, not calendar adjusted data",Total,Total,Thousand persons,Euro area – 20 countries (from 2023),2025-07,10831,,
ESTAT:TEILM010(1.0),16/10/25 11:00:00,Monthly,"Seasonally adjusted data, not calendar adjusted data",Total,Total,Thousand persons,Euro area – 20 countries (from 2023),2025-08,10842,,
ESTAT:TEILM010(1.0),16/10/25 11:00:00,Monthly,"Seasonally adjusted data, not calendar adjusted data",Total,Total,Thousand persons,Estonia,2024-10,56,,
ESTAT:TEILM010(1.0),16/10/25 11:00:00,Monthly,"Seasonally adjusted data, not calendar adjusted data",Total,Total,Thousand persons,Estonia,2024-11,56,,
ESTAT:TEILM010(1.0),16/10/25 11:00:00,Monthly,"Seasonally adjusted data, not calendar adjusted data",Total,Total,Thousand persons,Estonia,2024-12,58,,
ESTAT:TEILM010(1.0),16/10/25 11:00:00,Monthly,"Seasonally adjusted data, not calendar adjusted data",Total,Total,Thousand persons,Estonia,2025-01,57,,
ESTAT:TEILM010(1.0),16/10/25 11:00:00,Monthly,"Seasonally adjusted data, not calendar adjusted data",Total,Total,Thousand persons,Estonia,2025-02,62,,
ESTAT:TEILM010(1.0),16/10/25 11:00:00,Monthly,"Seasonally adjusted data, not calendar adjusted data",Total,Total,Thousand persons,Estonia,2025-03,60,,
ESTAT:TEILM010(1.0),16/10/25 11:00:00,Monthly,"Seasonally adjusted data, not calendar adjusted data",Total,Total,Thousand persons,Estonia,2025-04,59,,
ESTAT:TEILM010(1.0),16/10/25 11:00:00,Monthly,"Seasonally adjusted data, not calendar adjusted data",Total,Total,Thousand persons,Estonia,2025-05,58,,
ESTAT:TEILM010(1.0),16/10/25 11:00:00,Monthly,"Seasonally adjusted data, not calendar adjusted data",Total,Total,Thousand persons,Estonia,2025-06,56,,
ESTAT:TEILM010(1.0),16/10/25 11:00:00,Monthly,"Seasonally adjusted data, not calendar adjusted data",Total,Total,Thousand persons,Estonia,2025-07,61,,
ESTAT:TEILM010(1.0),16/10/25 11:00:00,Monthly,"Seasonally adjusted data, not calendar adjusted data",Total,Total,Thousand persons,Estonia,2025-08,62,,
ESTAT:TEILM010(1.0),16/10/25 11:00:00,Monthly,"Seasonally adjusted data, not calendar adjusted data",Total,Total,Thousand persons,Greece,2024-10,469,,
ESTAT:TEILM010(1.0),16/10/25 11:00:00,Monthly,"Seasonally adjusted data, not calendar adjusted data",Total,Total,Thousand persons,Greece,2024-11,460,,
ESTAT:TEILM010(1.0),16/10/25 11:00:00,Monthly,"Seasonally adjusted data, not calendar adjusted data",Total,Total,Thousand persons,Greece,2024-12,442,,
ESTAT:TEILM010(1.0),16/10/25 11:00:00,Monthly,"Seasonally adjusted data, not calendar adjusted data",Total,Total,Thousand persons,Greece,2025-01,459,,
ESTAT:TEILM010(1.0),16/10/25 11:00:00,Monthly,"Seasonally adjusted data, not calendar adjusted data",Total,Total,Thousand persons,Greece,2025-02,436,,
ESTAT:TEILM010(1.0),16/10/25 11:00:00,Monthly,"Seasonally adjusted data, not calendar adjusted data",Total,Total,Thousand persons,Greece,2025-03,447,,
ESTAT:TEILM010(1.0),16/10/25 11:00:00,Monthly,"Seasonally adjusted data, not calendar adjusted data",Total,Total,Thousand persons,Greece,2025-04,421,,
ESTAT:TEILM010(1.0),16/10/25 11:00:00,Monthly,"Seasonally adjusted data, not calendar adjusted data",Total,Total,Thousand persons,Greece,2025-05,405,,
ESTAT:TEILM010(1.0),16/10/25 11:00:00,Monthly,"Seasonally adjusted data, not calendar adjusted data",Total,Total,Thousand persons,Greece,2025-06,432,,
ESTAT:TEILM010(1.0),16/10/25 11:00:00,Monthly,"Seasonally adjusted data, not calendar adjusted data",Total,Total,Thousand persons,Greece,2025-07,395,,
ESTAT:TEILM010(1.0),16/10/25 11:00:00,Monthly,"Seasonally adjusted data, not calendar adjusted data",Total,Total,Thousand persons,Greece,2025-08,384,,
ESTAT:TEILM010(1.0),16/10/25 11:00:00,Monthly,"Seasonally adjusted data, not calendar adjusted data",Total,Total,Thousand persons,Spain,2024-10,2656,,
ESTAT:TEILM010(1.0),16/10/25 11:00:00,Monthly,"Seasonally adjusted data, not calendar adjusted data",Total,Total,Thousand persons,Spain,2024-11,2632,,
ESTAT:TEILM010(1.0),16/10/25 11:00:00,Monthly,"Seasonally adjusted data, not calendar adjusted data",Total,Total,Thousand persons,Spain,2024-12,2643,,
ESTAT:TEILM010(1.0),16/10/25 11:00:00,Monthly,"Seasonally adjusted data, not calendar adjusted data",Total,Total,Thousand persons,Spain,2025-01,2658,,
ESTAT:TEILM010(1.0),16/10/25 11:00:00,Monthly,"Seasonally adjusted data, not calendar adjusted data",Total,Total,Thousand persons,Spain,2025-02,2666,,
ESTAT:TEILM010(1.0),16/10/25 11:00:00,Monthly,"Seasonally adjusted data, not calendar adjusted data",Total,Total,Thousand persons,Spain,2025-03,2675,,
ESTAT:TEILM010(1.0),16/10/25 11:00:00,Monthly,"Seasonally adjusted data, not calendar adjusted data",Total,Total,Thousand persons,Spain,2025-04,2641,,
ESTAT:TEILM010(1.0),16/10/25 11:00:00,Monthly,"Seasonally adjusted data, not calendar adjusted data",Total,Total,Thousand persons,Spain,2025-05,2625,,
ESTAT:TEILM010(1.0),16/10/25 11:00:00,Monthly,"Seasonally adjusted data, not calendar adjusted data",Total,Total,Thousand persons,Spain,2025-06,2597,,
ESTAT:TEILM010(1.0),16/10/25 11:00:00,Monthly,"Seasonally adjusted data, not calendar adjusted data",Total,Total,Thousand persons,Spain,2025-07,2586,,
ESTAT:TEILM010(1.0),16/10/25 11:00:00,Monthly,"Seasonally adjusted data, not calendar adjusted data",Total,Total,Thousand persons,Spain,2025-08,2573,,
ESTAT:TEILM010(1.0),16/10/25 11:00:00,Monthly,"Seasonally adjusted data, not calendar adjusted data",Total,Total,Thousand persons,European Union - 27 countries (from 2020),2024-10,12857,,
ESTAT:TEILM010(1.0),16/10/25 11:00:00,Monthly,"Seasonally adjusted data, not calendar adjusted data",Total,Total,Thousand persons,European Union - 27 countries (from 2020),2024-11,12799,,
ESTAT:TEILM010(1.0),16/10/25 11:00:00,Monthly,"Seasonally adjusted data, not calendar adjusted data",Total,Total,Thousand persons,European Union - 27 countries (from 2020),2024-12,12934,,
ESTAT:TEILM010(1.0),16/10/25 11:00:00,Monthly,"Seasonally adjusted data, not calendar adjusted data",Total,Total,Thousand persons,European Union - 27 countries (from 2020),2025-01,13118,,
ESTAT:TEILM010(1.0),16/10/25 11:00:00,Monthly,"Seasonally adjusted data, not calendar adjusted data",Total,Total,Thousand persons,European Union - 27 countries (from 2020),2025-02,13062,,
ESTAT:TEILM010(1.0),16/10/25 11:00:00,Monthly,"Seasonally adjusted data, not calendar adjusted data",Total,Total,Thousand persons,European Union - 27 countries (from 2020),2025-03,13226,,
ESTAT:TEILM010(1.0),16/10/25 11:00:00,Monthly,"Seasonally adjusted data, not calendar adjusted data",Total,Total,Thousand persons,European Union - 27 countries (from 2020),2025-04,13134,,
ESTAT:TEILM010(1.0),16/10/25 11:00:00,Monthly,"Seasonally adjusted data, not calendar adjusted data",Total,Total,Thousand persons,European Union - 27 countries (from 2020),2025-05,13213,,
ESTAT:TEILM010(1.0),16/10/25 11:00:00,Monthly,"Seasonally adjusted data, not calendar adjusted data",Total,Total,Thousand persons,European Union - 27 countries (from 2020),2025-06,13192,,
ESTAT:TEILM010(1.0),16/10/25 11:00:00,Monthly,"Seasonally adjusted data, not calendar adjusted data",Total,Total,Thousand persons,European Union - 27 countries (from 2020),2025-07,13050,,
ESTAT:TEILM010(1.0),16/10/25 11:00:00,Monthly,"Seasonally adjusted data, not calendar adjusted data",Total,Total,Thousand persons,European Union - 27 countries (from 2020),2025-08,13089,,
ESTAT:TEILM010(1.0),16/10/25 11:00:00,Monthly,"Seasonally adjusted data, not calendar adjusted data",Total,Total,Thousand persons,Finland,2024-10,253,,
ESTAT:TEILM010(1.0),16/10/25 11:00:00,Monthly,"Seasonally adjusted data, not calendar adjusted data",Total,Total,Thousand persons,Finland,2024-11,254,,
ESTAT:TEILM010(1.0),16/10/25 11:00:00,Monthly,"Seasonally adjusted data, not calendar adjusted data",Total,Total,Thousand persons,Finland,2024-12,246,,
ESTAT:TEILM010(1.0),16/10/25 11:00:00,Monthly,"Seasonally adjusted data, not calendar adjusted data",Total,Total,Thousand persons,Finland,2025-01,257,,
ESTAT:TEILM010(1.0),16/10/25 11:00:00,Monthly,"Seasonally adjusted data, not calendar adjusted data",Total,Total,Thousand persons,Finland,2025-02,262,,
ESTAT:TEILM010(1.0),16/10/25 11:00:00,Monthly,"Seasonally adjusted data, not calendar adjusted data",Total,Total,Thousand persons,Finland,2025-03,272,,
ESTAT:TEILM010(1.0),16/10/25 11:00:00,Monthly,"Seasonally adjusted data, not calendar adjusted data",Total,Total,Thousand persons,Finland,2025-04,261,,
ESTAT:TEILM010(1.0),16/10/25 11:00:00,Monthly,"Seasonally adjusted data, not calendar adjusted data",Total,Total,Thousand persons,Finland,2025-05,251,,
ESTAT:TEILM010(1.0),16/10/25 11:00:00,Monthly,"Seasonally adjusted data, not calendar adjusted data",Total,Total,Thousand persons,Finland,2025-06,286,,
ESTAT:TEILM010(1.0),16/10/25 11:00:00,Monthly,"Seasonally adjusted data, not calendar adjusted data",Total,Total,Thousand persons,Finland,2025-07,284,,
ESTAT:TEILM010(1.0),16/10/25 11:00:00,Monthly,"Seasonally adjusted data, not calendar adjusted data",Total,Total,Thousand persons,Finland,2025-08,289,,
ESTAT:TEILM010(1.0),16/10/25 11:00:00,Monthly,"Seasonally adjusted data, not calendar adjusted data",Total,Total,Thousand persons,France,2024-10,2303,,
ESTAT:TEILM010(1.0),16/10/25 11:00:00,Monthly,"Seasonally adjusted data, not calendar adjusted data",Total,Total,Thousand persons,France,2024-11,2293,,
ESTAT:TEILM010(1.0),16/10/25 11:00:00,Monthly,"Seasonally adjusted data, not calendar adjusted data",Total,Total,Thousand persons,France,2024-12,2277,,
ESTAT:TEILM010(1.0),16/10/25 11:00:00,Monthly,"Seasonally adjusted data, not calendar adjusted data",Total,Total,Thousand persons,France,2025-01,2288,,
ESTAT:TEILM010(1.0),16/10/25 11:00:00,Monthly,"Seasonally adjusted data, not calendar adjusted data",Total,Total,Thousand persons,France,2025-02,2361,,
ESTAT:TEILM010(1.0),16/10/25 11:00:00,Monthly,"Seasonally adjusted data, not calendar adjusted data",Total,Total,Thousand persons,France,2025-03,2391,,
ESTAT:TEILM010(1.0),16/10/25 11:00:00,Monthly,"Seasonally adjusted data, not calendar adjusted data",Total,Total,Thousand persons,France,2025-04,2382,,
ESTAT:TEILM010(1.0),16/10/25 11:00:00,Monthly,"Seasonally adjusted data, not calendar adjusted data",Total,Total,Thousand persons,France,2025-05,2404,,
ESTAT:TEILM010(1.0),16/10/25 11:00:00,Monthly,"Seasonally adjusted data, not calendar adjusted data",Total,Total,Thousand persons,France,2025-06,2391,,
ESTAT:TEILM010(1.0),16/10/25 11:00:00,Monthly,"Seasonally adjusted data, not calendar adjusted data",Total,Total,Thousand persons,France,2025-07,2390,,
ESTAT:TEILM010(1.0),16/10/25 11:00:00,Monthly,"Seasonally adjusted data, not calendar adjusted data",Total,Total,Thousand persons,France,2025-08,2384,,
ESTAT:TEILM010(1.0),16/10/25 11:00:00,Monthly,"Seasonally adjusted data, not calendar adjusted data",Total,Total,Thousand persons,Croatia,2024-10,87,,
ESTAT:TEILM010(1.0),16/10/25 11:00:00,Monthly,"Seasonally adjusted data, not calendar adjusted data",Total,Total,Thousand persons,Croatia,2024-11,88,,
ESTAT:TEILM010(1.0),16/10/25 11:00:00,Monthly,"Seasonally adjusted data, not calendar adjusted data",Total,Total,Thousand persons,Croatia,2024-12,87,,
ESTAT:TEILM010(1.0),16/10/25 11:00:00,Monthly,"Seasonally adjusted data, not calendar adjusted data",Total,Total,Thousand persons,Croatia,2025-01,87,,
ESTAT:TEILM010(1.0),16/10/25 11:00:00,Monthly,"Seasonally adjusted data, not calendar adjusted data",Total,Total,Thousand persons,Croatia,2025-02,87,,
ESTAT:TEILM010(1.0),16/10/25 11:00:00,Monthly,"Seasonally adjusted data, not calendar adjusted data",Total,Total,Thousand persons,Croatia,2025-03,86,,
ESTAT:TEILM010(1.0),16/10/25 11:00:00,Monthly,"Seasonally adjusted data, not calendar adjusted data",Total,Total,Thousand persons,Croatia,2025-04,84,,
ESTAT:TEILM010(1.0),16/10/25 11:00:00,Monthly,"Seasonally adjusted data, not calendar adjusted data",Total,Total,Thousand persons,Croatia,2025-05,84,,
ESTAT:TEILM010(1.0),16/10/25 11:00:00,Monthly,"Seasonally adjusted data, not calendar adjusted data",Total,Total,Thousand persons,Croatia,2025-06,83,,
ESTAT:TEILM010(1.0),16/10/25 11:00:00,Monthly,"Seasonally adjusted data, not calendar adjusted data",Total,Total,Thousand persons,Croatia,2025-07,82,,
ESTAT:TEILM010(1.0),16/10/25 11:00:00,Monthly,"Seasonally adjusted data, not calendar adjusted data",Total,Total,Thousand persons,Croatia,2025-08,82,,
ESTAT:TEILM010(1.0),16/10/25 11:00:00,Monthly,"Seasonally adjusted data, not calendar adjusted data",Total,Total,Thousand persons,Hungary,2024-10,222,,
ESTAT:TEILM010(1.0),16/10/25 11:00:00,Monthly,"Seasonally adjusted data, not calendar adjusted data",Total,Total,Thousand persons,Hungary,2024-11,223,,
ESTAT:TEILM010(1.0),16/10/25 11:00:00,Monthly,"Seasonally adjusted data, not calendar adjusted data",Total,Total,Thousand persons,Hungary,2024-12,215,,
ESTAT:TEILM010(1.0),16/10/25 11:00:00,Monthly,"Seasonally adjusted data, not calendar adjusted data",Total,Total,Thousand persons,Hungary,2025-01,210,,
ESTAT:TEILM010(1.0),16/10/25 11:00:00,Monthly,"Seasonally adjusted data, not calendar adjusted data",Total,Total,Thousand persons,Hungary,2025-02,212,,
ESTAT:TEILM010(1.0),16/10/25 11:00:00,Monthly,"Seasonally adjusted data, not calendar adjusted data",Total,Total,Thousand persons,Hungary,2025-03,207,,
ESTAT:TEILM010(1.0),16/10/25 11:00:00,Monthly,"Seasonally adjusted data, not calendar adjusted data",Total,Total,Thousand persons,Hungary,2025-04,212,,
ESTAT:TEILM010(1.0),16/10/25 11:00:00,Monthly,"Seasonally adjusted data, not calendar adjusted data",Total,Total,Thousand persons,Hungary,2025-05,211,,
ESTAT:TEILM010(1.0),16/10/25 11:00:00,Monthly,"Seasonally adjusted data, not calendar adjusted data",Total,Total,Thousand persons,Hungary,2025-06,215,,
ESTAT:TEILM010(1.0),16/10/25 11:00:00,Monthly,"Seasonally adjusted data, not calendar adjusted data",Total,Total,Thousand persons,Hungary,2025-07,212,,
ESTAT:TEILM010(1.0),16/10/25 11:00:00,Monthly,"Seasonally adjusted data, not calendar adjusted data",Total,Total,Thousand persons,Hungary,2025-08,211,,
ESTAT:TEILM010(1.0),16/10/25 11:00:00,Monthly,"Seasonally adjusted data, not calendar adjusted data",Total,Total,Thousand persons,Ireland,2024-10,122,,
ESTAT:TEILM010(1.0),16/10/25 11:00:00,Monthly,"Seasonally adjusted data, not calendar adjusted data",Total,Total,Thousand persons,Ireland,2024-11,121,,
ESTAT:TEILM010(1.0),16/10/25 11:00:00,Monthly,"Seasonally adjusted data, not calendar adjusted data",Total,Total,Thousand persons,Ireland,2024-12,129,,
ESTAT:TEILM010(1.0),16/10/25 11:00:00,Monthly,"Seasonally adjusted data, not calendar adjusted data",Total,Total,Thousand persons,Ireland,2025-01,129,,
ESTAT:TEILM010(1.0),16/10/25 11:00:00,Monthly,"Seasonally adjusted data, not calendar adjusted data",Total,Total,Thousand persons,Ireland,2025-02,129,,
ESTAT:TEILM010(1.0),16/10/25 11:00:00,Monthly,"Seasonally adjusted data, not calendar adjusted data",Total,Total,Thousand persons,Ireland,2025-03,132,,
ESTAT:TEILM010(1.0),16/10/25 11:00:00,Monthly,"Seasonally adjusted data, not calendar adjusted data",Total,Total,Thousand persons,Ireland,2025-04,134,,
ESTAT:TEILM010(1.0),16/10/25 11:00:00,Monthly,"Seasonally adjusted data, not calendar adjusted data",Total,Total,Thousand persons,Ireland,2025-05,134,,
ESTAT:TEILM010(1.0),16/10/25 11:00:00,Monthly,"Seasonally adjusted data, not calendar adjusted data",Total,Total,Thousand persons,Ireland,2025-06,134,,
ESTAT:TEILM010(1.0),16/10/25 11:00:00,Monthly,"Seasonally adjusted data, not calendar adjusted data",Total,Total,Thousand persons,Ireland,2025-07,143,,
ESTAT:TEILM010(1.0),16/10/25 11:00:00,Monthly,"Seasonally adjusted data, not calendar adjusted data",Total,Total,Thousand persons,Ireland,2025-08,139,,
ESTAT:TEILM010(1.0),16/10/25 11:00:00,Monthly,"Seasonally adjusted data, not calendar adjusted data",Total,Total,Thousand persons,Ireland,2025-09,138,,
ESTAT:TEILM010(1.0),16/10/25 11:00:00,Monthly,"Seasonally adjusted data, not calendar adjusted data",Total,Total,Thousand persons,Iceland,2024-10,8,,
ESTAT:TEILM010(1.0),16/10/25 11:00:00,Monthly,"Seasonally adjusted data, not calendar adjusted data",Total,Total,Thousand persons,Iceland,2024-11,8,,
ESTAT:TEILM010(1.0),16/10/25 11:00:00,Monthly,"Seasonally adjusted data, not calendar adjusted data",Total,Total,Thousand persons,Iceland,2024-12,8,,
ESTAT:TEILM010(1.0),16/10/25 11:00:00,Monthly,"Seasonally adjusted data, not calendar adjusted data",Total,Total,Thousand persons,Iceland,2025-01,9,,
ESTAT:TEILM010(1.0),16/10/25 11:00:00,Monthly,"Seasonally adjusted data, not calendar adjusted data",Total,Total,Thousand persons,Iceland,2025-02,9,,
ESTAT:TEILM010(1.0),16/10/25 11:00:00,Monthly,"Seasonally adjusted data, not calendar adjusted data",Total,Total,Thousand persons,Iceland,2025-03,9,,
ESTAT:TEILM010(1.0),16/10/25 11:00:00,Monthly,"Seasonally adjusted data, not calendar adjusted data",Total,Total,Thousand persons,Iceland,2025-04,9,,
ESTAT:TEILM010(1.0),16/10/25 11:00:00,Monthly,"Seasonally adjusted data, not calendar adjusted data",Total,Total,Thousand persons,Iceland,2025-05,9,,
ESTAT:TEILM010(1.0),16/10/25 11:00:00,Monthly,"Seasonally adjusted data, not calendar adjusted data",Total,Total,Thousand persons,Iceland,2025-06,9,,
ESTAT:TEILM010(1.0),16/10/25 11:00:00,Monthly,"Seasonally adjusted data, not calendar adjusted data",Total,Total,Thousand persons,Iceland,2025-07,9,,
ESTAT:TEILM010(1.0),16/10/25 11:00:00,Monthly,"Seasonally adjusted data, not calendar adjusted data",Total,Total,Thousand persons,Iceland,2025-08,9,,
ESTAT:TEILM010(1.0),16/10/25 11:00:00,Monthly,"Seasonally adjusted data, not calendar adjusted data",Total,Total,Thousand persons,Italy,2024-10,1549,,
ESTAT:TEILM010(1.0),16/10/25 11:00:00,Monthly,"Seasonally adjusted data, not calendar adjusted data",Total,Total,Thousand persons,Italy,2024-11,1549,,
ESTAT:TEILM010(1.0),16/10/25 11:00:00,Monthly,"Seasonally adjusted data, not calendar adjusted data",Total,Total,Thousand persons,Italy,2024-12,1637,,
ESTAT:TEILM010(1.0),16/10/25 11:00:00,Monthly,"Seasonally adjusted data, not calendar adjusted data",Total,Total,Thousand persons,Italy,2025-01,1647,,
ESTAT:TEILM010(1.0),16/10/25 11:00:00,Monthly,"Seasonally adjusted data, not calendar adjusted data",Total,Total,Thousand persons,Italy,2025-02,1556,,
ESTAT:TEILM010(1.0),16/10/25 11:00:00,Monthly,"Seasonally adjusted data, not calendar adjusted data",Total,Total,Thousand persons,Italy,2025-03,1607,,
ESTAT:TEILM010(1.0),16/10/25 11:00:00,Monthly,"Seasonally adjusted data, not calendar adjusted data",Total,Total,Thousand persons,Italy,2025-04,1562,,
ESTAT:TEILM010(1.0),16/10/25 11:00:00,Monthly,"Seasonally adjusted data, not calendar adjusted data",Total,Total,Thousand persons,Italy,2025-05,1677,,
ESTAT:TEILM010(1.0),16/10/25 11:00:00,Monthly,"Seasonally adjusted data, not calendar adjusted data",Total,Total,Thousand persons,Italy,2025-06,1601,,
ESTAT:TEILM010(1.0),16/10/25 11:00:00,Monthly,"Seasonally adjusted data, not calendar adjusted data",Total,Total,Thousand persons,Italy,2025-07,1524,,
ESTAT:TEILM010(1.0),16/10/25 11:00:00,Monthly,"Seasonally adjusted data, not calendar adjusted data",Total,Total,Thousand persons,Italy,2025-08,1531,,
ESTAT:TEILM010(1.0),16/10/25 11:00:00,Monthly,"Seasonally adjusted data, not calendar adjusted data",Total,Total,Thousand persons,Japan,2024-10,1730,,
ESTAT:TEILM010(1.0),16/10/25 11:00:00,Monthly,"Seasonally adjusted data, not calendar adjusted data",Total,Total,Thousand persons,Japan,2024-11,1730,,
ESTAT:TEILM010(1.0),16/10/25 11:00:00,Monthly,"Seasonally adjusted data, not calendar adjusted data",Total,Total,Thousand persons,Japan,2024-12,1720,,
ESTAT:TEILM010(1.0),16/10/25 11:00:00,Monthly,"Seasonally adjusted data, not calendar adjusted data",Total,Total,Thousand persons,Japan,2025-01,1740,,
ESTAT:TEILM010(1.0),16/10/25 11:00:00,Monthly,"Seasonally adjusted data, not calendar adjusted data",Total,Total,Thousand persons,Japan,2025-02,1680,,
ESTAT:TEILM010(1.0),16/10/25 11:00:00,Monthly,"Seasonally adjusted data, not calendar adjusted data",Total,Total,Thousand persons,Japan,2025-03,1720,,
ESTAT:TEILM010(1.0),16/10/25 11:00:00,Monthly,"Seasonally adjusted data, not calendar adjusted data",Total,Total,Thousand persons,Japan,2025-04,1760,,
ESTAT:TEILM010(1.0),16/10/25 11:00:00,Monthly,"Seasonally adjusted data, not calendar adjusted data",Total,Total,Thousand persons,Japan,2025-05,1710,,
ESTAT:TEILM010(1.0),16/10/25 11:00:00,Monthly,"Seasonally adjusted data, not calendar adjusted data",Total,Total,Thousand persons,Japan,2025-06,1710,,
ESTAT:TEILM010(1.0),16/10/25 11:00:00,Monthly,"Seasonally adjusted data, not calendar adjusted data",Total,Total,Thousand persons,Japan,2025-07,1650,,
ESTAT:TEILM010(1.0),16/10/25 11:00:00,Monthly,"Seasonally adjusted data, not calendar adjusted data",Total,Total,Thousand persons,Japan,2025-08,1800,,
ESTAT:TEILM010(1.0),16/10/25 11:00:00,Monthly,"Seasonally adjusted data, not calendar adjusted data",Total,Total,Thousand persons,Lithuania,2024-10,107,,
ESTAT:TEILM010(1.0),16/10/25 11:00:00,Monthly,"Seasonally adjusted data, not calendar adjusted data",Total,Total,Thousand persons,Lithuania,2024-11,102,,
ESTAT:TEILM010(1.0),16/10/25 11:00:00,Monthly,"Seasonally adjusted data, not calendar adjusted data",Total,Total,Thousand persons,Lithuania,2024-12,99,,
ESTAT:TEILM010(1.0),16/10/25 11:00:00,Monthly,"Seasonally adjusted data, not calendar adjusted data",Total,Total,Thousand persons,Lithuania,2025-01,102,,
ESTAT:TEILM010(1.0),16/10/25 11:00:00,Monthly,"Seasonally adjusted data, not calendar adjusted data",Total,Total,Thousand persons,Lithuania,2025-02,100,,
ESTAT:TEILM010(1.0),16/10/25 11:00:00,Monthly,"Seasonally adjusted data, not calendar adjusted data",Total,Total,Thousand persons,Lithuania,2025-03,98,,
ESTAT:TEILM010(1.0),16/10/25 11:00:00,Monthly,"Seasonally adjusted data, not calendar adjusted data",Total,Total,Thousand persons,Lithuania,2025-04,109,,
ESTAT:TEILM010(1.0),16/10/25 11:00:00,Monthly,"Seasonally adjusted data, not calendar adjusted data",Total,Total,Thousand persons,Lithuania,2025-05,111,,
ESTAT:TEILM010(1.0),16/10/25 11:00:00,Monthly,"Seasonally adjusted data, not calendar adjusted data",Total,Total,Thousand persons,Lithuania,2025-06,111,,
ESTAT:TEILM010(1.0),16/10/25 11:00:00,Monthly,"Seasonally adjusted data, not calendar adjusted data",Total,Total,Thousand persons,Lithuania,2025-07,111,,
ESTAT:TEILM010(1.0),16/10/25 11:00:00,Monthly,"Seasonally adjusted data, not calendar adjusted data",Total,Total,Thousand persons,Lithuania,2025-08,110,,
ESTAT:TEILM010(1.0),16/10/25 11:00:00,Monthly,"Seasonally adjusted data, not calendar adjusted data",Total,Total,Thousand persons,Luxembourg,2024-10,23,,
ESTAT:TEILM010(1.0),16/10/25 11:00:00,Monthly,"Seasonally adjusted data, not calendar adjusted data",Total,Total,Thousand persons,Luxembourg,2024-11,23,,
ESTAT:TEILM010(1.0),16/10/25 11:00:00,Monthly,"Seasonally adjusted data, not calendar adjusted data",Total,Total,Thousand persons,Luxembourg,2024-12,23,,
ESTAT:TEILM010(1.0),16/10/25 11:00:00,Monthly,"Seasonally adjusted data, not calendar adjusted data",Total,Total,Thousand persons,Luxembourg,2025-01,23,,
ESTAT:TEILM010(1.0),16/10/25 11:00:00,Monthly,"Seasonally adjusted data, not calendar adjusted data",Total,Total,Thousand persons,Luxembourg,2025-02,23,,
ESTAT:TEILM010(1.0),16/10/25 11:00:00,Monthly,"Seasonally adjusted data, not calendar adjusted data",Total,Total,Thousand persons,Luxembourg,2025-03,23,,
ESTAT:TEILM010(1.0),16/10/25 11:00:00,Monthly,"Seasonally adjusted data, not calendar adjusted data",Total,Total,Thousand persons,Luxembourg,2025-04,23,,
ESTAT:TEILM010(1.0),16/10/25 11:00:00,Monthly,"Seasonally adjusted data, not calendar adjusted data",Total,Total,Thousand persons,Luxembourg,2025-05,24,,
ESTAT:TEILM010(1.0),16/10/25 11:00:00,Monthly,"Seasonally adjusted data, not calendar adjusted data",Total,Total,Thousand persons,Luxembourg,2025-06,23,,
ESTAT:TEILM010(1.0),16/10/25 11:00:00,Monthly,"Seasonally adjusted data, not calendar adjusted data",Total,Total,Thousand persons,Luxembourg,2025-07,23,,
ESTAT:TEILM010(1.0),16/10/25 11:00:00,Monthly,"Seasonally adjusted data, not calendar adjusted data",Total,Total,Thousand persons,Luxembourg,2025-08,23,,
ESTAT:TEILM010(1.0),16/10/25 11:00:00,Monthly,"Seasonally adjusted data, not calendar adjusted data",Total,Total,Thousand persons,Latvia,2024-10,65,,
ESTAT:TEILM010(1.0),16/10/25 11:00:00,Monthly,"Seasonally adjusted data, not calendar adjusted data",Total,Total,Thousand persons,Latvia,2024-11,65,,
ESTAT:TEILM010(1.0),16/10/25 11:00:00,Monthly,"Seasonally adjusted data, not calendar adjusted data",Total,Total,Thousand persons,Latvia,2024-12,66,,
ESTAT:TEILM010(1.0),16/10/25 11:00:00,Monthly,"Seasonally adjusted data, not calendar adjusted data",Total,Total,Thousand persons,Latvia,2025-01,67,,
ESTAT:TEILM010(1.0),16/10/25 11:00:00,Monthly,"Seasonally adjusted data, not calendar adjusted data",Total,Total,Thousand persons,Latvia,2025-02,67,,
ESTAT:TEILM010(1.0),16/10/25 11:00:00,Monthly,"Seasonally adjusted data, not calendar adjusted data",Total,Total,Thousand persons,Latvia,2025-03,66,,
ESTAT:TEILM010(1.0),16/10/25 11:00:00,Monthly,"Seasonally adjusted data, not calendar adjusted data",Total,Total,Thousand persons,Latvia,2025-04,64,,
ESTAT:TEILM010(1.0),16/10/25 11:00:00,Monthly,"Seasonally adjusted data, not calendar adjusted data",Total,Total,Thousand persons,Latvia,2025-05,63,,
ESTAT:TEILM010(1.0),16/10/25 11:00:00,Monthly,"Seasonally adjusted data, not calendar adjusted data",Total,Total,Thousand persons,Latvia,2025-06,63,,
ESTAT:TEILM010(1.0),16/10/25 11:00:00,Monthly,"Seasonally adjusted data, not calendar adjusted data",Total,Total,Thousand persons,Latvia,2025-07,62,,
ESTAT:TEILM010(1.0),16/10/25 11:00:00,Monthly,"Seasonally adjusted data, not calendar adjusted data",Total,Total,Thousand persons,Latvia,2025-08,62,,
ESTAT:TEILM010(1.0),16/10/25 11:00:00,Monthly,"Seasonally adjusted data, not calendar adjusted data",Total,Total,Thousand persons,Malta,2024-10,10,,
ESTAT:TEILM010(1.0),16/10/25 11:00:00,Monthly,"Seasonally adjusted data, not calendar adjusted data",Total,Total,Thousand persons,Malta,2024-11,10,,
ESTAT:TEILM010(1.0),16/10/25 11:00:00,Monthly,"Seasonally adjusted data, not calendar adjusted data",Total,Total,Thousand persons,Malta,2024-12,11,,
ESTAT:TEILM010(1.0),16/10/25 11:00:00,Monthly,"Seasonally adjusted data, not calendar adjusted data",Total,Total,Thousand persons,Malta,2025-01,11,,
ESTAT:TEILM010(1.0),16/10/25 11:00:00,Monthly,"Seasonally adjusted data, not calendar adjusted data",Total,Total,Thousand persons,Malta,2025-02,11,,
ESTAT:TEILM010(1.0),16/10/25 11:00:00,Monthly,"Seasonally adjusted data, not calendar adjusted data",Total,Total,Thousand persons,Malta,2025-03,11,,
ESTAT:TEILM010(1.0),16/10/25 11:00:00,Monthly,"Seasonally adjusted data, not calendar adjusted data",Total,Total,Thousand persons,Malta,2025-04,10,,
ESTAT:TEILM010(1.0),16/10/25 11:00:00,Monthly,"Seasonally adjusted data, not calendar adjusted data",Total,Total,Thousand persons,Malta,2025-05,10,,
ESTAT:TEILM010(1.0),16/10/25 11:00:00,Monthly,"Seasonally adjusted data, not calendar adjusted data",Total,Total,Thousand persons,Malta,2025-06,10,,
ESTAT:TEILM010(1.0),16/10/25 11:00:00,Monthly,"Seasonally adjusted data, not calendar adjusted data",Total,Total,Thousand persons,Malta,2025-07,10,,
ESTAT:TEILM010(1.0),16/10/25 11:00:00,Monthly,"Seasonally adjusted data, not calendar adjusted data",Total,Total,Thousand persons,Malta,2025-08,10,,
ESTAT:TEILM010(1.0),16/10/25 11:00:00,Monthly,"Seasonally adjusted data, not calendar adjusted data",Total,Total,Thousand persons,Netherlands,2024-10,376,,
ESTAT:TEILM010(1.0),16/10/25 11:00:00,Monthly,"Seasonally adjusted data, not calendar adjusted data",Total,Total,Thousand persons,Netherlands,2024-11,372,,
ESTAT:TEILM010(1.0),16/10/25 11:00:00,Monthly,"Seasonally adjusted data, not calendar adjusted data",Total,Total,Thousand persons,Netherlands,2024-12,373,,
ESTAT:TEILM010(1.0),16/10/25 11:00:00,Monthly,"Seasonally adjusted data, not calendar adjusted data",Total,Total,Thousand persons,Netherlands,2025-01,386,,
ESTAT:TEILM010(1.0),16/10/25 11:00:00,Monthly,"Seasonally adjusted data, not calendar adjusted data",Total,Total,Thousand persons,Netherlands,2025-02,392,,
ESTAT:TEILM010(1.0),16/10/25 11:00:00,Monthly,"Seasonally adjusted data, not calendar adjusted data",Total,Total,Thousand persons,Netherlands,2025-03,395,,
ESTAT:TEILM010(1.0),16/10/25 11:00:00,Monthly,"Seasonally adjusted data, not calendar adjusted data",Total,Total,Thousand persons,Netherlands,2025-04,387,,
ESTAT:TEILM010(1.0),16/10/25 11:00:00,Monthly,"Seasonally adjusted data, not calendar adjusted data",Total,Total,Thousand persons,Netherlands,2025-05,385,,
ESTAT:TEILM010(1.0),16/10/25 11:00:00,Monthly,"Seasonally adjusted data, not calendar adjusted data",Total,Total,Thousand persons,Netherlands,2025-06,386,,
ESTAT:TEILM010(1.0),16/10/25 11:00:00,Monthly,"Seasonally adjusted data, not calendar adjusted data",Total,Total,Thousand persons,Netherlands,2025-07,388,,
ESTAT:TEILM010(1.0),16/10/25 11:00:00,Monthly,"Seasonally adjusted data, not calendar adjusted data",Total,Total,Thousand persons,Netherlands,2025-08,401,,
ESTAT:TEILM010(1.0),16/10/25 11:00:00,Monthly,"Seasonally adjusted data, not calendar adjusted data",Total,Total,Thousand persons,Netherlands,2025-09,409,,
ESTAT:TEILM010(1.0),16/10/25 11:00:00,Monthly,"Seasonally adjusted data, not calendar adjusted data",Total,Total,Thousand persons,Norway,2024-10,123,,
ESTAT:TEILM010(1.0),16/10/25 11:00:00,Monthly,"Seasonally adjusted data, not calendar adjusted data",Total,Total,Thousand persons,Norway,2024-11,112,,
ESTAT:TEILM010(1.0),16/10/25 11:00:00,Monthly,"Seasonally adjusted data, not calendar adjusted data",Total,Total,Thousand persons,Norway,2024-12,127,,
ESTAT:TEILM010(1.0),16/10/25 11:00:00,Monthly,"Seasonally adjusted data, not calendar adjusted data",Total,Total,Thousand persons,Norway,2025-01,115,,
ESTAT:TEILM010(1.0),16/10/25 11:00:00,Monthly,"Seasonally adjusted data, not calendar adjusted data",Total,Total,Thousand persons,Norway,2025-02,123,,
ESTAT:TEILM010(1.0),16/10/25 11:00:00,Monthly,"Seasonally adjusted data, not calendar adjusted data",Total,Total,Thousand persons,Norway,2025-03,135,,
ESTAT:TEILM010(1.0),16/10/25 11:00:00,Monthly,"Seasonally adjusted data, not calendar adjusted data",Total,Total,Thousand persons,Norway,2025-04,135,,
ESTAT:TEILM010(1.0),16/10/25 11:00:00,Monthly,"Seasonally adjusted data, not calendar adjusted data",Total,Total,Thousand persons,Norway,2025-05,141,,
ESTAT:TEILM010(1.0),16/10/25 11:00:00,Monthly,"Seasonally adjusted data, not calendar adjusted data",Total,Total,Thousand persons,Norway,2025-06,168,,
ESTAT:TEILM010(1.0),16/10/25 11:00:00,Monthly,"Seasonally adjusted data, not calendar adjusted data",Total,Total,Thousand persons,Norway,2025-07,136,,
ESTAT:TEILM010(1.0),16/10/25 11:00:00,Monthly,"Seasonally adjusted data, not calendar adjusted data",Total,Total,Thousand persons,Norway,2025-08,152,,
ESTAT:TEILM010(1.0),16/10/25 11:00:00,Monthly,"Seasonally adjusted data, not calendar adjusted data",Total,Total,Thousand persons,Poland,2024-10,503,,
ESTAT:TEILM010(1.0),16/10/25 11:00:00,Monthly,"Seasonally adjusted data, not calendar adjusted data",Total,Total,Thousand persons,Poland,2024-11,494,,
ESTAT:TEILM010(1.0),16/10/25 11:00:00,Monthly,"Seasonally adjusted data, not calendar adjusted data",Total,Total,Thousand persons,Poland,2024-12,501,,
ESTAT:TEILM010(1.0),16/10/25 11:00:00,Monthly,"Seasonally adjusted data, not calendar adjusted data",Total,Total,Thousand persons,Poland,2025-01,528,,
ESTAT:TEILM010(1.0),16/10/25 11:00:00,Monthly,"Seasonally adjusted data, not calendar adjusted data",Total,Total,Thousand persons,Poland,2025-02,547,,
ESTAT:TEILM010(1.0),16/10/25 11:00:00,Monthly,"Seasonally adjusted data, not calendar adjusted data",Total,Total,Thousand persons,Poland,2025-03,553,,
ESTAT:TEILM010(1.0),16/10/25 11:00:00,Monthly,"Seasonally adjusted data, not calendar adjusted data",Total,Total,Thousand persons,Poland,2025-04,542,,
ESTAT:TEILM010(1.0),16/10/25 11:00:00,Monthly,"Seasonally adjusted data, not calendar adjusted data",Total,Total,Thousand persons,Poland,2025-05,536,,
ESTAT:TEILM010(1.0),16/10/25 11:00:00,Monthly,"Seasonally adjusted data, not calendar adjusted data",Total,Total,Thousand persons,Poland,2025-06,541,,
ESTAT:TEILM010(1.0),16/10/25 11:00:00,Monthly,"Seasonally adjusted data, not calendar adjusted data",Total,Total,Thousand persons,Poland,2025-07,551,,
ESTAT:TEILM010(1.0),16/10/25 11:00:00,Monthly,"Seasonally adjusted data, not calendar adjusted data",Total,Total,Thousand persons,Poland,2025-08,561,,
ESTAT:TEILM010(1.0),16/10/25 11:00:00,Monthly,"Seasonally adjusted data, not calendar adjusted data",Total,Total,Thousand persons,Portugal,2024-10,359,,
ESTAT:TEILM010(1.0),16/10/25 11:00:00,Monthly,"Seasonally adjusted data, not calendar adjusted data",Total,Total,Thousand persons,Portugal,2024-11,359,,
ESTAT:TEILM010(1.0),16/10/25 11:00:00,Monthly,"Seasonally adjusted data, not calendar adjusted data",Total,Total,Thousand persons,Portugal,2024-12,350,,
ESTAT:TEILM010(1.0),16/10/25 11:00:00,Monthly,"Seasonally adjusted data, not calendar adjusted data",Total,Total,Thousand persons,Portugal,2025-01,349,,
ESTAT:TEILM010(1.0),16/10/25 11:00:00,Monthly,"Seasonally adjusted data, not calendar adjusted data",Total,Total,Thousand persons,Portugal,2025-02,347,,
ESTAT:TEILM010(1.0),16/10/25 11:00:00,Monthly,"Seasonally adjusted data, not calendar adjusted data",Total,Total,Thousand persons,Portugal,2025-03,349,,
ESTAT:TEILM010(1.0),16/10/25 11:00:00,Monthly,"Seasonally adjusted data, not calendar adjusted data",Total,Total,Thousand persons,Portugal,2025-04,348,,
ESTAT:TEILM010(1.0),16/10/25 11:00:00,Monthly,"Seasonally adjusted data, not calendar adjusted data",Total,Total,Thousand persons,Portugal,2025-05,347,,
ESTAT:TEILM010(1.0),16/10/25 11:00:00,Monthly,"Seasonally adjusted data, not calendar adjusted data",Total,Total,Thousand persons,Portugal,2025-06,340,,
ESTAT:TEILM010(1.0),16/10/25 11:00:00,Monthly,"Seasonally adjusted data, not calendar adjusted data",Total,Total,Thousand persons,Portugal,2025-07,334,,
ESTAT:TEILM010(1.0),16/10/25 11:00:00,Monthly,"Seasonally adjusted data, not calendar adjusted data",Total,Total,Thousand persons,Portugal,2025-08,341,,
ESTAT:TEILM010(1.0),16/10/25 11:00:00,Monthly,"Seasonally adjusted data, not calendar adjusted data",Total,Total,Thousand persons,Romania,2024-10,464,,
ESTAT:TEILM010(1.0),16/10/25 11:00:00,Monthly,"Seasonally adjusted data, not calendar adjusted data",Total,Total,Thousand persons,Romania,2024-11,455,,
ESTAT:TEILM010(1.0),16/10/25 11:00:00,Monthly,"Seasonally adjusted data, not calendar adjusted data",Total,Total,Thousand persons,Romania,2024-12,463,,
ESTAT:TEILM010(1.0),16/10/25 11:00:00,Monthly,"Seasonally adjusted data, not calendar adjusted data",Total,Total,Thousand persons,Romania,2025-01,481,,
ESTAT:TEILM010(1.0),16/10/25 11:00:00,Monthly,"Seasonally adjusted data, not calendar adjusted data",Total,Total,Thousand persons,Romania,2025-02,489,,
ESTAT:TEILM010(1.0),16/10/25 11:00:00,Monthly,"Seasonally adjusted data, not calendar adjusted data",Total,Total,Thousand persons,Romania,2025-03,491,,
ESTAT:TEILM010(1.0),16/10/25 11:00:00,Monthly,"Seasonally adjusted data, not calendar adjusted data",Total,Total,Thousand persons,Romania,2025-04,491,,
ESTAT:TEILM010(1.0),16/10/25 11:00:00,Monthly,"Seasonally adjusted data, not calendar adjusted data",Total,Total,Thousand persons,Romania,2025-05,495,,
ESTAT:TEILM010(1.0),16/10/25 11:00:00,Monthly,"Seasonally adjusted data, not calendar adjusted data",Total,Total,Thousand persons,Romania,2025-06,490,,
ESTAT:TEILM010(1.0),16/10/25 11:00:00,Monthly,"Seasonally adjusted data, not calendar adjusted data",Total,Total,Thousand persons,Romania,2025-07,471,,
ESTAT:TEILM010(1.0),16/10/25 11:00:00,Monthly,"Seasonally adjusted data, not calendar adjusted data",Total,Total,Thousand persons,Romania,2025-08,481,,
ESTAT:TEILM010(1.0),16/10/25 11:00:00,Monthly,"Seasonally adjusted data, not calendar adjusted data",Total,Total,Thousand persons,Sweden,2024-10,478,,
ESTAT:TEILM010(1.0),16/10/25 11:00:00,Monthly,"Seasonally adjusted data, not calendar adjusted data",Total,Total,Thousand persons,Sweden,2024-11,476,,
ESTAT:TEILM010(1.0),16/10/25 11:00:00,Monthly,"Seasonally adjusted data, not calendar adjusted data",Total,Total,Thousand persons,Sweden,2024-12,491,,
ESTAT:TEILM010(1.0),16/10/25 11:00:00,Monthly,"Seasonally adjusted data, not calendar adjusted data",Total,Total,Thousand persons,Sweden,2025-01,558,,
ESTAT:TEILM010(1.0),16/10/25 11:00:00,Monthly,"Seasonally adjusted data, not calendar adjusted data",Total,Total,Thousand persons,Sweden,2025-02,508,,
ESTAT:TEILM010(1.0),16/10/25 11:00:00,Monthly,"Seasonally adjusted data, not calendar adjusted data",Total,Total,Thousand persons,Sweden,2025-03,466,,
ESTAT:TEILM010(1.0),16/10/25 11:00:00,Monthly,"Seasonally adjusted data, not calendar adjusted data",Total,Total,Thousand persons,Sweden,2025-04,491,,
ESTAT:TEILM010(1.0),16/10/25 11:00:00,Monthly,"Seasonally adjusted data, not calendar adjusted data",Total,Total,Thousand persons,Sweden,2025-05,523,,
ESTAT:TEILM010(1.0),16/10/25 11:00:00,Monthly,"Seasonally adjusted data, not calendar adjusted data",Total,Total,Thousand persons,Sweden,2025-06,477,,
ESTAT:TEILM010(1.0),16/10/25 11:00:00,Monthly,"Seasonally adjusted data, not calendar adjusted data",Total,Total,Thousand persons,Sweden,2025-07,508,,
ESTAT:TEILM010(1.0),16/10/25 11:00:00,Monthly,"Seasonally adjusted data, not calendar adjusted data",Total,Total,Thousand persons,Sweden,2025-08,507,,
ESTAT:TEILM010(1.0),16/10/25 11:00:00,Monthly,"Seasonally adjusted data, not calendar adjusted data",Total,Total,Thousand persons,Slovenia,2024-10,40,,
ESTAT:TEILM010(1.0),16/10/25 11:00:00,Monthly,"Seasonally adjusted data, not calendar adjusted data",Total,Total,Thousand persons,Slovenia,2024-11,38,,
ESTAT:TEILM010(1.0),16/10/25 11:00:00,Monthly,"Seasonally adjusted data, not calendar adjusted data",Total,Total,Thousand persons,Slovenia,2024-12,37,,
ESTAT:TEILM010(1.0),16/10/25 11:00:00,Monthly,"Seasonally adjusted data, not calendar adjusted data",Total,Total,Thousand persons,Slovenia,2025-01,39,,
ESTAT:TEILM010(1.0),16/10/25 11:00:00,Monthly,"Seasonally adjusted data, not calendar adjusted data",Total,Total,Thousand persons,Slovenia,2025-02,40,,
ESTAT:TEILM010(1.0),16/10/25 11:00:00,Monthly,"Seasonally adjusted data, not calendar adjusted data",Total,Total,Thousand persons,Slovenia,2025-03,39,,
ESTAT:TEILM010(1.0),16/10/25 11:00:00,Monthly,"Seasonally adjusted data, not calendar adjusted data",Total,Total,Thousand persons,Slovenia,2025-04,37,,
ESTAT:TEILM010(1.0),16/10/25 11:00:00,Monthly,"Seasonally adjusted data, not calendar adjusted data",Total,Total,Thousand persons,Slovenia,2025-05,34,,
ESTAT:TEILM010(1.0),16/10/25 11:00:00,Monthly,"Seasonally adjusted data, not calendar adjusted data",Total,Total,Thousand persons,Slovenia,2025-06,32,,
ESTAT:TEILM010(1.0),16/10/25 11:00:00,Monthly,"Seasonally adjusted data, not calendar adjusted data",Total,Total,Thousand persons,Slovenia,2025-07,30,,
ESTAT:TEILM010(1.0),16/10/25 11:00:00,Monthly,"Seasonally adjusted data, not calendar adjusted data",Total,Total,Thousand persons,Slovenia,2025-08,29,,
ESTAT:TEILM010(1.0),16/10/25 11:00:00,Monthly,"Seasonally adjusted data, not calendar adjusted data",Total,Total,Thousand persons,Slovakia,2024-10,145,,
ESTAT:TEILM010(1.0),16/10/25 11:00:00,Monthly,"Seasonally adjusted data, not calendar adjusted data",Total,Total,Thousand persons,Slovakia,2024-11,145,,
ESTAT:TEILM010(1.0),16/10/25 11:00:00,Monthly,"Seasonally adjusted data, not calendar adjusted data",Total,Total,Thousand persons,Slovakia,2024-12,145,,
ESTAT:TEILM010(1.0),16/10/25 11:00:00,Monthly,"Seasonally adjusted data, not calendar adjusted data",Total,Total,Thousand persons,Slovakia,2025-01,145,,
ESTAT:TEILM010(1.0),16/10/25 11:00:00,Monthly,"Seasonally adjusted data, not calendar adjusted data",Total,Total,Thousand persons,Slovakia,2025-02,146,,
ESTAT:TEILM010(1.0),16/10/25 11:00:00,Monthly,"Seasonally adjusted data, not calendar adjusted data",Total,Total,Thousand persons,Slovakia,2025-03,146,,
ESTAT:TEILM010(1.0),16/10/25 11:00:00,Monthly,"Seasonally adjusted data, not calendar adjusted data",Total,Total,Thousand persons,Slovakia,2025-04,146,,
ESTAT:TEILM010(1.0),16/10/25 11:00:00,Monthly,"Seasonally adjusted data, not calendar adjusted data",Total,Total,Thousand persons,Slovakia,2025-05,147,,
ESTAT:TEILM010(1.0),16/10/25 11:00:00,Monthly,"Seasonally adjusted data, not calendar adjusted data",Total,Total,Thousand persons,Slovakia,2025-06,147,,
ESTAT:TEILM010(1.0),16/10/25 11:00:00,Monthly,"Seasonally adjusted data, not calendar adjusted data",Total,Total,Thousand persons,Slovakia,2025-07,148,,
ESTAT:TEILM010(1.0),16/10/25 11:00:00,Monthly,"Seasonally adjusted data, not calendar adjusted data",Total,Total,Thousand persons,Slovakia,2025-08,148,,
ESTAT:TEILM010(1.0),16/10/25 11:00:00,Monthly,"Seasonally adjusted data, not calendar adjusted data",Total,Total,Thousand persons,Türkiye,2024-10,3169,,
ESTAT:TEILM010(1.0),16/10/25 11:00:00,Monthly,"Seasonally adjusted data, not calendar adjusted data",Total,Total,Thousand persons,Türkiye,2024-11,3062,,
ESTAT:TEILM010(1.0),16/10/25 11:00:00,Monthly,"Seasonally adjusted data, not calendar adjusted data",Total,Total,Thousand persons,Türkiye,2024-12,3032,,
ESTAT:TEILM010(1.0),16/10/25 11:00:00,Monthly,"Seasonally adjusted data, not calendar adjusted data",Total,Total,Thousand persons,Türkiye,2025-01,3007,,
ESTAT:TEILM010(1.0),16/10/25 11:00:00,Monthly,"Seasonally adjusted data, not calendar adjusted data",Total,Total,Thousand persons,Türkiye,2025-02,2899,,
ESTAT:TEILM010(1.0),16/10/25 11:00:00,Monthly,"Seasonally adjusted data, not calendar adjusted data",Total,Total,Thousand persons,Türkiye,2025-03,2841,,
ESTAT:TEILM010(1.0),16/10/25 11:00:00,Monthly,"Seasonally adjusted data, not calendar adjusted data",Total,Total,Thousand persons,Türkiye,2025-04,3024,,
ESTAT:TEILM010(1.0),16/10/25 11:00:00,Monthly,"Seasonally adjusted data, not calendar adjusted data",Total,Total,Thousand persons,Türkiye,2025-05,2958,,
ESTAT:TEILM010(1.0),16/10/25 11:00:00,Monthly,"Seasonally adjusted data, not calendar adjusted data",Total,Total,Thousand persons,Türkiye,2025-06,2992,,
ESTAT:TEILM010(1.0),16/10/25 11:00:00,Monthly,"Seasonally adjusted data, not calendar adjusted data",Total,Total,Thousand persons,Türkiye,2025-07,2828,,
ESTAT:TEILM010(1.0),16/10/25 11:00:00,Monthly,"Seasonally adjusted data, not calendar adjusted data",Total,Total,Thousand persons,United States,2024-10,7000,,
ESTAT:TEILM010(1.0),16/10/25 11:00:00,Monthly,"Seasonally adjusted data, not calendar adjusted data",Total,Total,Thousand persons,United States,2024-11,7180,,
ESTAT:TEILM010(1.0),16/10/25 11:00:00,Monthly,"Seasonally adjusted data, not calendar adjusted data",Total,Total,Thousand persons,United States,2024-12,6930,,
ESTAT:TEILM010(1.0),16/10/25 11:00:00,Monthly,"Seasonally adjusted data, not calendar adjusted data",Total,Total,Thousand persons,United States,2025-01,6898,,
ESTAT:TEILM010(1.0),16/10/25 11:00:00,Monthly,"Seasonally adjusted data, not calendar adjusted data",Total,Total,Thousand persons,United States,2025-02,7126,,
ESTAT:TEILM010(1.0),16/10/25 11:00:00,Monthly,"Seasonally adjusted data, not calendar adjusted data",Total,Total,Thousand persons,United States,2025-03,7060,,
ESTAT:TEILM010(1.0),16/10/25 11:00:00,Monthly,"Seasonally adjusted data, not calendar adjusted data",Total,Total,Thousand persons,United States,2025-04,7177,,
ESTAT:TEILM010(1.0),16/10/25 11:00:00,Monthly,"Seasonally adjusted data, not calendar adjusted data",Total,Total,Thousand persons,United States,2025-05,7202,,
ESTAT:TEILM010(1.0),16/10/25 11:00:00,Monthly,"Seasonally adjusted data, not calendar adjusted data",Total,Total,Thousand persons,United States,2025-06,7008,,
ESTAT:TEILM010(1.0),16/10/25 11:00:00,Monthly,"Seasonally adjusted data, not calendar adjusted data",Total,Total,Thousand persons,United States,2025-07,7214,,
ESTAT:TEILM010(1.0),16/10/25 11:00:00,Monthly,"Seasonally adjusted data, not calendar adjusted data",Total,Total,Thousand persons,United States,2025-08,7388,,
