DATAFLOW,LAST UPDATE,freq,unit,sex,age,isced11,geo,TIME_PERIOD,OBS_VALUE,OBS_FLAG,CONF_STATUS
ESTAT:TEPSR_WC170(1.0),11/09/25 23:00:00,Annual,Percentage,Total,From 15 to 24 years,All ISCED 2011 levels,Austria,2005,11.0,b,
ESTAT:TEPSR_WC170(1.0),11/09/25 23:00:00,Annual,Percentage,Total,From 15 to 24 years,All ISCED 2011 levels,Austria,2006,9.8,b,
ESTAT:TEPSR_WC170(1.0),11/09/25 23:00:00,Annual,Percentage,Total,From 15 to 24 years,All ISCED 2011 levels,Austria,2007,9.4,b,
ESTAT:TEPSR_WC170(1.0),11/09/25 23:00:00,Annual,Percentage,Total,From 15 to 24 years,All ISCED 2011 levels,Austria,2008,8.5,,
ESTAT:TEPSR_WC170(1.0),11/09/25 23:00:00,Annual,Percentage,Total,From 15 to 24 years,All ISCED 2011 levels,Austria,2009,10.7,,
ESTAT:TEPSR_WC170(1.0),11/09/25 23:00:00,Annual,Percentage,Total,From 15 to 24 years,All ISCED 2011 levels,Austria,2010,9.5,,
ESTAT:TEPSR_WC170(1.0),11/09/25 23:00:00,Annual,Percentage,Total,From 15 to 24 years,All ISCED 2011 levels,Austria,2011,8.9,,
ESTAT:TEPSR_WC170(1.0),11/09/25 23:00:00,Annual,Percentage,Total,From 15 to 24 years,All ISCED 2011 levels,Austria,2012,9.4,,
ESTAT:TEPSR_WC170(1.0),11/09/25 23:00:00,Annual,Percentage,Total,From 15 to 24 years,All ISCED 2011 levels,Austria,2013,9.7,,
ESTAT:TEPSR_WC170(1.0),11/09/25 23:00:00,Annual,Percentage,Total,From 15 to 24 years,All ISCED 2011 levels,Austria,2014,10.3,b,
ESTAT:TEPSR_WC170(1.0),11/09/25 23:00:00,Annual,Percentage,Total,From 15 to 24 years,All ISCED 2011 levels,Austria,2015,10.6,,
ESTAT:TEPSR_WC170(1.0),11/09/25 23:00:00,Annual,Percentage,Total,From 15 to 24 years,All ISCED 2011 levels,Austria,2016,11.2,,
ESTAT:TEPSR_WC170(1.0),11/09/25 23:00:00,Annual,Percentage,Total,From 15 to 24 years,All ISCED 2011 levels,Austria,2017,9.8,,
ESTAT:TEPSR_WC170(1.0),11/09/25 23:00:00,Annual,Percentage,Total,From 15 to 24 years,All ISCED 2011 levels,Austria,2018,9.4,,
ESTAT:TEPSR_WC170(1.0),11/09/25 23:00:00,Annual,Percentage,Total,From 15 to 24 years,All ISCED 2011 levels,Austria,2019,8.5,,
ESTAT:TEPSR_WC170(1.0),11/09/25 23:00:00,Annual,Percentage,Total,From 15 to 24 years,All ISCED 2011 levels,Austria,2020,10.5,,
ESTAT:TEPSR_WC170(1.0),11/09/25 23:00:00,Annual,Percentage,Total,From 15 to 24 years,All ISCED 2011 levels,Austria,2021,11.0,b,
ESTAT:TEPSR_WC170(1.0),11/09/25 23:00:00,Annual,Percentage,Total,From 15 to 24 years,All ISCED 2011 levels,Austria,2022,9.5,,
ESTAT:TEPSR_WC170(1.0),11/09/25 23:00:00,Annual,Percentage,Total,From 15 to 24 years,All ISCED 2011 levels,Austria,2023,10.4,,
ESTAT:TEPSR_WC170(1.0),11/09/25 23:00:00,Annual,Percentage,Total,From 15 to 24 years,All ISCED 2011 levels,Austria,2024,10.3,,
ESTAT:TEPSR_WC170(1.0),11/09/25 23:00:00,Annual,Percentage,Total,From 15 to 24 years,All ISCED 2011 levels,Bosnia and Herzegovina,2021,38.3,b,
ESTAT:TEPSR_WC170(1.0),11/09/25 23:00:00,Annual,Percentage,Total,From 15 to 24 years,All ISCED 2011 levels,Bosnia and Herzegovina,2022,35.1,,
ESTAT:TEPSR_WC170(1.0),11/09/25 23:00:00,Annual,Percentage,Total,From 15 to 24 years,All ISCED 2011 levels,Bosnia and Herzegovina,2023,30.1,,
ESTAT:TEPSR_WC170(1.0),11/09/25 23:00:00,Annual,Percentage,Total,From 15 to 24 years,All ISCED 2011 levels,Bosnia and Herzegovina,2024,30.2,,
ESTAT:TEPSR_WC170(1.0),11/09/25 23:00:00,Annual,Percentage,Total,From 15 to 24 years,All ISCED 2011 levels,Belgium,2005,21.5,b,
ESTAT:TEPSR_WC170(1.0),11/09/25 23:00:00,Annual,Percentage,Total,From 15 to 24 years,All ISCED 2011 levels,Belgium,2006,20.5,,
ESTAT:TEPSR_WC170(1.0),11/09/25 23:00:00,Annual,Percentage,Total,From 15 to 24 years,All ISCED 2011 levels,Belgium,2007,18.8,,
ESTAT:TEPSR_WC170(1.0),11/09/25 23:00:00,Annual,Percentage,Total,From 15 to 24 years,All ISCED 2011 levels,Belgium,2008,18.0,b,
ESTAT:TEPSR_WC170(1.0),11/09/25 23:00:00,Annual,Percentage,Total,From 15 to 24 years,All ISCED 2011 levels,Belgium,2009,21.9,,
ESTAT:TEPSR_WC170(1.0),11/09/25 23:00:00,Annual,Percentage,Total,From 15 to 24 years,All ISCED 2011 levels,Belgium,2010,22.4,,
ESTAT:TEPSR_WC170(1.0),11/09/25 23:00:00,Annual,Percentage,Total,From 15 to 24 years,All ISCED 2011 levels,Belgium,2011,18.7,b,
ESTAT:TEPSR_WC170(1.0),11/09/25 23:00:00,Annual,Percentage,Total,From 15 to 24 years,All ISCED 2011 levels,Belgium,2012,19.8,,
ESTAT:TEPSR_WC170(1.0),11/09/25 23:00:00,Annual,Percentage,Total,From 15 to 24 years,All ISCED 2011 levels,Belgium,2013,23.7,,
ESTAT:TEPSR_WC170(1.0),11/09/25 23:00:00,Annual,Percentage,Total,From 15 to 24 years,All ISCED 2011 levels,Belgium,2014,23.2,b,
ESTAT:TEPSR_WC170(1.0),11/09/25 23:00:00,Annual,Percentage,Total,From 15 to 24 years,All ISCED 2011 levels,Belgium,2015,22.1,,
ESTAT:TEPSR_WC170(1.0),11/09/25 23:00:00,Annual,Percentage,Total,From 15 to 24 years,All ISCED 2011 levels,Belgium,2016,20.1,,
ESTAT:TEPSR_WC170(1.0),11/09/25 23:00:00,Annual,Percentage,Total,From 15 to 24 years,All ISCED 2011 levels,Belgium,2017,19.3,b,
ESTAT:TEPSR_WC170(1.0),11/09/25 23:00:00,Annual,Percentage,Total,From 15 to 24 years,All ISCED 2011 levels,Belgium,2018,15.8,,
ESTAT:TEPSR_WC170(1.0),11/09/25 23:00:00,Annual,Percentage,Total,From 15 to 24 years,All ISCED 2011 levels,Belgium,2019,14.2,,
ESTAT:TEPSR_WC170(1.0),11/09/25 23:00:00,Annual,Percentage,Total,From 15 to 24 years,All ISCED 2011 levels,Belgium,2020,15.3,,
ESTAT:TEPSR_WC170(1.0),11/09/25 23:00:00,Annual,Percentage,Total,From 15 to 24 years,All ISCED 2011 levels,Belgium,2021,18.2,b,
ESTAT:TEPSR_WC170(1.0),11/09/25 23:00:00,Annual,Percentage,Total,From 15 to 24 years,All ISCED 2011 levels,Belgium,2022,16.4,,
ESTAT:TEPSR_WC170(1.0),11/09/25 23:00:00,Annual,Percentage,Total,From 15 to 24 years,All ISCED 2011 levels,Belgium,2023,16.1,,
ESTAT:TEPSR_WC170(1.0),11/09/25 23:00:00,Annual,Percentage,Total,From 15 to 24 years,All ISCED 2011 levels,Belgium,2024,17.4,,
ESTAT:TEPSR_WC170(1.0),11/09/25 23:00:00,Annual,Percentage,Total,From 15 to 24 years,All ISCED 2011 levels,Bulgaria,2005,22.3,b,
ESTAT:TEPSR_WC170(1.0),11/09/25 23:00:00,Annual,Percentage,Total,From 15 to 24 years,All ISCED 2011 levels,Bulgaria,2006,19.5,b,
ESTAT:TEPSR_WC170(1.0),11/09/25 23:00:00,Annual,Percentage,Total,From 15 to 24 years,All ISCED 2011 levels,Bulgaria,2007,15.1,,
ESTAT:TEPSR_WC170(1.0),11/09/25 23:00:00,Annual,Percentage,Total,From 15 to 24 years,All ISCED 2011 levels,Bulgaria,2008,12.7,b,
ESTAT:TEPSR_WC170(1.0),11/09/25 23:00:00,Annual,Percentage,Total,From 15 to 24 years,All ISCED 2011 levels,Bulgaria,2009,16.2,,
ESTAT:TEPSR_WC170(1.0),11/09/25 23:00:00,Annual,Percentage,Total,From 15 to 24 years,All ISCED 2011 levels,Bulgaria,2010,21.9,b,
ESTAT:TEPSR_WC170(1.0),11/09/25 23:00:00,Annual,Percentage,Total,From 15 to 24 years,All ISCED 2011 levels,Bulgaria,2011,25.0,b,
ESTAT:TEPSR_WC170(1.0),11/09/25 23:00:00,Annual,Percentage,Total,From 15 to 24 years,All ISCED 2011 levels,Bulgaria,2012,28.1,,
ESTAT:TEPSR_WC170(1.0),11/09/25 23:00:00,Annual,Percentage,Total,From 15 to 24 years,All ISCED 2011 levels,Bulgaria,2013,28.4,,
ESTAT:TEPSR_WC170(1.0),11/09/25 23:00:00,Annual,Percentage,Total,From 15 to 24 years,All ISCED 2011 levels,Bulgaria,2014,23.8,b,
ESTAT:TEPSR_WC170(1.0),11/09/25 23:00:00,Annual,Percentage,Total,From 15 to 24 years,All ISCED 2011 levels,Bulgaria,2015,21.6,,
ESTAT:TEPSR_WC170(1.0),11/09/25 23:00:00,Annual,Percentage,Total,From 15 to 24 years,All ISCED 2011 levels,Bulgaria,2016,17.2,,
ESTAT:TEPSR_WC170(1.0),11/09/25 23:00:00,Annual,Percentage,Total,From 15 to 24 years,All ISCED 2011 levels,Bulgaria,2017,12.9,,
ESTAT:TEPSR_WC170(1.0),11/09/25 23:00:00,Annual,Percentage,Total,From 15 to 24 years,All ISCED 2011 levels,Bulgaria,2018,12.7,,
ESTAT:TEPSR_WC170(1.0),11/09/25 23:00:00,Annual,Percentage,Total,From 15 to 24 years,All ISCED 2011 levels,Bulgaria,2019,8.8,b,
ESTAT:TEPSR_WC170(1.0),11/09/25 23:00:00,Annual,Percentage,Total,From 15 to 24 years,All ISCED 2011 levels,Bulgaria,2020,14.2,,
ESTAT:TEPSR_WC170(1.0),11/09/25 23:00:00,Annual,Percentage,Total,From 15 to 24 years,All ISCED 2011 levels,Bulgaria,2021,15.8,b,
ESTAT:TEPSR_WC170(1.0),11/09/25 23:00:00,Annual,Percentage,Total,From 15 to 24 years,All ISCED 2011 levels,Bulgaria,2022,10.6,,
ESTAT:TEPSR_WC170(1.0),11/09/25 23:00:00,Annual,Percentage,Total,From 15 to 24 years,All ISCED 2011 levels,Bulgaria,2023,12.1,,
ESTAT:TEPSR_WC170(1.0),11/09/25 23:00:00,Annual,Percentage,Total,From 15 to 24 years,All ISCED 2011 levels,Bulgaria,2024,12.3,b,
ESTAT:TEPSR_WC170(1.0),11/09/25 23:00:00,Annual,Percentage,Total,From 15 to 24 years,All ISCED 2011 levels,Switzerland,2005,8.8,b,
ESTAT:TEPSR_WC170(1.0),11/09/25 23:00:00,Annual,Percentage,Total,From 15 to 24 years,All ISCED 2011 levels,Switzerland,2006,7.7,,
ESTAT:TEPSR_WC170(1.0),11/09/25 23:00:00,Annual,Percentage,Total,From 15 to 24 years,All ISCED 2011 levels,Switzerland,2007,7.1,,
ESTAT:TEPSR_WC170(1.0),11/09/25 23:00:00,Annual,Percentage,Total,From 15 to 24 years,All ISCED 2011 levels,Switzerland,2008,7.0,,
ESTAT:TEPSR_WC170(1.0),11/09/25 23:00:00,Annual,Percentage,Total,From 15 to 24 years,All ISCED 2011 levels,Switzerland,2009,8.5,,
ESTAT:TEPSR_WC170(1.0),11/09/25 23:00:00,Annual,Percentage,Total,From 15 to 24 years,All ISCED 2011 levels,Switzerland,2010,8.2,b,
ESTAT:TEPSR_WC170(1.0),11/09/25 23:00:00,Annual,Percentage,Total,From 15 to 24 years,All ISCED 2011 levels,Switzerland,2011,7.7,,
ESTAT:TEPSR_WC170(1.0),11/09/25 23:00:00,Annual,Percentage,Total,From 15 to 24 years,All ISCED 2011 levels,Switzerland,2012,8.3,,
ESTAT:TEPSR_WC170(1.0),11/09/25 23:00:00,Annual,Percentage,Total,From 15 to 24 years,All ISCED 2011 levels,Switzerland,2013,8.7,,
ESTAT:TEPSR_WC170(1.0),11/09/25 23:00:00,Annual,Percentage,Total,From 15 to 24 years,All ISCED 2011 levels,Switzerland,2014,8.6,b,
ESTAT:TEPSR_WC170(1.0),11/09/25 23:00:00,Annual,Percentage,Total,From 15 to 24 years,All ISCED 2011 levels,Switzerland,2015,8.8,,
ESTAT:TEPSR_WC170(1.0),11/09/25 23:00:00,Annual,Percentage,Total,From 15 to 24 years,All ISCED 2011 levels,Switzerland,2016,8.6,,
ESTAT:TEPSR_WC170(1.0),11/09/25 23:00:00,Annual,Percentage,Total,From 15 to 24 years,All ISCED 2011 levels,Switzerland,2017,8.1,,
ESTAT:TEPSR_WC170(1.0),11/09/25 23:00:00,Annual,Percentage,Total,From 15 to 24 years,All ISCED 2011 levels,Switzerland,2018,7.9,,
ESTAT:TEPSR_WC170(1.0),11/09/25 23:00:00,Annual,Percentage,Total,From 15 to 24 years,All ISCED 2011 levels,Switzerland,2019,8.0,,
ESTAT:TEPSR_WC170(1.0),11/09/25 23:00:00,Annual,Percentage,Total,From 15 to 24 years,All ISCED 2011 levels,Switzerland,2020,8.6,,
ESTAT:TEPSR_WC170(1.0),11/09/25 23:00:00,Annual,Percentage,Total,From 15 to 24 years,All ISCED 2011 levels,Switzerland,2021,8.3,b,
ESTAT:TEPSR_WC170(1.0),11/09/25 23:00:00,Annual,Percentage,Total,From 15 to 24 years,All ISCED 2011 levels,Switzerland,2022,6.8,,
ESTAT:TEPSR_WC170(1.0),11/09/25 23:00:00,Annual,Percentage,Total,From 15 to 24 years,All ISCED 2011 levels,Switzerland,2023,7.9,,
ESTAT:TEPSR_WC170(1.0),11/09/25 23:00:00,Annual,Percentage,Total,From 15 to 24 years,All ISCED 2011 levels,Switzerland,2024,8.2,,
ESTAT:TEPSR_WC170(1.0),11/09/25 23:00:00,Annual,Percentage,Total,From 15 to 24 years,All ISCED 2011 levels,Cyprus,2005,13.9,b,
ESTAT:TEPSR_WC170(1.0),11/09/25 23:00:00,Annual,Percentage,Total,From 15 to 24 years,All ISCED 2011 levels,Cyprus,2006,10.0,,
ESTAT:TEPSR_WC170(1.0),11/09/25 23:00:00,Annual,Percentage,Total,From 15 to 24 years,All ISCED 2011 levels,Cyprus,2007,10.2,,
ESTAT:TEPSR_WC170(1.0),11/09/25 23:00:00,Annual,Percentage,Total,From 15 to 24 years,All ISCED 2011 levels,Cyprus,2008,9.0,,
ESTAT:TEPSR_WC170(1.0),11/09/25 23:00:00,Annual,Percentage,Total,From 15 to 24 years,All ISCED 2011 levels,Cyprus,2009,13.8,b,
ESTAT:TEPSR_WC170(1.0),11/09/25 23:00:00,Annual,Percentage,Total,From 15 to 24 years,All ISCED 2011 levels,Cyprus,2010,16.6,,
ESTAT:TEPSR_WC170(1.0),11/09/25 23:00:00,Annual,Percentage,Total,From 15 to 24 years,All ISCED 2011 levels,Cyprus,2011,22.4,,
ESTAT:TEPSR_WC170(1.0),11/09/25 23:00:00,Annual,Percentage,Total,From 15 to 24 years,All ISCED 2011 levels,Cyprus,2012,27.7,,
ESTAT:TEPSR_WC170(1.0),11/09/25 23:00:00,Annual,Percentage,Total,From 15 to 24 years,All ISCED 2011 levels,Cyprus,2013,38.9,,
ESTAT:TEPSR_WC170(1.0),11/09/25 23:00:00,Annual,Percentage,Total,From 15 to 24 years,All ISCED 2011 levels,Cyprus,2014,36.0,b,
ESTAT:TEPSR_WC170(1.0),11/09/25 23:00:00,Annual,Percentage,Total,From 15 to 24 years,All ISCED 2011 levels,Cyprus,2015,32.8,,
ESTAT:TEPSR_WC170(1.0),11/09/25 23:00:00,Annual,Percentage,Total,From 15 to 24 years,All ISCED 2011 levels,Cyprus,2016,29.1,,
ESTAT:TEPSR_WC170(1.0),11/09/25 23:00:00,Annual,Percentage,Total,From 15 to 24 years,All ISCED 2011 levels,Cyprus,2017,24.7,,
ESTAT:TEPSR_WC170(1.0),11/09/25 23:00:00,Annual,Percentage,Total,From 15 to 24 years,All ISCED 2011 levels,Cyprus,2018,20.2,,
ESTAT:TEPSR_WC170(1.0),11/09/25 23:00:00,Annual,Percentage,Total,From 15 to 24 years,All ISCED 2011 levels,Cyprus,2019,17.6,,
ESTAT:TEPSR_WC170(1.0),11/09/25 23:00:00,Annual,Percentage,Total,From 15 to 24 years,All ISCED 2011 levels,Cyprus,2020,17.6,,
ESTAT:TEPSR_WC170(1.0),11/09/25 23:00:00,Annual,Percentage,Total,From 15 to 24 years,All ISCED 2011 levels,Cyprus,2021,17.3,b,
ESTAT:TEPSR_WC170(1.0),11/09/25 23:00:00,Annual,Percentage,Total,From 15 to 24 years,All ISCED 2011 levels,Cyprus,2022,18.1,,
ESTAT:TEPSR_WC170(1.0),11/09/25 23:00:00,Annual,Percentage,Total,From 15 to 24 years,All ISCED 2011 levels,Cyprus,2023,16.6,,
ESTAT:TEPSR_WC170(1.0),11/09/25 23:00:00,Annual,Percentage,Total,From 15 to 24 years,All ISCED 2011 levels,Cyprus,2024,13.0,,
ESTAT:TEPSR_WC170(1.0),11/09/25 23:00:00,Annual,Percentage,Total,From 15 to 24 years,All ISCED 2011 levels,Czechia,2005,19.2,b,
ESTAT:TEPSR_WC170(1.0),11/09/25 23:00:00,Annual,Percentage,Total,From 15 to 24 years,All ISCED 2011 levels,Czechia,2006,17.5,,
ESTAT:TEPSR_WC170(1.0),11/09/25 23:00:00,Annual,Percentage,Total,From 15 to 24 years,All ISCED 2011 levels,Czechia,2007,10.7,,
ESTAT:TEPSR_WC170(1.0),11/09/25 23:00:00,Annual,Percentage,Total,From 15 to 24 years,All ISCED 2011 levels,Czechia,2008,9.9,,
ESTAT:TEPSR_WC170(1.0),11/09/25 23:00:00,Annual,Percentage,Total,From 15 to 24 years,All ISCED 2011 levels,Czechia,2009,16.6,,
ESTAT:TEPSR_WC170(1.0),11/09/25 23:00:00,Annual,Percentage,Total,From 15 to 24 years,All ISCED 2011 levels,Czechia,2010,18.3,,
ESTAT:TEPSR_WC170(1.0),11/09/25 23:00:00,Annual,Percentage,Total,From 15 to 24 years,All ISCED 2011 levels,Czechia,2011,18.1,b,
ESTAT:TEPSR_WC170(1.0),11/09/25 23:00:00,Annual,Percentage,Total,From 15 to 24 years,All ISCED 2011 levels,Czechia,2012,19.5,,
ESTAT:TEPSR_WC170(1.0),11/09/25 23:00:00,Annual,Percentage,Total,From 15 to 24 years,All ISCED 2011 levels,Czechia,2013,19.0,,
ESTAT:TEPSR_WC170(1.0),11/09/25 23:00:00,Annual,Percentage,Total,From 15 to 24 years,All ISCED 2011 levels,Czechia,2014,15.9,b,
ESTAT:TEPSR_WC170(1.0),11/09/25 23:00:00,Annual,Percentage,Total,From 15 to 24 years,All ISCED 2011 levels,Czechia,2015,12.6,,
ESTAT:TEPSR_WC170(1.0),11/09/25 23:00:00,Annual,Percentage,Total,From 15 to 24 years,All ISCED 2011 levels,Czechia,2016,10.5,,
ESTAT:TEPSR_WC170(1.0),11/09/25 23:00:00,Annual,Percentage,Total,From 15 to 24 years,All ISCED 2011 levels,Czechia,2017,7.9,,
ESTAT:TEPSR_WC170(1.0),11/09/25 23:00:00,Annual,Percentage,Total,From 15 to 24 years,All ISCED 2011 levels,Czechia,2018,6.7,,
ESTAT:TEPSR_WC170(1.0),11/09/25 23:00:00,Annual,Percentage,Total,From 15 to 24 years,All ISCED 2011 levels,Czechia,2019,5.6,,
ESTAT:TEPSR_WC170(1.0),11/09/25 23:00:00,Annual,Percentage,Total,From 15 to 24 years,All ISCED 2011 levels,Czechia,2020,8.0,,
ESTAT:TEPSR_WC170(1.0),11/09/25 23:00:00,Annual,Percentage,Total,From 15 to 24 years,All ISCED 2011 levels,Czechia,2021,8.2,b,
ESTAT:TEPSR_WC170(1.0),11/09/25 23:00:00,Annual,Percentage,Total,From 15 to 24 years,All ISCED 2011 levels,Czechia,2022,6.8,,
ESTAT:TEPSR_WC170(1.0),11/09/25 23:00:00,Annual,Percentage,Total,From 15 to 24 years,All ISCED 2011 levels,Czechia,2023,8.3,,
ESTAT:TEPSR_WC170(1.0),11/09/25 23:00:00,Annual,Percentage,Total,From 15 to 24 years,All ISCED 2011 levels,Czechia,2024,9.1,,
ESTAT:TEPSR_WC170(1.0),11/09/25 23:00:00,Annual,Percentage,Total,From 15 to 24 years,All ISCED 2011 levels,Germany,2005,15.5,b,
ESTAT:TEPSR_WC170(1.0),11/09/25 23:00:00,Annual,Percentage,Total,From 15 to 24 years,All ISCED 2011 levels,Germany,2006,13.8,b,
ESTAT:TEPSR_WC170(1.0),11/09/25 23:00:00,Annual,Percentage,Total,From 15 to 24 years,All ISCED 2011 levels,Germany,2007,11.9,,
ESTAT:TEPSR_WC170(1.0),11/09/25 23:00:00,Annual,Percentage,Total,From 15 to 24 years,All ISCED 2011 levels,Germany,2008,10.6,,
ESTAT:TEPSR_WC170(1.0),11/09/25 23:00:00,Annual,Percentage,Total,From 15 to 24 years,All ISCED 2011 levels,Germany,2009,11.2,,
ESTAT:TEPSR_WC170(1.0),11/09/25 23:00:00,Annual,Percentage,Total,From 15 to 24 years,All ISCED 2011 levels,Germany,2010,9.8,b,
ESTAT:TEPSR_WC170(1.0),11/09/25 23:00:00,Annual,Percentage,Total,From 15 to 24 years,All ISCED 2011 levels,Germany,2011,8.5,b,
ESTAT:TEPSR_WC170(1.0),11/09/25 23:00:00,Annual,Percentage,Total,From 15 to 24 years,All ISCED 2011 levels,Germany,2012,8.0,b,
ESTAT:TEPSR_WC170(1.0),11/09/25 23:00:00,Annual,Percentage,Total,From 15 to 24 years,All ISCED 2011 levels,Germany,2013,7.8,,
ESTAT:TEPSR_WC170(1.0),11/09/25 23:00:00,Annual,Percentage,Total,From 15 to 24 years,All ISCED 2011 levels,Germany,2014,7.7,b,
ESTAT:TEPSR_WC170(1.0),11/09/25 23:00:00,Annual,Percentage,Total,From 15 to 24 years,All ISCED 2011 levels,Germany,2015,7.2,,
ESTAT:TEPSR_WC170(1.0),11/09/25 23:00:00,Annual,Percentage,Total,From 15 to 24 years,All ISCED 2011 levels,Germany,2016,7.1,,
ESTAT:TEPSR_WC170(1.0),11/09/25 23:00:00,Annual,Percentage,Total,From 15 to 24 years,All ISCED 2011 levels,Germany,2017,6.8,,
ESTAT:TEPSR_WC170(1.0),11/09/25 23:00:00,Annual,Percentage,Total,From 15 to 24 years,All ISCED 2011 levels,Germany,2018,6.2,,
ESTAT:TEPSR_WC170(1.0),11/09/25 23:00:00,Annual,Percentage,Total,From 15 to 24 years,All ISCED 2011 levels,Germany,2019,5.8,,
ESTAT:TEPSR_WC170(1.0),11/09/25 23:00:00,Annual,Percentage,Total,From 15 to 24 years,All ISCED 2011 levels,Germany,2020,7.1,b,
ESTAT:TEPSR_WC170(1.0),11/09/25 23:00:00,Annual,Percentage,Total,From 15 to 24 years,All ISCED 2011 levels,Germany,2021,7.0,b,
ESTAT:TEPSR_WC170(1.0),11/09/25 23:00:00,Annual,Percentage,Total,From 15 to 24 years,All ISCED 2011 levels,Germany,2022,6.0,,
ESTAT:TEPSR_WC170(1.0),11/09/25 23:00:00,Annual,Percentage,Total,From 15 to 24 years,All ISCED 2011 levels,Germany,2023,5.9,,
ESTAT:TEPSR_WC170(1.0),11/09/25 23:00:00,Annual,Percentage,Total,From 15 to 24 years,All ISCED 2011 levels,Germany,2024,6.5,,
ESTAT:TEPSR_WC170(1.0),11/09/25 23:00:00,Annual,Percentage,Total,From 15 to 24 years,All ISCED 2011 levels,Denmark,2005,8.6,b,
ESTAT:TEPSR_WC170(1.0),11/09/25 23:00:00,Annual,Percentage,Total,From 15 to 24 years,All ISCED 2011 levels,Denmark,2006,7.7,,
ESTAT:TEPSR_WC170(1.0),11/09/25 23:00:00,Annual,Percentage,Total,From 15 to 24 years,All ISCED 2011 levels,Denmark,2007,7.5,b,
ESTAT:TEPSR_WC170(1.0),11/09/25 23:00:00,Annual,Percentage,Total,From 15 to 24 years,All ISCED 2011 levels,Denmark,2008,9.5,b,
ESTAT:TEPSR_WC170(1.0),11/09/25 23:00:00,Annual,Percentage,Total,From 15 to 24 years,All ISCED 2011 levels,Denmark,2009,13.5,,
ESTAT:TEPSR_WC170(1.0),11/09/25 23:00:00,Annual,Percentage,Total,From 15 to 24 years,All ISCED 2011 levels,Denmark,2010,15.6,,
ESTAT:TEPSR_WC170(1.0),11/09/25 23:00:00,Annual,Percentage,Total,From 15 to 24 years,All ISCED 2011 levels,Denmark,2011,16.4,,
ESTAT:TEPSR_WC170(1.0),11/09/25 23:00:00,Annual,Percentage,Total,From 15 to 24 years,All ISCED 2011 levels,Denmark,2012,15.8,,
ESTAT:TEPSR_WC170(1.0),11/09/25 23:00:00,Annual,Percentage,Total,From 15 to 24 years,All ISCED 2011 levels,Denmark,2013,14.8,,
ESTAT:TEPSR_WC170(1.0),11/09/25 23:00:00,Annual,Percentage,Total,From 15 to 24 years,All ISCED 2011 levels,Denmark,2014,14.2,b,
ESTAT:TEPSR_WC170(1.0),11/09/25 23:00:00,Annual,Percentage,Total,From 15 to 24 years,All ISCED 2011 levels,Denmark,2015,12.2,,
ESTAT:TEPSR_WC170(1.0),11/09/25 23:00:00,Annual,Percentage,Total,From 15 to 24 years,All ISCED 2011 levels,Denmark,2016,12.2,b,
ESTAT:TEPSR_WC170(1.0),11/09/25 23:00:00,Annual,Percentage,Total,From 15 to 24 years,All ISCED 2011 levels,Denmark,2017,12.4,b,
ESTAT:TEPSR_WC170(1.0),11/09/25 23:00:00,Annual,Percentage,Total,From 15 to 24 years,All ISCED 2011 levels,Denmark,2018,10.5,,
ESTAT:TEPSR_WC170(1.0),11/09/25 23:00:00,Annual,Percentage,Total,From 15 to 24 years,All ISCED 2011 levels,Denmark,2019,10.1,,
ESTAT:TEPSR_WC170(1.0),11/09/25 23:00:00,Annual,Percentage,Total,From 15 to 24 years,All ISCED 2011 levels,Denmark,2020,11.7,,
ESTAT:TEPSR_WC170(1.0),11/09/25 23:00:00,Annual,Percentage,Total,From 15 to 24 years,All ISCED 2011 levels,Denmark,2021,10.8,b,
ESTAT:TEPSR_WC170(1.0),11/09/25 23:00:00,Annual,Percentage,Total,From 15 to 24 years,All ISCED 2011 levels,Denmark,2022,10.6,,
ESTAT:TEPSR_WC170(1.0),11/09/25 23:00:00,Annual,Percentage,Total,From 15 to 24 years,All ISCED 2011 levels,Denmark,2023,11.5,b,
ESTAT:TEPSR_WC170(1.0),11/09/25 23:00:00,Annual,Percentage,Total,From 15 to 24 years,All ISCED 2011 levels,Denmark,2024,14.6,,
ESTAT:TEPSR_WC170(1.0),11/09/25 23:00:00,Annual,Percentage,Total,From 15 to 24 years,All ISCED 2011 levels,Euro area – 20 countries (from 2023),2005,18.4,b,
ESTAT:TEPSR_WC170(1.0),11/09/25 23:00:00,Annual,Percentage,Total,From 15 to 24 years,All ISCED 2011 levels,Euro area – 20 countries (from 2023),2006,17.0,,
ESTAT:TEPSR_WC170(1.0),11/09/25 23:00:00,Annual,Percentage,Total,From 15 to 24 years,All ISCED 2011 levels,Euro area – 20 countries (from 2023),2007,15.4,,
ESTAT:TEPSR_WC170(1.0),11/09/25 23:00:00,Annual,Percentage,Total,From 15 to 24 years,All ISCED 2011 levels,Euro area – 20 countries (from 2023),2008,15.9,,
ESTAT:TEPSR_WC170(1.0),11/09/25 23:00:00,Annual,Percentage,Total,From 15 to 24 years,All ISCED 2011 levels,Euro area – 20 countries (from 2023),2009,20.4,,
ESTAT:TEPSR_WC170(1.0),11/09/25 23:00:00,Annual,Percentage,Total,From 15 to 24 years,All ISCED 2011 levels,Euro area – 20 countries (from 2023),2010,21.3,,
ESTAT:TEPSR_WC170(1.0),11/09/25 23:00:00,Annual,Percentage,Total,From 15 to 24 years,All ISCED 2011 levels,Euro area – 20 countries (from 2023),2011,21.4,,
ESTAT:TEPSR_WC170(1.0),11/09/25 23:00:00,Annual,Percentage,Total,From 15 to 24 years,All ISCED 2011 levels,Euro area – 20 countries (from 2023),2012,23.7,,
ESTAT:TEPSR_WC170(1.0),11/09/25 23:00:00,Annual,Percentage,Total,From 15 to 24 years,All ISCED 2011 levels,Euro area – 20 countries (from 2023),2013,24.5,,
ESTAT:TEPSR_WC170(1.0),11/09/25 23:00:00,Annual,Percentage,Total,From 15 to 24 years,All ISCED 2011 levels,Euro area – 20 countries (from 2023),2014,24.0,b,
ESTAT:TEPSR_WC170(1.0),11/09/25 23:00:00,Annual,Percentage,Total,From 15 to 24 years,All ISCED 2011 levels,Euro area – 20 countries (from 2023),2015,22.6,,
ESTAT:TEPSR_WC170(1.0),11/09/25 23:00:00,Annual,Percentage,Total,From 15 to 24 years,All ISCED 2011 levels,Euro area – 20 countries (from 2023),2016,21.0,,
ESTAT:TEPSR_WC170(1.0),11/09/25 23:00:00,Annual,Percentage,Total,From 15 to 24 years,All ISCED 2011 levels,Euro area – 20 countries (from 2023),2017,18.9,,
ESTAT:TEPSR_WC170(1.0),11/09/25 23:00:00,Annual,Percentage,Total,From 15 to 24 years,All ISCED 2011 levels,Euro area – 20 countries (from 2023),2018,17.0,,
ESTAT:TEPSR_WC170(1.0),11/09/25 23:00:00,Annual,Percentage,Total,From 15 to 24 years,All ISCED 2011 levels,Euro area – 20 countries (from 2023),2019,15.7,,
ESTAT:TEPSR_WC170(1.0),11/09/25 23:00:00,Annual,Percentage,Total,From 15 to 24 years,All ISCED 2011 levels,Euro area – 20 countries (from 2023),2020,17.4,,
ESTAT:TEPSR_WC170(1.0),11/09/25 23:00:00,Annual,Percentage,Total,From 15 to 24 years,All ISCED 2011 levels,Euro area – 20 countries (from 2023),2021,17.0,b,
ESTAT:TEPSR_WC170(1.0),11/09/25 23:00:00,Annual,Percentage,Total,From 15 to 24 years,All ISCED 2011 levels,Euro area – 20 countries (from 2023),2022,14.6,,
ESTAT:TEPSR_WC170(1.0),11/09/25 23:00:00,Annual,Percentage,Total,From 15 to 24 years,All ISCED 2011 levels,Euro area – 20 countries (from 2023),2023,14.5,,
ESTAT:TEPSR_WC170(1.0),11/09/25 23:00:00,Annual,Percentage,Total,From 15 to 24 years,All ISCED 2011 levels,Euro area – 20 countries (from 2023),2024,14.6,,
ESTAT:TEPSR_WC170(1.0),11/09/25 23:00:00,Annual,Percentage,Total,From 15 to 24 years,All ISCED 2011 levels,Estonia,2005,15.1,b,
ESTAT:TEPSR_WC170(1.0),11/09/25 23:00:00,Annual,Percentage,Total,From 15 to 24 years,All ISCED 2011 levels,Estonia,2006,12.1,,
ESTAT:TEPSR_WC170(1.0),11/09/25 23:00:00,Annual,Percentage,Total,From 15 to 24 years,All ISCED 2011 levels,Estonia,2007,10.1,,
ESTAT:TEPSR_WC170(1.0),11/09/25 23:00:00,Annual,Percentage,Total,From 15 to 24 years,All ISCED 2011 levels,Estonia,2008,12.0,,
ESTAT:TEPSR_WC170(1.0),11/09/25 23:00:00,Annual,Percentage,Total,From 15 to 24 years,All ISCED 2011 levels,Estonia,2009,27.4,,
ESTAT:TEPSR_WC170(1.0),11/09/25 23:00:00,Annual,Percentage,Total,From 15 to 24 years,All ISCED 2011 levels,Estonia,2010,32.9,,
ESTAT:TEPSR_WC170(1.0),11/09/25 23:00:00,Annual,Percentage,Total,From 15 to 24 years,All ISCED 2011 levels,Estonia,2011,22.4,,
ESTAT:TEPSR_WC170(1.0),11/09/25 23:00:00,Annual,Percentage,Total,From 15 to 24 years,All ISCED 2011 levels,Estonia,2012,20.9,,
ESTAT:TEPSR_WC170(1.0),11/09/25 23:00:00,Annual,Percentage,Total,From 15 to 24 years,All ISCED 2011 levels,Estonia,2013,18.7,,
ESTAT:TEPSR_WC170(1.0),11/09/25 23:00:00,Annual,Percentage,Total,From 15 to 24 years,All ISCED 2011 levels,Estonia,2014,15.0,b,
ESTAT:TEPSR_WC170(1.0),11/09/25 23:00:00,Annual,Percentage,Total,From 15 to 24 years,All ISCED 2011 levels,Estonia,2015,14.4,,
ESTAT:TEPSR_WC170(1.0),11/09/25 23:00:00,Annual,Percentage,Total,From 15 to 24 years,All ISCED 2011 levels,Estonia,2016,14.1,,
ESTAT:TEPSR_WC170(1.0),11/09/25 23:00:00,Annual,Percentage,Total,From 15 to 24 years,All ISCED 2011 levels,Estonia,2017,12.2,,
ESTAT:TEPSR_WC170(1.0),11/09/25 23:00:00,Annual,Percentage,Total,From 15 to 24 years,All ISCED 2011 levels,Estonia,2018,12.1,,
ESTAT:TEPSR_WC170(1.0),11/09/25 23:00:00,Annual,Percentage,Total,From 15 to 24 years,All ISCED 2011 levels,Estonia,2019,11.7,,
ESTAT:TEPSR_WC170(1.0),11/09/25 23:00:00,Annual,Percentage,Total,From 15 to 24 years,All ISCED 2011 levels,Estonia,2020,18.5,,
ESTAT:TEPSR_WC170(1.0),11/09/25 23:00:00,Annual,Percentage,Total,From 15 to 24 years,All ISCED 2011 levels,Estonia,2021,16.7,b,
ESTAT:TEPSR_WC170(1.0),11/09/25 23:00:00,Annual,Percentage,Total,From 15 to 24 years,All ISCED 2011 levels,Estonia,2022,18.6,,
ESTAT:TEPSR_WC170(1.0),11/09/25 23:00:00,Annual,Percentage,Total,From 15 to 24 years,All ISCED 2011 levels,Estonia,2023,17.3,,
ESTAT:TEPSR_WC170(1.0),11/09/25 23:00:00,Annual,Percentage,Total,From 15 to 24 years,All ISCED 2011 levels,Estonia,2024,19.1,,
ESTAT:TEPSR_WC170(1.0),11/09/25 23:00:00,Annual,Percentage,Total,From 15 to 24 years,All ISCED 2011 levels,Greece,2005,25.8,b,
ESTAT:TEPSR_WC170(1.0),11/09/25 23:00:00,Annual,Percentage,Total,From 15 to 24 years,All ISCED 2011 levels,Greece,2006,25.0,,
ESTAT:TEPSR_WC170(1.0),11/09/25 23:00:00,Annual,Percentage,Total,From 15 to 24 years,All ISCED 2011 levels,Greece,2007,22.7,,
ESTAT:TEPSR_WC170(1.0),11/09/25 23:00:00,Annual,Percentage,Total,From 15 to 24 years,All ISCED 2011 levels,Greece,2008,21.9,,
ESTAT:TEPSR_WC170(1.0),11/09/25 23:00:00,Annual,Percentage,Total,From 15 to 24 years,All ISCED 2011 levels,Greece,2009,25.7,b,
ESTAT:TEPSR_WC170(1.0),11/09/25 23:00:00,Annual,Percentage,Total,From 15 to 24 years,All ISCED 2011 levels,Greece,2010,33.0,,
ESTAT:TEPSR_WC170(1.0),11/09/25 23:00:00,Annual,Percentage,Total,From 15 to 24 years,All ISCED 2011 levels,Greece,2011,44.7,,
ESTAT:TEPSR_WC170(1.0),11/09/25 23:00:00,Annual,Percentage,Total,From 15 to 24 years,All ISCED 2011 levels,Greece,2012,55.3,,
ESTAT:TEPSR_WC170(1.0),11/09/25 23:00:00,Annual,Percentage,Total,From 15 to 24 years,All ISCED 2011 levels,Greece,2013,58.3,,
ESTAT:TEPSR_WC170(1.0),11/09/25 23:00:00,Annual,Percentage,Total,From 15 to 24 years,All ISCED 2011 levels,Greece,2014,52.4,b,
ESTAT:TEPSR_WC170(1.0),11/09/25 23:00:00,Annual,Percentage,Total,From 15 to 24 years,All ISCED 2011 levels,Greece,2015,49.8,,
ESTAT:TEPSR_WC170(1.0),11/09/25 23:00:00,Annual,Percentage,Total,From 15 to 24 years,All ISCED 2011 levels,Greece,2016,47.3,,
ESTAT:TEPSR_WC170(1.0),11/09/25 23:00:00,Annual,Percentage,Total,From 15 to 24 years,All ISCED 2011 levels,Greece,2017,43.6,,
ESTAT:TEPSR_WC170(1.0),11/09/25 23:00:00,Annual,Percentage,Total,From 15 to 24 years,All ISCED 2011 levels,Greece,2018,39.9,,
ESTAT:TEPSR_WC170(1.0),11/09/25 23:00:00,Annual,Percentage,Total,From 15 to 24 years,All ISCED 2011 levels,Greece,2019,35.2,,
ESTAT:TEPSR_WC170(1.0),11/09/25 23:00:00,Annual,Percentage,Total,From 15 to 24 years,All ISCED 2011 levels,Greece,2020,35.0,,
ESTAT:TEPSR_WC170(1.0),11/09/25 23:00:00,Annual,Percentage,Total,From 15 to 24 years,All ISCED 2011 levels,Greece,2021,35.5,b,
ESTAT:TEPSR_WC170(1.0),11/09/25 23:00:00,Annual,Percentage,Total,From 15 to 24 years,All ISCED 2011 levels,Greece,2022,31.4,,
ESTAT:TEPSR_WC170(1.0),11/09/25 23:00:00,Annual,Percentage,Total,From 15 to 24 years,All ISCED 2011 levels,Greece,2023,26.7,,
ESTAT:TEPSR_WC170(1.0),11/09/25 23:00:00,Annual,Percentage,Total,From 15 to 24 years,All ISCED 2011 levels,Greece,2024,22.5,,
ESTAT:TEPSR_WC170(1.0),11/09/25 23:00:00,Annual,Percentage,Total,From 15 to 24 years,All ISCED 2011 levels,Spain,2005,19.6,b,
ESTAT:TEPSR_WC170(1.0),11/09/25 23:00:00,Annual,Percentage,Total,From 15 to 24 years,All ISCED 2011 levels,Spain,2006,17.9,b,
ESTAT:TEPSR_WC170(1.0),11/09/25 23:00:00,Annual,Percentage,Total,From 15 to 24 years,All ISCED 2011 levels,Spain,2007,18.1,,
ESTAT:TEPSR_WC170(1.0),11/09/25 23:00:00,Annual,Percentage,Total,From 15 to 24 years,All ISCED 2011 levels,Spain,2008,24.5,,
ESTAT:TEPSR_WC170(1.0),11/09/25 23:00:00,Annual,Percentage,Total,From 15 to 24 years,All ISCED 2011 levels,Spain,2009,37.7,,
ESTAT:TEPSR_WC170(1.0),11/09/25 23:00:00,Annual,Percentage,Total,From 15 to 24 years,All ISCED 2011 levels,Spain,2010,41.5,,
ESTAT:TEPSR_WC170(1.0),11/09/25 23:00:00,Annual,Percentage,Total,From 15 to 24 years,All ISCED 2011 levels,Spain,2011,46.2,,
ESTAT:TEPSR_WC170(1.0),11/09/25 23:00:00,Annual,Percentage,Total,From 15 to 24 years,All ISCED 2011 levels,Spain,2012,52.9,,
ESTAT:TEPSR_WC170(1.0),11/09/25 23:00:00,Annual,Percentage,Total,From 15 to 24 years,All ISCED 2011 levels,Spain,2013,55.5,,
ESTAT:TEPSR_WC170(1.0),11/09/25 23:00:00,Annual,Percentage,Total,From 15 to 24 years,All ISCED 2011 levels,Spain,2014,53.2,b,
ESTAT:TEPSR_WC170(1.0),11/09/25 23:00:00,Annual,Percentage,Total,From 15 to 24 years,All ISCED 2011 levels,Spain,2015,48.3,,
ESTAT:TEPSR_WC170(1.0),11/09/25 23:00:00,Annual,Percentage,Total,From 15 to 24 years,All ISCED 2011 levels,Spain,2016,44.4,,
ESTAT:TEPSR_WC170(1.0),11/09/25 23:00:00,Annual,Percentage,Total,From 15 to 24 years,All ISCED 2011 levels,Spain,2017,38.6,,
ESTAT:TEPSR_WC170(1.0),11/09/25 23:00:00,Annual,Percentage,Total,From 15 to 24 years,All ISCED 2011 levels,Spain,2018,34.3,,
ESTAT:TEPSR_WC170(1.0),11/09/25 23:00:00,Annual,Percentage,Total,From 15 to 24 years,All ISCED 2011 levels,Spain,2019,32.5,,
ESTAT:TEPSR_WC170(1.0),11/09/25 23:00:00,Annual,Percentage,Total,From 15 to 24 years,All ISCED 2011 levels,Spain,2020,38.3,,
ESTAT:TEPSR_WC170(1.0),11/09/25 23:00:00,Annual,Percentage,Total,From 15 to 24 years,All ISCED 2011 levels,Spain,2021,35.0,bd,
ESTAT:TEPSR_WC170(1.0),11/09/25 23:00:00,Annual,Percentage,Total,From 15 to 24 years,All ISCED 2011 levels,Spain,2022,29.7,d,
ESTAT:TEPSR_WC170(1.0),11/09/25 23:00:00,Annual,Percentage,Total,From 15 to 24 years,All ISCED 2011 levels,Spain,2023,28.7,d,
ESTAT:TEPSR_WC170(1.0),11/09/25 23:00:00,Annual,Percentage,Total,From 15 to 24 years,All ISCED 2011 levels,Spain,2024,26.5,d,
ESTAT:TEPSR_WC170(1.0),11/09/25 23:00:00,Annual,Percentage,Total,From 15 to 24 years,All ISCED 2011 levels,European Union - 27 countries (from 2020),2005,20.2,b,
ESTAT:TEPSR_WC170(1.0),11/09/25 23:00:00,Annual,Percentage,Total,From 15 to 24 years,All ISCED 2011 levels,European Union - 27 countries (from 2020),2006,18.4,,
ESTAT:TEPSR_WC170(1.0),11/09/25 23:00:00,Annual,Percentage,Total,From 15 to 24 years,All ISCED 2011 levels,European Union - 27 countries (from 2020),2007,16.0,,
ESTAT:TEPSR_WC170(1.0),11/09/25 23:00:00,Annual,Percentage,Total,From 15 to 24 years,All ISCED 2011 levels,European Union - 27 countries (from 2020),2008,16.0,,
ESTAT:TEPSR_WC170(1.0),11/09/25 23:00:00,Annual,Percentage,Total,From 15 to 24 years,All ISCED 2011 levels,European Union - 27 countries (from 2020),2009,20.4,,
ESTAT:TEPSR_WC170(1.0),11/09/25 23:00:00,Annual,Percentage,Total,From 15 to 24 years,All ISCED 2011 levels,European Union - 27 countries (from 2020),2010,21.5,,
ESTAT:TEPSR_WC170(1.0),11/09/25 23:00:00,Annual,Percentage,Total,From 15 to 24 years,All ISCED 2011 levels,European Union - 27 countries (from 2020),2011,21.8,,
ESTAT:TEPSR_WC170(1.0),11/09/25 23:00:00,Annual,Percentage,Total,From 15 to 24 years,All ISCED 2011 levels,European Union - 27 countries (from 2020),2012,23.7,,
ESTAT:TEPSR_WC170(1.0),11/09/25 23:00:00,Annual,Percentage,Total,From 15 to 24 years,All ISCED 2011 levels,European Union - 27 countries (from 2020),2013,24.4,,
ESTAT:TEPSR_WC170(1.0),11/09/25 23:00:00,Annual,Percentage,Total,From 15 to 24 years,All ISCED 2011 levels,European Union - 27 countries (from 2020),2014,23.5,b,
ESTAT:TEPSR_WC170(1.0),11/09/25 23:00:00,Annual,Percentage,Total,From 15 to 24 years,All ISCED 2011 levels,European Union - 27 countries (from 2020),2015,21.8,,
ESTAT:TEPSR_WC170(1.0),11/09/25 23:00:00,Annual,Percentage,Total,From 15 to 24 years,All ISCED 2011 levels,European Union - 27 countries (from 2020),2016,20.1,,
ESTAT:TEPSR_WC170(1.0),11/09/25 23:00:00,Annual,Percentage,Total,From 15 to 24 years,All ISCED 2011 levels,European Union - 27 countries (from 2020),2017,18.0,,
ESTAT:TEPSR_WC170(1.0),11/09/25 23:00:00,Annual,Percentage,Total,From 15 to 24 years,All ISCED 2011 levels,European Union - 27 countries (from 2020),2018,16.1,,
ESTAT:TEPSR_WC170(1.0),11/09/25 23:00:00,Annual,Percentage,Total,From 15 to 24 years,All ISCED 2011 levels,European Union - 27 countries (from 2020),2019,15.1,,
ESTAT:TEPSR_WC170(1.0),11/09/25 23:00:00,Annual,Percentage,Total,From 15 to 24 years,All ISCED 2011 levels,European Union - 27 countries (from 2020),2020,16.8,,
ESTAT:TEPSR_WC170(1.0),11/09/25 23:00:00,Annual,Percentage,Total,From 15 to 24 years,All ISCED 2011 levels,European Union - 27 countries (from 2020),2021,16.7,b,
ESTAT:TEPSR_WC170(1.0),11/09/25 23:00:00,Annual,Percentage,Total,From 15 to 24 years,All ISCED 2011 levels,European Union - 27 countries (from 2020),2022,14.6,,
ESTAT:TEPSR_WC170(1.0),11/09/25 23:00:00,Annual,Percentage,Total,From 15 to 24 years,All ISCED 2011 levels,European Union - 27 countries (from 2020),2023,14.6,,
ESTAT:TEPSR_WC170(1.0),11/09/25 23:00:00,Annual,Percentage,Total,From 15 to 24 years,All ISCED 2011 levels,European Union - 27 countries (from 2020),2024,14.9,,
ESTAT:TEPSR_WC170(1.0),11/09/25 23:00:00,Annual,Percentage,Total,From 15 to 24 years,All ISCED 2011 levels,Finland,2005,20.1,b,
ESTAT:TEPSR_WC170(1.0),11/09/25 23:00:00,Annual,Percentage,Total,From 15 to 24 years,All ISCED 2011 levels,Finland,2006,18.7,,
ESTAT:TEPSR_WC170(1.0),11/09/25 23:00:00,Annual,Percentage,Total,From 15 to 24 years,All ISCED 2011 levels,Finland,2007,16.5,b,
ESTAT:TEPSR_WC170(1.0),11/09/25 23:00:00,Annual,Percentage,Total,From 15 to 24 years,All ISCED 2011 levels,Finland,2008,16.5,b,
ESTAT:TEPSR_WC170(1.0),11/09/25 23:00:00,Annual,Percentage,Total,From 15 to 24 years,All ISCED 2011 levels,Finland,2009,21.5,,
ESTAT:TEPSR_WC170(1.0),11/09/25 23:00:00,Annual,Percentage,Total,From 15 to 24 years,All ISCED 2011 levels,Finland,2010,21.4,,
ESTAT:TEPSR_WC170(1.0),11/09/25 23:00:00,Annual,Percentage,Total,From 15 to 24 years,All ISCED 2011 levels,Finland,2011,20.1,,
ESTAT:TEPSR_WC170(1.0),11/09/25 23:00:00,Annual,Percentage,Total,From 15 to 24 years,All ISCED 2011 levels,Finland,2012,19.0,,
ESTAT:TEPSR_WC170(1.0),11/09/25 23:00:00,Annual,Percentage,Total,From 15 to 24 years,All ISCED 2011 levels,Finland,2013,19.9,,
ESTAT:TEPSR_WC170(1.0),11/09/25 23:00:00,Annual,Percentage,Total,From 15 to 24 years,All ISCED 2011 levels,Finland,2014,20.5,b,
ESTAT:TEPSR_WC170(1.0),11/09/25 23:00:00,Annual,Percentage,Total,From 15 to 24 years,All ISCED 2011 levels,Finland,2015,22.4,,
ESTAT:TEPSR_WC170(1.0),11/09/25 23:00:00,Annual,Percentage,Total,From 15 to 24 years,All ISCED 2011 levels,Finland,2016,20.1,,
ESTAT:TEPSR_WC170(1.0),11/09/25 23:00:00,Annual,Percentage,Total,From 15 to 24 years,All ISCED 2011 levels,Finland,2017,20.1,,
ESTAT:TEPSR_WC170(1.0),11/09/25 23:00:00,Annual,Percentage,Total,From 15 to 24 years,All ISCED 2011 levels,Finland,2018,17.0,,
ESTAT:TEPSR_WC170(1.0),11/09/25 23:00:00,Annual,Percentage,Total,From 15 to 24 years,All ISCED 2011 levels,Finland,2019,17.2,,
ESTAT:TEPSR_WC170(1.0),11/09/25 23:00:00,Annual,Percentage,Total,From 15 to 24 years,All ISCED 2011 levels,Finland,2020,21.4,,
ESTAT:TEPSR_WC170(1.0),11/09/25 23:00:00,Annual,Percentage,Total,From 15 to 24 years,All ISCED 2011 levels,Finland,2021,17.1,b,
ESTAT:TEPSR_WC170(1.0),11/09/25 23:00:00,Annual,Percentage,Total,From 15 to 24 years,All ISCED 2011 levels,Finland,2022,14.2,,
ESTAT:TEPSR_WC170(1.0),11/09/25 23:00:00,Annual,Percentage,Total,From 15 to 24 years,All ISCED 2011 levels,Finland,2023,16.2,,
ESTAT:TEPSR_WC170(1.0),11/09/25 23:00:00,Annual,Percentage,Total,From 15 to 24 years,All ISCED 2011 levels,Finland,2024,18.8,,
ESTAT:TEPSR_WC170(1.0),11/09/25 23:00:00,Annual,Percentage,Total,From 15 to 24 years,All ISCED 2011 levels,France,2005,20.3,b,
ESTAT:TEPSR_WC170(1.0),11/09/25 23:00:00,Annual,Percentage,Total,From 15 to 24 years,All ISCED 2011 levels,France,2006,21.3,b,
ESTAT:TEPSR_WC170(1.0),11/09/25 23:00:00,Annual,Percentage,Total,From 15 to 24 years,All ISCED 2011 levels,France,2007,18.8,,
ESTAT:TEPSR_WC170(1.0),11/09/25 23:00:00,Annual,Percentage,Total,From 15 to 24 years,All ISCED 2011 levels,France,2008,18.3,,
ESTAT:TEPSR_WC170(1.0),11/09/25 23:00:00,Annual,Percentage,Total,From 15 to 24 years,All ISCED 2011 levels,France,2009,22.9,,
ESTAT:TEPSR_WC170(1.0),11/09/25 23:00:00,Annual,Percentage,Total,From 15 to 24 years,All ISCED 2011 levels,France,2010,22.5,,
ESTAT:TEPSR_WC170(1.0),11/09/25 23:00:00,Annual,Percentage,Total,From 15 to 24 years,All ISCED 2011 levels,France,2011,21.9,,
ESTAT:TEPSR_WC170(1.0),11/09/25 23:00:00,Annual,Percentage,Total,From 15 to 24 years,All ISCED 2011 levels,France,2012,23.7,,
ESTAT:TEPSR_WC170(1.0),11/09/25 23:00:00,Annual,Percentage,Total,From 15 to 24 years,All ISCED 2011 levels,France,2013,24.1,b,
ESTAT:TEPSR_WC170(1.0),11/09/25 23:00:00,Annual,Percentage,Total,From 15 to 24 years,All ISCED 2011 levels,France,2014,24.2,b,
ESTAT:TEPSR_WC170(1.0),11/09/25 23:00:00,Annual,Percentage,Total,From 15 to 24 years,All ISCED 2011 levels,France,2015,24.7,,
ESTAT:TEPSR_WC170(1.0),11/09/25 23:00:00,Annual,Percentage,Total,From 15 to 24 years,All ISCED 2011 levels,France,2016,24.5,,
ESTAT:TEPSR_WC170(1.0),11/09/25 23:00:00,Annual,Percentage,Total,From 15 to 24 years,All ISCED 2011 levels,France,2017,22.1,,
ESTAT:TEPSR_WC170(1.0),11/09/25 23:00:00,Annual,Percentage,Total,From 15 to 24 years,All ISCED 2011 levels,France,2018,20.8,,
ESTAT:TEPSR_WC170(1.0),11/09/25 23:00:00,Annual,Percentage,Total,From 15 to 24 years,All ISCED 2011 levels,France,2019,19.5,,
ESTAT:TEPSR_WC170(1.0),11/09/25 23:00:00,Annual,Percentage,Total,From 15 to 24 years,All ISCED 2011 levels,France,2020,20.2,,
ESTAT:TEPSR_WC170(1.0),11/09/25 23:00:00,Annual,Percentage,Total,From 15 to 24 years,All ISCED 2011 levels,France,2021,18.9,bd,
ESTAT:TEPSR_WC170(1.0),11/09/25 23:00:00,Annual,Percentage,Total,From 15 to 24 years,All ISCED 2011 levels,France,2022,17.3,d,
ESTAT:TEPSR_WC170(1.0),11/09/25 23:00:00,Annual,Percentage,Total,From 15 to 24 years,All ISCED 2011 levels,France,2023,17.2,d,
ESTAT:TEPSR_WC170(1.0),11/09/25 23:00:00,Annual,Percentage,Total,From 15 to 24 years,All ISCED 2011 levels,France,2024,18.7,d,
ESTAT:TEPSR_WC170(1.0),11/09/25 23:00:00,Annual,Percentage,Total,From 15 to 24 years,All ISCED 2011 levels,Croatia,2005,32.3,b,
ESTAT:TEPSR_WC170(1.0),11/09/25 23:00:00,Annual,Percentage,Total,From 15 to 24 years,All ISCED 2011 levels,Croatia,2006,28.9,b,
ESTAT:TEPSR_WC170(1.0),11/09/25 23:00:00,Annual,Percentage,Total,From 15 to 24 years,All ISCED 2011 levels,Croatia,2007,25.2,,
ESTAT:TEPSR_WC170(1.0),11/09/25 23:00:00,Annual,Percentage,Total,From 15 to 24 years,All ISCED 2011 levels,Croatia,2008,23.7,,
ESTAT:TEPSR_WC170(1.0),11/09/25 23:00:00,Annual,Percentage,Total,From 15 to 24 years,All ISCED 2011 levels,Croatia,2009,25.2,,
ESTAT:TEPSR_WC170(1.0),11/09/25 23:00:00,Annual,Percentage,Total,From 15 to 24 years,All ISCED 2011 levels,Croatia,2010,32.4,b,
ESTAT:TEPSR_WC170(1.0),11/09/25 23:00:00,Annual,Percentage,Total,From 15 to 24 years,All ISCED 2011 levels,Croatia,2011,36.7,,
ESTAT:TEPSR_WC170(1.0),11/09/25 23:00:00,Annual,Percentage,Total,From 15 to 24 years,All ISCED 2011 levels,Croatia,2012,42.5,b,
ESTAT:TEPSR_WC170(1.0),11/09/25 23:00:00,Annual,Percentage,Total,From 15 to 24 years,All ISCED 2011 levels,Croatia,2013,50.5,,
ESTAT:TEPSR_WC170(1.0),11/09/25 23:00:00,Annual,Percentage,Total,From 15 to 24 years,All ISCED 2011 levels,Croatia,2014,45.7,b,
ESTAT:TEPSR_WC170(1.0),11/09/25 23:00:00,Annual,Percentage,Total,From 15 to 24 years,All ISCED 2011 levels,Croatia,2015,42.3,,
ESTAT:TEPSR_WC170(1.0),11/09/25 23:00:00,Annual,Percentage,Total,From 15 to 24 years,All ISCED 2011 levels,Croatia,2016,30.9,,
ESTAT:TEPSR_WC170(1.0),11/09/25 23:00:00,Annual,Percentage,Total,From 15 to 24 years,All ISCED 2011 levels,Croatia,2017,27.4,,
ESTAT:TEPSR_WC170(1.0),11/09/25 23:00:00,Annual,Percentage,Total,From 15 to 24 years,All ISCED 2011 levels,Croatia,2018,23.5,,
ESTAT:TEPSR_WC170(1.0),11/09/25 23:00:00,Annual,Percentage,Total,From 15 to 24 years,All ISCED 2011 levels,Croatia,2019,16.7,,
ESTAT:TEPSR_WC170(1.0),11/09/25 23:00:00,Annual,Percentage,Total,From 15 to 24 years,All ISCED 2011 levels,Croatia,2020,20.6,,
ESTAT:TEPSR_WC170(1.0),11/09/25 23:00:00,Annual,Percentage,Total,From 15 to 24 years,All ISCED 2011 levels,Croatia,2021,21.5,b,
ESTAT:TEPSR_WC170(1.0),11/09/25 23:00:00,Annual,Percentage,Total,From 15 to 24 years,All ISCED 2011 levels,Croatia,2022,17.7,,
ESTAT:TEPSR_WC170(1.0),11/09/25 23:00:00,Annual,Percentage,Total,From 15 to 24 years,All ISCED 2011 levels,Croatia,2023,18.9,,
ESTAT:TEPSR_WC170(1.0),11/09/25 23:00:00,Annual,Percentage,Total,From 15 to 24 years,All ISCED 2011 levels,Croatia,2024,16.8,,
ESTAT:TEPSR_WC170(1.0),11/09/25 23:00:00,Annual,Percentage,Total,From 15 to 24 years,All ISCED 2011 levels,Hungary,2005,19.4,b,
ESTAT:TEPSR_WC170(1.0),11/09/25 23:00:00,Annual,Percentage,Total,From 15 to 24 years,All ISCED 2011 levels,Hungary,2006,19.1,,
ESTAT:TEPSR_WC170(1.0),11/09/25 23:00:00,Annual,Percentage,Total,From 15 to 24 years,All ISCED 2011 levels,Hungary,2007,18.0,,
ESTAT:TEPSR_WC170(1.0),11/09/25 23:00:00,Annual,Percentage,Total,From 15 to 24 years,All ISCED 2011 levels,Hungary,2008,19.5,,
ESTAT:TEPSR_WC170(1.0),11/09/25 23:00:00,Annual,Percentage,Total,From 15 to 24 years,All ISCED 2011 levels,Hungary,2009,26.4,,
ESTAT:TEPSR_WC170(1.0),11/09/25 23:00:00,Annual,Percentage,Total,From 15 to 24 years,All ISCED 2011 levels,Hungary,2010,26.4,,
ESTAT:TEPSR_WC170(1.0),11/09/25 23:00:00,Annual,Percentage,Total,From 15 to 24 years,All ISCED 2011 levels,Hungary,2011,26.0,,
ESTAT:TEPSR_WC170(1.0),11/09/25 23:00:00,Annual,Percentage,Total,From 15 to 24 years,All ISCED 2011 levels,Hungary,2012,28.2,,
ESTAT:TEPSR_WC170(1.0),11/09/25 23:00:00,Annual,Percentage,Total,From 15 to 24 years,All ISCED 2011 levels,Hungary,2013,26.6,,
ESTAT:TEPSR_WC170(1.0),11/09/25 23:00:00,Annual,Percentage,Total,From 15 to 24 years,All ISCED 2011 levels,Hungary,2014,20.4,b,
ESTAT:TEPSR_WC170(1.0),11/09/25 23:00:00,Annual,Percentage,Total,From 15 to 24 years,All ISCED 2011 levels,Hungary,2015,17.3,,
ESTAT:TEPSR_WC170(1.0),11/09/25 23:00:00,Annual,Percentage,Total,From 15 to 24 years,All ISCED 2011 levels,Hungary,2016,12.9,,
ESTAT:TEPSR_WC170(1.0),11/09/25 23:00:00,Annual,Percentage,Total,From 15 to 24 years,All ISCED 2011 levels,Hungary,2017,10.7,,
ESTAT:TEPSR_WC170(1.0),11/09/25 23:00:00,Annual,Percentage,Total,From 15 to 24 years,All ISCED 2011 levels,Hungary,2018,10.2,b,
ESTAT:TEPSR_WC170(1.0),11/09/25 23:00:00,Annual,Percentage,Total,From 15 to 24 years,All ISCED 2011 levels,Hungary,2019,11.5,,
ESTAT:TEPSR_WC170(1.0),11/09/25 23:00:00,Annual,Percentage,Total,From 15 to 24 years,All ISCED 2011 levels,Hungary,2020,12.9,,
ESTAT:TEPSR_WC170(1.0),11/09/25 23:00:00,Annual,Percentage,Total,From 15 to 24 years,All ISCED 2011 levels,Hungary,2021,13.6,b,
ESTAT:TEPSR_WC170(1.0),11/09/25 23:00:00,Annual,Percentage,Total,From 15 to 24 years,All ISCED 2011 levels,Hungary,2022,10.6,,
ESTAT:TEPSR_WC170(1.0),11/09/25 23:00:00,Annual,Percentage,Total,From 15 to 24 years,All ISCED 2011 levels,Hungary,2023,12.8,,
ESTAT:TEPSR_WC170(1.0),11/09/25 23:00:00,Annual,Percentage,Total,From 15 to 24 years,All ISCED 2011 levels,Hungary,2024,15.2,,
ESTAT:TEPSR_WC170(1.0),11/09/25 23:00:00,Annual,Percentage,Total,From 15 to 24 years,All ISCED 2011 levels,Ireland,2005,8.6,b,
ESTAT:TEPSR_WC170(1.0),11/09/25 23:00:00,Annual,Percentage,Total,From 15 to 24 years,All ISCED 2011 levels,Ireland,2006,8.6,,
ESTAT:TEPSR_WC170(1.0),11/09/25 23:00:00,Annual,Percentage,Total,From 15 to 24 years,All ISCED 2011 levels,Ireland,2007,9.2,b,
ESTAT:TEPSR_WC170(1.0),11/09/25 23:00:00,Annual,Percentage,Total,From 15 to 24 years,All ISCED 2011 levels,Ireland,2008,13.5,,
ESTAT:TEPSR_WC170(1.0),11/09/25 23:00:00,Annual,Percentage,Total,From 15 to 24 years,All ISCED 2011 levels,Ireland,2009,24.5,,
ESTAT:TEPSR_WC170(1.0),11/09/25 23:00:00,Annual,Percentage,Total,From 15 to 24 years,All ISCED 2011 levels,Ireland,2010,28.1,,
ESTAT:TEPSR_WC170(1.0),11/09/25 23:00:00,Annual,Percentage,Total,From 15 to 24 years,All ISCED 2011 levels,Ireland,2011,29.6,,
ESTAT:TEPSR_WC170(1.0),11/09/25 23:00:00,Annual,Percentage,Total,From 15 to 24 years,All ISCED 2011 levels,Ireland,2012,30.8,,
ESTAT:TEPSR_WC170(1.0),11/09/25 23:00:00,Annual,Percentage,Total,From 15 to 24 years,All ISCED 2011 levels,Ireland,2013,26.7,,
ESTAT:TEPSR_WC170(1.0),11/09/25 23:00:00,Annual,Percentage,Total,From 15 to 24 years,All ISCED 2011 levels,Ireland,2014,23.4,b,
ESTAT:TEPSR_WC170(1.0),11/09/25 23:00:00,Annual,Percentage,Total,From 15 to 24 years,All ISCED 2011 levels,Ireland,2015,20.2,,
ESTAT:TEPSR_WC170(1.0),11/09/25 23:00:00,Annual,Percentage,Total,From 15 to 24 years,All ISCED 2011 levels,Ireland,2016,16.8,,
ESTAT:TEPSR_WC170(1.0),11/09/25 23:00:00,Annual,Percentage,Total,From 15 to 24 years,All ISCED 2011 levels,Ireland,2017,14.4,b,
ESTAT:TEPSR_WC170(1.0),11/09/25 23:00:00,Annual,Percentage,Total,From 15 to 24 years,All ISCED 2011 levels,Ireland,2018,13.8,,
ESTAT:TEPSR_WC170(1.0),11/09/25 23:00:00,Annual,Percentage,Total,From 15 to 24 years,All ISCED 2011 levels,Ireland,2019,12.5,,
ESTAT:TEPSR_WC170(1.0),11/09/25 23:00:00,Annual,Percentage,Total,From 15 to 24 years,All ISCED 2011 levels,Ireland,2020,15.3,,
ESTAT:TEPSR_WC170(1.0),11/09/25 23:00:00,Annual,Percentage,Total,From 15 to 24 years,All ISCED 2011 levels,Ireland,2021,14.6,b,
ESTAT:TEPSR_WC170(1.0),11/09/25 23:00:00,Annual,Percentage,Total,From 15 to 24 years,All ISCED 2011 levels,Ireland,2022,10.1,,
ESTAT:TEPSR_WC170(1.0),11/09/25 23:00:00,Annual,Percentage,Total,From 15 to 24 years,All ISCED 2011 levels,Ireland,2023,10.7,,
ESTAT:TEPSR_WC170(1.0),11/09/25 23:00:00,Annual,Percentage,Total,From 15 to 24 years,All ISCED 2011 levels,Ireland,2024,10.6,,
ESTAT:TEPSR_WC170(1.0),11/09/25 23:00:00,Annual,Percentage,Total,From 15 to 24 years,All ISCED 2011 levels,Iceland,2005,7.4,b,
ESTAT:TEPSR_WC170(1.0),11/09/25 23:00:00,Annual,Percentage,Total,From 15 to 24 years,All ISCED 2011 levels,Iceland,2006,8.3,,
ESTAT:TEPSR_WC170(1.0),11/09/25 23:00:00,Annual,Percentage,Total,From 15 to 24 years,All ISCED 2011 levels,Iceland,2007,7.0,,
ESTAT:TEPSR_WC170(1.0),11/09/25 23:00:00,Annual,Percentage,Total,From 15 to 24 years,All ISCED 2011 levels,Iceland,2008,8.2,,
ESTAT:TEPSR_WC170(1.0),11/09/25 23:00:00,Annual,Percentage,Total,From 15 to 24 years,All ISCED 2011 levels,Iceland,2009,15.9,,
ESTAT:TEPSR_WC170(1.0),11/09/25 23:00:00,Annual,Percentage,Total,From 15 to 24 years,All ISCED 2011 levels,Iceland,2010,16.2,,
ESTAT:TEPSR_WC170(1.0),11/09/25 23:00:00,Annual,Percentage,Total,From 15 to 24 years,All ISCED 2011 levels,Iceland,2011,14.4,,
ESTAT:TEPSR_WC170(1.0),11/09/25 23:00:00,Annual,Percentage,Total,From 15 to 24 years,All ISCED 2011 levels,Iceland,2012,13.5,,
ESTAT:TEPSR_WC170(1.0),11/09/25 23:00:00,Annual,Percentage,Total,From 15 to 24 years,All ISCED 2011 levels,Iceland,2013,10.6,,
ESTAT:TEPSR_WC170(1.0),11/09/25 23:00:00,Annual,Percentage,Total,From 15 to 24 years,All ISCED 2011 levels,Iceland,2014,9.8,b,
ESTAT:TEPSR_WC170(1.0),11/09/25 23:00:00,Annual,Percentage,Total,From 15 to 24 years,All ISCED 2011 levels,Iceland,2015,8.8,,
ESTAT:TEPSR_WC170(1.0),11/09/25 23:00:00,Annual,Percentage,Total,From 15 to 24 years,All ISCED 2011 levels,Iceland,2016,6.5,,
ESTAT:TEPSR_WC170(1.0),11/09/25 23:00:00,Annual,Percentage,Total,From 15 to 24 years,All ISCED 2011 levels,Iceland,2017,7.9,,
ESTAT:TEPSR_WC170(1.0),11/09/25 23:00:00,Annual,Percentage,Total,From 15 to 24 years,All ISCED 2011 levels,Iceland,2018,6.1,,
ESTAT:TEPSR_WC170(1.0),11/09/25 23:00:00,Annual,Percentage,Total,From 15 to 24 years,All ISCED 2011 levels,Iceland,2019,8.7,,
ESTAT:TEPSR_WC170(1.0),11/09/25 23:00:00,Annual,Percentage,Total,From 15 to 24 years,All ISCED 2011 levels,Iceland,2020,10.0,b,
ESTAT:TEPSR_WC170(1.0),11/09/25 23:00:00,Annual,Percentage,Total,From 15 to 24 years,All ISCED 2011 levels,Iceland,2021,12.1,b,
ESTAT:TEPSR_WC170(1.0),11/09/25 23:00:00,Annual,Percentage,Total,From 15 to 24 years,All ISCED 2011 levels,Iceland,2022,8.7,,
ESTAT:TEPSR_WC170(1.0),11/09/25 23:00:00,Annual,Percentage,Total,From 15 to 24 years,All ISCED 2011 levels,Iceland,2023,8.8,,
ESTAT:TEPSR_WC170(1.0),11/09/25 23:00:00,Annual,Percentage,Total,From 15 to 24 years,All ISCED 2011 levels,Iceland,2024,9.1,,
ESTAT:TEPSR_WC170(1.0),11/09/25 23:00:00,Annual,Percentage,Total,From 15 to 24 years,All ISCED 2011 levels,Italy,2005,24.1,b,
ESTAT:TEPSR_WC170(1.0),11/09/25 23:00:00,Annual,Percentage,Total,From 15 to 24 years,All ISCED 2011 levels,Italy,2006,21.8,,
ESTAT:TEPSR_WC170(1.0),11/09/25 23:00:00,Annual,Percentage,Total,From 15 to 24 years,All ISCED 2011 levels,Italy,2007,20.4,,
ESTAT:TEPSR_WC170(1.0),11/09/25 23:00:00,Annual,Percentage,Total,From 15 to 24 years,All ISCED 2011 levels,Italy,2008,21.2,,
ESTAT:TEPSR_WC170(1.0),11/09/25 23:00:00,Annual,Percentage,Total,From 15 to 24 years,All ISCED 2011 levels,Italy,2009,25.3,,
ESTAT:TEPSR_WC170(1.0),11/09/25 23:00:00,Annual,Percentage,Total,From 15 to 24 years,All ISCED 2011 levels,Italy,2010,27.9,,
ESTAT:TEPSR_WC170(1.0),11/09/25 23:00:00,Annual,Percentage,Total,From 15 to 24 years,All ISCED 2011 levels,Italy,2011,29.2,,
ESTAT:TEPSR_WC170(1.0),11/09/25 23:00:00,Annual,Percentage,Total,From 15 to 24 years,All ISCED 2011 levels,Italy,2012,35.3,,
ESTAT:TEPSR_WC170(1.0),11/09/25 23:00:00,Annual,Percentage,Total,From 15 to 24 years,All ISCED 2011 levels,Italy,2013,40.0,,
ESTAT:TEPSR_WC170(1.0),11/09/25 23:00:00,Annual,Percentage,Total,From 15 to 24 years,All ISCED 2011 levels,Italy,2014,42.7,b,
ESTAT:TEPSR_WC170(1.0),11/09/25 23:00:00,Annual,Percentage,Total,From 15 to 24 years,All ISCED 2011 levels,Italy,2015,40.3,,
ESTAT:TEPSR_WC170(1.0),11/09/25 23:00:00,Annual,Percentage,Total,From 15 to 24 years,All ISCED 2011 levels,Italy,2016,37.8,,
ESTAT:TEPSR_WC170(1.0),11/09/25 23:00:00,Annual,Percentage,Total,From 15 to 24 years,All ISCED 2011 levels,Italy,2017,34.7,,
ESTAT:TEPSR_WC170(1.0),11/09/25 23:00:00,Annual,Percentage,Total,From 15 to 24 years,All ISCED 2011 levels,Italy,2018,32.2,b,
ESTAT:TEPSR_WC170(1.0),11/09/25 23:00:00,Annual,Percentage,Total,From 15 to 24 years,All ISCED 2011 levels,Italy,2019,29.1,,
ESTAT:TEPSR_WC170(1.0),11/09/25 23:00:00,Annual,Percentage,Total,From 15 to 24 years,All ISCED 2011 levels,Italy,2020,29.7,,
ESTAT:TEPSR_WC170(1.0),11/09/25 23:00:00,Annual,Percentage,Total,From 15 to 24 years,All ISCED 2011 levels,Italy,2021,29.7,b,
ESTAT:TEPSR_WC170(1.0),11/09/25 23:00:00,Annual,Percentage,Total,From 15 to 24 years,All ISCED 2011 levels,Italy,2022,23.7,,
ESTAT:TEPSR_WC170(1.0),11/09/25 23:00:00,Annual,Percentage,Total,From 15 to 24 years,All ISCED 2011 levels,Italy,2023,22.7,,
ESTAT:TEPSR_WC170(1.0),11/09/25 23:00:00,Annual,Percentage,Total,From 15 to 24 years,All ISCED 2011 levels,Italy,2024,20.3,,
ESTAT:TEPSR_WC170(1.0),11/09/25 23:00:00,Annual,Percentage,Total,From 15 to 24 years,All ISCED 2011 levels,Lithuania,2005,15.8,bu,
ESTAT:TEPSR_WC170(1.0),11/09/25 23:00:00,Annual,Percentage,Total,From 15 to 24 years,All ISCED 2011 levels,Lithuania,2006,10.0,u,
ESTAT:TEPSR_WC170(1.0),11/09/25 23:00:00,Annual,Percentage,Total,From 15 to 24 years,All ISCED 2011 levels,Lithuania,2007,8.4,u,
ESTAT:TEPSR_WC170(1.0),11/09/25 23:00:00,Annual,Percentage,Total,From 15 to 24 years,All ISCED 2011 levels,Lithuania,2008,13.3,u,
ESTAT:TEPSR_WC170(1.0),11/09/25 23:00:00,Annual,Percentage,Total,From 15 to 24 years,All ISCED 2011 levels,Lithuania,2009,29.6,,
ESTAT:TEPSR_WC170(1.0),11/09/25 23:00:00,Annual,Percentage,Total,From 15 to 24 years,All ISCED 2011 levels,Lithuania,2010,35.7,,
ESTAT:TEPSR_WC170(1.0),11/09/25 23:00:00,Annual,Percentage,Total,From 15 to 24 years,All ISCED 2011 levels,Lithuania,2011,32.6,,
ESTAT:TEPSR_WC170(1.0),11/09/25 23:00:00,Annual,Percentage,Total,From 15 to 24 years,All ISCED 2011 levels,Lithuania,2012,26.7,,
ESTAT:TEPSR_WC170(1.0),11/09/25 23:00:00,Annual,Percentage,Total,From 15 to 24 years,All ISCED 2011 levels,Lithuania,2013,21.9,,
ESTAT:TEPSR_WC170(1.0),11/09/25 23:00:00,Annual,Percentage,Total,From 15 to 24 years,All ISCED 2011 levels,Lithuania,2014,19.3,b,
ESTAT:TEPSR_WC170(1.0),11/09/25 23:00:00,Annual,Percentage,Total,From 15 to 24 years,All ISCED 2011 levels,Lithuania,2015,16.3,,
ESTAT:TEPSR_WC170(1.0),11/09/25 23:00:00,Annual,Percentage,Total,From 15 to 24 years,All ISCED 2011 levels,Lithuania,2016,14.5,,
ESTAT:TEPSR_WC170(1.0),11/09/25 23:00:00,Annual,Percentage,Total,From 15 to 24 years,All ISCED 2011 levels,Lithuania,2017,13.3,,
ESTAT:TEPSR_WC170(1.0),11/09/25 23:00:00,Annual,Percentage,Total,From 15 to 24 years,All ISCED 2011 levels,Lithuania,2018,11.1,,
ESTAT:TEPSR_WC170(1.0),11/09/25 23:00:00,Annual,Percentage,Total,From 15 to 24 years,All ISCED 2011 levels,Lithuania,2019,11.9,,
ESTAT:TEPSR_WC170(1.0),11/09/25 23:00:00,Annual,Percentage,Total,From 15 to 24 years,All ISCED 2011 levels,Lithuania,2020,19.6,,
ESTAT:TEPSR_WC170(1.0),11/09/25 23:00:00,Annual,Percentage,Total,From 15 to 24 years,All ISCED 2011 levels,Lithuania,2021,14.3,b,
ESTAT:TEPSR_WC170(1.0),11/09/25 23:00:00,Annual,Percentage,Total,From 15 to 24 years,All ISCED 2011 levels,Lithuania,2022,11.9,,
ESTAT:TEPSR_WC170(1.0),11/09/25 23:00:00,Annual,Percentage,Total,From 15 to 24 years,All ISCED 2011 levels,Lithuania,2023,13.8,,
ESTAT:TEPSR_WC170(1.0),11/09/25 23:00:00,Annual,Percentage,Total,From 15 to 24 years,All ISCED 2011 levels,Lithuania,2024,16.2,,
ESTAT:TEPSR_WC170(1.0),11/09/25 23:00:00,Annual,Percentage,Total,From 15 to 24 years,All ISCED 2011 levels,Luxembourg,2005,13.7,b,
ESTAT:TEPSR_WC170(1.0),11/09/25 23:00:00,Annual,Percentage,Total,From 15 to 24 years,All ISCED 2011 levels,Luxembourg,2006,16.2,,
ESTAT:TEPSR_WC170(1.0),11/09/25 23:00:00,Annual,Percentage,Total,From 15 to 24 years,All ISCED 2011 levels,Luxembourg,2007,15.2,b,
ESTAT:TEPSR_WC170(1.0),11/09/25 23:00:00,Annual,Percentage,Total,From 15 to 24 years,All ISCED 2011 levels,Luxembourg,2008,17.9,,
ESTAT:TEPSR_WC170(1.0),11/09/25 23:00:00,Annual,Percentage,Total,From 15 to 24 years,All ISCED 2011 levels,Luxembourg,2009,17.2,b,
ESTAT:TEPSR_WC170(1.0),11/09/25 23:00:00,Annual,Percentage,Total,From 15 to 24 years,All ISCED 2011 levels,Luxembourg,2010,14.2,,
ESTAT:TEPSR_WC170(1.0),11/09/25 23:00:00,Annual,Percentage,Total,From 15 to 24 years,All ISCED 2011 levels,Luxembourg,2011,16.8,,
ESTAT:TEPSR_WC170(1.0),11/09/25 23:00:00,Annual,Percentage,Total,From 15 to 24 years,All ISCED 2011 levels,Luxembourg,2012,18.8,,
ESTAT:TEPSR_WC170(1.0),11/09/25 23:00:00,Annual,Percentage,Total,From 15 to 24 years,All ISCED 2011 levels,Luxembourg,2013,15.5,,
ESTAT:TEPSR_WC170(1.0),11/09/25 23:00:00,Annual,Percentage,Total,From 15 to 24 years,All ISCED 2011 levels,Luxembourg,2014,22.6,b,
ESTAT:TEPSR_WC170(1.0),11/09/25 23:00:00,Annual,Percentage,Total,From 15 to 24 years,All ISCED 2011 levels,Luxembourg,2015,17.3,b,
ESTAT:TEPSR_WC170(1.0),11/09/25 23:00:00,Annual,Percentage,Total,From 15 to 24 years,All ISCED 2011 levels,Luxembourg,2016,18.9,,
ESTAT:TEPSR_WC170(1.0),11/09/25 23:00:00,Annual,Percentage,Total,From 15 to 24 years,All ISCED 2011 levels,Luxembourg,2017,15.4,,
ESTAT:TEPSR_WC170(1.0),11/09/25 23:00:00,Annual,Percentage,Total,From 15 to 24 years,All ISCED 2011 levels,Luxembourg,2018,14.2,,
ESTAT:TEPSR_WC170(1.0),11/09/25 23:00:00,Annual,Percentage,Total,From 15 to 24 years,All ISCED 2011 levels,Luxembourg,2019,17.0,,
ESTAT:TEPSR_WC170(1.0),11/09/25 23:00:00,Annual,Percentage,Total,From 15 to 24 years,All ISCED 2011 levels,Luxembourg,2020,23.2,,
ESTAT:TEPSR_WC170(1.0),11/09/25 23:00:00,Annual,Percentage,Total,From 15 to 24 years,All ISCED 2011 levels,Luxembourg,2021,16.9,b,
ESTAT:TEPSR_WC170(1.0),11/09/25 23:00:00,Annual,Percentage,Total,From 15 to 24 years,All ISCED 2011 levels,Luxembourg,2022,17.6,,
ESTAT:TEPSR_WC170(1.0),11/09/25 23:00:00,Annual,Percentage,Total,From 15 to 24 years,All ISCED 2011 levels,Luxembourg,2023,18.8,,
ESTAT:TEPSR_WC170(1.0),11/09/25 23:00:00,Annual,Percentage,Total,From 15 to 24 years,All ISCED 2011 levels,Luxembourg,2024,21.6,,
ESTAT:TEPSR_WC170(1.0),11/09/25 23:00:00,Annual,Percentage,Total,From 15 to 24 years,All ISCED 2011 levels,Latvia,2005,15.1,b,
ESTAT:TEPSR_WC170(1.0),11/09/25 23:00:00,Annual,Percentage,Total,From 15 to 24 years,All ISCED 2011 levels,Latvia,2006,13.6,,
ESTAT:TEPSR_WC170(1.0),11/09/25 23:00:00,Annual,Percentage,Total,From 15 to 24 years,All ISCED 2011 levels,Latvia,2007,10.6,,
ESTAT:TEPSR_WC170(1.0),11/09/25 23:00:00,Annual,Percentage,Total,From 15 to 24 years,All ISCED 2011 levels,Latvia,2008,13.6,,
ESTAT:TEPSR_WC170(1.0),11/09/25 23:00:00,Annual,Percentage,Total,From 15 to 24 years,All ISCED 2011 levels,Latvia,2009,33.3,,
ESTAT:TEPSR_WC170(1.0),11/09/25 23:00:00,Annual,Percentage,Total,From 15 to 24 years,All ISCED 2011 levels,Latvia,2010,36.2,,
ESTAT:TEPSR_WC170(1.0),11/09/25 23:00:00,Annual,Percentage,Total,From 15 to 24 years,All ISCED 2011 levels,Latvia,2011,31.0,,
ESTAT:TEPSR_WC170(1.0),11/09/25 23:00:00,Annual,Percentage,Total,From 15 to 24 years,All ISCED 2011 levels,Latvia,2012,28.5,,
ESTAT:TEPSR_WC170(1.0),11/09/25 23:00:00,Annual,Percentage,Total,From 15 to 24 years,All ISCED 2011 levels,Latvia,2013,23.2,,
ESTAT:TEPSR_WC170(1.0),11/09/25 23:00:00,Annual,Percentage,Total,From 15 to 24 years,All ISCED 2011 levels,Latvia,2014,19.6,b,
ESTAT:TEPSR_WC170(1.0),11/09/25 23:00:00,Annual,Percentage,Total,From 15 to 24 years,All ISCED 2011 levels,Latvia,2015,16.3,,
ESTAT:TEPSR_WC170(1.0),11/09/25 23:00:00,Annual,Percentage,Total,From 15 to 24 years,All ISCED 2011 levels,Latvia,2016,17.3,,
ESTAT:TEPSR_WC170(1.0),11/09/25 23:00:00,Annual,Percentage,Total,From 15 to 24 years,All ISCED 2011 levels,Latvia,2017,17.0,,
ESTAT:TEPSR_WC170(1.0),11/09/25 23:00:00,Annual,Percentage,Total,From 15 to 24 years,All ISCED 2011 levels,Latvia,2018,12.2,,
ESTAT:TEPSR_WC170(1.0),11/09/25 23:00:00,Annual,Percentage,Total,From 15 to 24 years,All ISCED 2011 levels,Latvia,2019,12.4,,
ESTAT:TEPSR_WC170(1.0),11/09/25 23:00:00,Annual,Percentage,Total,From 15 to 24 years,All ISCED 2011 levels,Latvia,2020,14.9,,
ESTAT:TEPSR_WC170(1.0),11/09/25 23:00:00,Annual,Percentage,Total,From 15 to 24 years,All ISCED 2011 levels,Latvia,2021,14.8,b,
ESTAT:TEPSR_WC170(1.0),11/09/25 23:00:00,Annual,Percentage,Total,From 15 to 24 years,All ISCED 2011 levels,Latvia,2022,15.3,,
ESTAT:TEPSR_WC170(1.0),11/09/25 23:00:00,Annual,Percentage,Total,From 15 to 24 years,All ISCED 2011 levels,Latvia,2023,12.3,,
ESTAT:TEPSR_WC170(1.0),11/09/25 23:00:00,Annual,Percentage,Total,From 15 to 24 years,All ISCED 2011 levels,Latvia,2024,13.6,,
ESTAT:TEPSR_WC170(1.0),11/09/25 23:00:00,Annual,Percentage,Total,From 15 to 24 years,All ISCED 2011 levels,Montenegro,2011,36.6,,
ESTAT:TEPSR_WC170(1.0),11/09/25 23:00:00,Annual,Percentage,Total,From 15 to 24 years,All ISCED 2011 levels,Montenegro,2012,42.2,,
ESTAT:TEPSR_WC170(1.0),11/09/25 23:00:00,Annual,Percentage,Total,From 15 to 24 years,All ISCED 2011 levels,Montenegro,2013,40.5,,
ESTAT:TEPSR_WC170(1.0),11/09/25 23:00:00,Annual,Percentage,Total,From 15 to 24 years,All ISCED 2011 levels,Montenegro,2014,35.8,b,
ESTAT:TEPSR_WC170(1.0),11/09/25 23:00:00,Annual,Percentage,Total,From 15 to 24 years,All ISCED 2011 levels,Montenegro,2015,37.6,,
ESTAT:TEPSR_WC170(1.0),11/09/25 23:00:00,Annual,Percentage,Total,From 15 to 24 years,All ISCED 2011 levels,Montenegro,2016,35.9,,
ESTAT:TEPSR_WC170(1.0),11/09/25 23:00:00,Annual,Percentage,Total,From 15 to 24 years,All ISCED 2011 levels,Montenegro,2017,31.7,,
ESTAT:TEPSR_WC170(1.0),11/09/25 23:00:00,Annual,Percentage,Total,From 15 to 24 years,All ISCED 2011 levels,Montenegro,2018,29.4,,
ESTAT:TEPSR_WC170(1.0),11/09/25 23:00:00,Annual,Percentage,Total,From 15 to 24 years,All ISCED 2011 levels,Montenegro,2019,25.2,,
ESTAT:TEPSR_WC170(1.0),11/09/25 23:00:00,Annual,Percentage,Total,From 15 to 24 years,All ISCED 2011 levels,Montenegro,2020,36.0,,
ESTAT:TEPSR_WC170(1.0),11/09/25 23:00:00,Annual,Percentage,Total,From 15 to 24 years,All ISCED 2011 levels,North Macedonia,2006,59.7,,
ESTAT:TEPSR_WC170(1.0),11/09/25 23:00:00,Annual,Percentage,Total,From 15 to 24 years,All ISCED 2011 levels,North Macedonia,2007,57.7,,
ESTAT:TEPSR_WC170(1.0),11/09/25 23:00:00,Annual,Percentage,Total,From 15 to 24 years,All ISCED 2011 levels,North Macedonia,2008,56.4,,
ESTAT:TEPSR_WC170(1.0),11/09/25 23:00:00,Annual,Percentage,Total,From 15 to 24 years,All ISCED 2011 levels,North Macedonia,2009,55.1,,
ESTAT:TEPSR_WC170(1.0),11/09/25 23:00:00,Annual,Percentage,Total,From 15 to 24 years,All ISCED 2011 levels,North Macedonia,2010,53.7,,
ESTAT:TEPSR_WC170(1.0),11/09/25 23:00:00,Annual,Percentage,Total,From 15 to 24 years,All ISCED 2011 levels,North Macedonia,2011,55.3,,
ESTAT:TEPSR_WC170(1.0),11/09/25 23:00:00,Annual,Percentage,Total,From 15 to 24 years,All ISCED 2011 levels,North Macedonia,2012,53.9,,
ESTAT:TEPSR_WC170(1.0),11/09/25 23:00:00,Annual,Percentage,Total,From 15 to 24 years,All ISCED 2011 levels,North Macedonia,2013,51.9,,
ESTAT:TEPSR_WC170(1.0),11/09/25 23:00:00,Annual,Percentage,Total,From 15 to 24 years,All ISCED 2011 levels,North Macedonia,2014,53.1,b,
ESTAT:TEPSR_WC170(1.0),11/09/25 23:00:00,Annual,Percentage,Total,From 15 to 24 years,All ISCED 2011 levels,North Macedonia,2015,47.3,,
ESTAT:TEPSR_WC170(1.0),11/09/25 23:00:00,Annual,Percentage,Total,From 15 to 24 years,All ISCED 2011 levels,North Macedonia,2016,48.2,,
ESTAT:TEPSR_WC170(1.0),11/09/25 23:00:00,Annual,Percentage,Total,From 15 to 24 years,All ISCED 2011 levels,North Macedonia,2017,46.7,,
ESTAT:TEPSR_WC170(1.0),11/09/25 23:00:00,Annual,Percentage,Total,From 15 to 24 years,All ISCED 2011 levels,North Macedonia,2018,45.4,,
ESTAT:TEPSR_WC170(1.0),11/09/25 23:00:00,Annual,Percentage,Total,From 15 to 24 years,All ISCED 2011 levels,North Macedonia,2019,35.6,,
ESTAT:TEPSR_WC170(1.0),11/09/25 23:00:00,Annual,Percentage,Total,From 15 to 24 years,All ISCED 2011 levels,North Macedonia,2020,35.7,,
ESTAT:TEPSR_WC170(1.0),11/09/25 23:00:00,Annual,Percentage,Total,From 15 to 24 years,All ISCED 2011 levels,Malta,2005,16.1,b,
ESTAT:TEPSR_WC170(1.0),11/09/25 23:00:00,Annual,Percentage,Total,From 15 to 24 years,All ISCED 2011 levels,Malta,2006,15.5,,
ESTAT:TEPSR_WC170(1.0),11/09/25 23:00:00,Annual,Percentage,Total,From 15 to 24 years,All ISCED 2011 levels,Malta,2007,13.5,,
ESTAT:TEPSR_WC170(1.0),11/09/25 23:00:00,Annual,Percentage,Total,From 15 to 24 years,All ISCED 2011 levels,Malta,2008,11.7,,
ESTAT:TEPSR_WC170(1.0),11/09/25 23:00:00,Annual,Percentage,Total,From 15 to 24 years,All ISCED 2011 levels,Malta,2009,14.5,,
ESTAT:TEPSR_WC170(1.0),11/09/25 23:00:00,Annual,Percentage,Total,From 15 to 24 years,All ISCED 2011 levels,Malta,2010,13.2,,
ESTAT:TEPSR_WC170(1.0),11/09/25 23:00:00,Annual,Percentage,Total,From 15 to 24 years,All ISCED 2011 levels,Malta,2011,13.3,b,
ESTAT:TEPSR_WC170(1.0),11/09/25 23:00:00,Annual,Percentage,Total,From 15 to 24 years,All ISCED 2011 levels,Malta,2012,13.8,,
ESTAT:TEPSR_WC170(1.0),11/09/25 23:00:00,Annual,Percentage,Total,From 15 to 24 years,All ISCED 2011 levels,Malta,2013,12.7,,
ESTAT:TEPSR_WC170(1.0),11/09/25 23:00:00,Annual,Percentage,Total,From 15 to 24 years,All ISCED 2011 levels,Malta,2014,11.7,b,
ESTAT:TEPSR_WC170(1.0),11/09/25 23:00:00,Annual,Percentage,Total,From 15 to 24 years,All ISCED 2011 levels,Malta,2015,11.6,,
ESTAT:TEPSR_WC170(1.0),11/09/25 23:00:00,Annual,Percentage,Total,From 15 to 24 years,All ISCED 2011 levels,Malta,2016,10.7,,
ESTAT:TEPSR_WC170(1.0),11/09/25 23:00:00,Annual,Percentage,Total,From 15 to 24 years,All ISCED 2011 levels,Malta,2017,10.6,,
ESTAT:TEPSR_WC170(1.0),11/09/25 23:00:00,Annual,Percentage,Total,From 15 to 24 years,All ISCED 2011 levels,Malta,2018,9.4,,
ESTAT:TEPSR_WC170(1.0),11/09/25 23:00:00,Annual,Percentage,Total,From 15 to 24 years,All ISCED 2011 levels,Malta,2019,10.1,,
ESTAT:TEPSR_WC170(1.0),11/09/25 23:00:00,Annual,Percentage,Total,From 15 to 24 years,All ISCED 2011 levels,Malta,2020,11.5,,
ESTAT:TEPSR_WC170(1.0),11/09/25 23:00:00,Annual,Percentage,Total,From 15 to 24 years,All ISCED 2011 levels,Malta,2021,9.9,b,
ESTAT:TEPSR_WC170(1.0),11/09/25 23:00:00,Annual,Percentage,Total,From 15 to 24 years,All ISCED 2011 levels,Malta,2022,9.0,,
ESTAT:TEPSR_WC170(1.0),11/09/25 23:00:00,Annual,Percentage,Total,From 15 to 24 years,All ISCED 2011 levels,Malta,2023,9.2,,
ESTAT:TEPSR_WC170(1.0),11/09/25 23:00:00,Annual,Percentage,Total,From 15 to 24 years,All ISCED 2011 levels,Malta,2024,9.1,,
ESTAT:TEPSR_WC170(1.0),11/09/25 23:00:00,Annual,Percentage,Total,From 15 to 24 years,All ISCED 2011 levels,Netherlands,2005,11.8,b,
ESTAT:TEPSR_WC170(1.0),11/09/25 23:00:00,Annual,Percentage,Total,From 15 to 24 years,All ISCED 2011 levels,Netherlands,2006,10.0,b,
ESTAT:TEPSR_WC170(1.0),11/09/25 23:00:00,Annual,Percentage,Total,From 15 to 24 years,All ISCED 2011 levels,Netherlands,2007,9.4,,
ESTAT:TEPSR_WC170(1.0),11/09/25 23:00:00,Annual,Percentage,Total,From 15 to 24 years,All ISCED 2011 levels,Netherlands,2008,8.6,,
ESTAT:TEPSR_WC170(1.0),11/09/25 23:00:00,Annual,Percentage,Total,From 15 to 24 years,All ISCED 2011 levels,Netherlands,2009,10.2,,
ESTAT:TEPSR_WC170(1.0),11/09/25 23:00:00,Annual,Percentage,Total,From 15 to 24 years,All ISCED 2011 levels,Netherlands,2010,11.1,,
ESTAT:TEPSR_WC170(1.0),11/09/25 23:00:00,Annual,Percentage,Total,From 15 to 24 years,All ISCED 2011 levels,Netherlands,2011,10.0,,
ESTAT:TEPSR_WC170(1.0),11/09/25 23:00:00,Annual,Percentage,Total,From 15 to 24 years,All ISCED 2011 levels,Netherlands,2012,11.7,,
ESTAT:TEPSR_WC170(1.0),11/09/25 23:00:00,Annual,Percentage,Total,From 15 to 24 years,All ISCED 2011 levels,Netherlands,2013,13.2,b,
ESTAT:TEPSR_WC170(1.0),11/09/25 23:00:00,Annual,Percentage,Total,From 15 to 24 years,All ISCED 2011 levels,Netherlands,2014,12.7,b,
ESTAT:TEPSR_WC170(1.0),11/09/25 23:00:00,Annual,Percentage,Total,From 15 to 24 years,All ISCED 2011 levels,Netherlands,2015,11.3,,
ESTAT:TEPSR_WC170(1.0),11/09/25 23:00:00,Annual,Percentage,Total,From 15 to 24 years,All ISCED 2011 levels,Netherlands,2016,10.8,,
ESTAT:TEPSR_WC170(1.0),11/09/25 23:00:00,Annual,Percentage,Total,From 15 to 24 years,All ISCED 2011 levels,Netherlands,2017,8.9,,
ESTAT:TEPSR_WC170(1.0),11/09/25 23:00:00,Annual,Percentage,Total,From 15 to 24 years,All ISCED 2011 levels,Netherlands,2018,7.2,,
ESTAT:TEPSR_WC170(1.0),11/09/25 23:00:00,Annual,Percentage,Total,From 15 to 24 years,All ISCED 2011 levels,Netherlands,2019,6.7,b,
ESTAT:TEPSR_WC170(1.0),11/09/25 23:00:00,Annual,Percentage,Total,From 15 to 24 years,All ISCED 2011 levels,Netherlands,2020,9.1,,
ESTAT:TEPSR_WC170(1.0),11/09/25 23:00:00,Annual,Percentage,Total,From 15 to 24 years,All ISCED 2011 levels,Netherlands,2021,9.3,b,
ESTAT:TEPSR_WC170(1.0),11/09/25 23:00:00,Annual,Percentage,Total,From 15 to 24 years,All ISCED 2011 levels,Netherlands,2022,7.6,,
ESTAT:TEPSR_WC170(1.0),11/09/25 23:00:00,Annual,Percentage,Total,From 15 to 24 years,All ISCED 2011 levels,Netherlands,2023,8.2,,
ESTAT:TEPSR_WC170(1.0),11/09/25 23:00:00,Annual,Percentage,Total,From 15 to 24 years,All ISCED 2011 levels,Netherlands,2024,8.7,,
ESTAT:TEPSR_WC170(1.0),11/09/25 23:00:00,Annual,Percentage,Total,From 15 to 24 years,All ISCED 2011 levels,Norway,2005,11.5,b,
ESTAT:TEPSR_WC170(1.0),11/09/25 23:00:00,Annual,Percentage,Total,From 15 to 24 years,All ISCED 2011 levels,Norway,2006,8.7,b,
ESTAT:TEPSR_WC170(1.0),11/09/25 23:00:00,Annual,Percentage,Total,From 15 to 24 years,All ISCED 2011 levels,Norway,2007,7.4,,
ESTAT:TEPSR_WC170(1.0),11/09/25 23:00:00,Annual,Percentage,Total,From 15 to 24 years,All ISCED 2011 levels,Norway,2008,7.5,,
ESTAT:TEPSR_WC170(1.0),11/09/25 23:00:00,Annual,Percentage,Total,From 15 to 24 years,All ISCED 2011 levels,Norway,2009,9.2,,
ESTAT:TEPSR_WC170(1.0),11/09/25 23:00:00,Annual,Percentage,Total,From 15 to 24 years,All ISCED 2011 levels,Norway,2010,9.3,,
ESTAT:TEPSR_WC170(1.0),11/09/25 23:00:00,Annual,Percentage,Total,From 15 to 24 years,All ISCED 2011 levels,Norway,2011,8.7,,
ESTAT:TEPSR_WC170(1.0),11/09/25 23:00:00,Annual,Percentage,Total,From 15 to 24 years,All ISCED 2011 levels,Norway,2012,8.5,,
ESTAT:TEPSR_WC170(1.0),11/09/25 23:00:00,Annual,Percentage,Total,From 15 to 24 years,All ISCED 2011 levels,Norway,2013,9.1,,
ESTAT:TEPSR_WC170(1.0),11/09/25 23:00:00,Annual,Percentage,Total,From 15 to 24 years,All ISCED 2011 levels,Norway,2014,7.9,b,
ESTAT:TEPSR_WC170(1.0),11/09/25 23:00:00,Annual,Percentage,Total,From 15 to 24 years,All ISCED 2011 levels,Norway,2015,9.9,,
ESTAT:TEPSR_WC170(1.0),11/09/25 23:00:00,Annual,Percentage,Total,From 15 to 24 years,All ISCED 2011 levels,Norway,2016,11.2,,
ESTAT:TEPSR_WC170(1.0),11/09/25 23:00:00,Annual,Percentage,Total,From 15 to 24 years,All ISCED 2011 levels,Norway,2017,10.4,,
ESTAT:TEPSR_WC170(1.0),11/09/25 23:00:00,Annual,Percentage,Total,From 15 to 24 years,All ISCED 2011 levels,Norway,2018,9.7,,
ESTAT:TEPSR_WC170(1.0),11/09/25 23:00:00,Annual,Percentage,Total,From 15 to 24 years,All ISCED 2011 levels,Norway,2019,10.0,,
ESTAT:TEPSR_WC170(1.0),11/09/25 23:00:00,Annual,Percentage,Total,From 15 to 24 years,All ISCED 2011 levels,Norway,2020,11.3,,
ESTAT:TEPSR_WC170(1.0),11/09/25 23:00:00,Annual,Percentage,Total,From 15 to 24 years,All ISCED 2011 levels,Norway,2021,12.6,b,
ESTAT:TEPSR_WC170(1.0),11/09/25 23:00:00,Annual,Percentage,Total,From 15 to 24 years,All ISCED 2011 levels,Norway,2022,10.0,,
ESTAT:TEPSR_WC170(1.0),11/09/25 23:00:00,Annual,Percentage,Total,From 15 to 24 years,All ISCED 2011 levels,Norway,2023,11.0,,
ESTAT:TEPSR_WC170(1.0),11/09/25 23:00:00,Annual,Percentage,Total,From 15 to 24 years,All ISCED 2011 levels,Norway,2024,12.1,,
ESTAT:TEPSR_WC170(1.0),11/09/25 23:00:00,Annual,Percentage,Total,From 15 to 24 years,All ISCED 2011 levels,Poland,2005,36.9,b,
ESTAT:TEPSR_WC170(1.0),11/09/25 23:00:00,Annual,Percentage,Total,From 15 to 24 years,All ISCED 2011 levels,Poland,2006,29.8,,
ESTAT:TEPSR_WC170(1.0),11/09/25 23:00:00,Annual,Percentage,Total,From 15 to 24 years,All ISCED 2011 levels,Poland,2007,21.7,,
ESTAT:TEPSR_WC170(1.0),11/09/25 23:00:00,Annual,Percentage,Total,From 15 to 24 years,All ISCED 2011 levels,Poland,2008,17.3,,
ESTAT:TEPSR_WC170(1.0),11/09/25 23:00:00,Annual,Percentage,Total,From 15 to 24 years,All ISCED 2011 levels,Poland,2009,20.6,,
ESTAT:TEPSR_WC170(1.0),11/09/25 23:00:00,Annual,Percentage,Total,From 15 to 24 years,All ISCED 2011 levels,Poland,2010,23.7,b,
ESTAT:TEPSR_WC170(1.0),11/09/25 23:00:00,Annual,Percentage,Total,From 15 to 24 years,All ISCED 2011 levels,Poland,2011,25.8,,
ESTAT:TEPSR_WC170(1.0),11/09/25 23:00:00,Annual,Percentage,Total,From 15 to 24 years,All ISCED 2011 levels,Poland,2012,26.5,,
ESTAT:TEPSR_WC170(1.0),11/09/25 23:00:00,Annual,Percentage,Total,From 15 to 24 years,All ISCED 2011 levels,Poland,2013,27.3,,
ESTAT:TEPSR_WC170(1.0),11/09/25 23:00:00,Annual,Percentage,Total,From 15 to 24 years,All ISCED 2011 levels,Poland,2014,23.9,b,
ESTAT:TEPSR_WC170(1.0),11/09/25 23:00:00,Annual,Percentage,Total,From 15 to 24 years,All ISCED 2011 levels,Poland,2015,20.8,,
ESTAT:TEPSR_WC170(1.0),11/09/25 23:00:00,Annual,Percentage,Total,From 15 to 24 years,All ISCED 2011 levels,Poland,2016,17.7,,
ESTAT:TEPSR_WC170(1.0),11/09/25 23:00:00,Annual,Percentage,Total,From 15 to 24 years,All ISCED 2011 levels,Poland,2017,14.8,,
ESTAT:TEPSR_WC170(1.0),11/09/25 23:00:00,Annual,Percentage,Total,From 15 to 24 years,All ISCED 2011 levels,Poland,2018,11.7,,
ESTAT:TEPSR_WC170(1.0),11/09/25 23:00:00,Annual,Percentage,Total,From 15 to 24 years,All ISCED 2011 levels,Poland,2019,9.7,b,
ESTAT:TEPSR_WC170(1.0),11/09/25 23:00:00,Annual,Percentage,Total,From 15 to 24 years,All ISCED 2011 levels,Poland,2020,10.8,,
ESTAT:TEPSR_WC170(1.0),11/09/25 23:00:00,Annual,Percentage,Total,From 15 to 24 years,All ISCED 2011 levels,Poland,2021,11.9,b,
ESTAT:TEPSR_WC170(1.0),11/09/25 23:00:00,Annual,Percentage,Total,From 15 to 24 years,All ISCED 2011 levels,Poland,2022,10.8,,
ESTAT:TEPSR_WC170(1.0),11/09/25 23:00:00,Annual,Percentage,Total,From 15 to 24 years,All ISCED 2011 levels,Poland,2023,11.4,,
ESTAT:TEPSR_WC170(1.0),11/09/25 23:00:00,Annual,Percentage,Total,From 15 to 24 years,All ISCED 2011 levels,Poland,2024,10.8,,
ESTAT:TEPSR_WC170(1.0),11/09/25 23:00:00,Annual,Percentage,Total,From 15 to 24 years,All ISCED 2011 levels,Portugal,2005,16.2,b,
ESTAT:TEPSR_WC170(1.0),11/09/25 23:00:00,Annual,Percentage,Total,From 15 to 24 years,All ISCED 2011 levels,Portugal,2006,16.5,,
ESTAT:TEPSR_WC170(1.0),11/09/25 23:00:00,Annual,Percentage,Total,From 15 to 24 years,All ISCED 2011 levels,Portugal,2007,16.7,,
ESTAT:TEPSR_WC170(1.0),11/09/25 23:00:00,Annual,Percentage,Total,From 15 to 24 years,All ISCED 2011 levels,Portugal,2008,16.7,,
ESTAT:TEPSR_WC170(1.0),11/09/25 23:00:00,Annual,Percentage,Total,From 15 to 24 years,All ISCED 2011 levels,Portugal,2009,20.3,,
ESTAT:TEPSR_WC170(1.0),11/09/25 23:00:00,Annual,Percentage,Total,From 15 to 24 years,All ISCED 2011 levels,Portugal,2010,22.8,,
ESTAT:TEPSR_WC170(1.0),11/09/25 23:00:00,Annual,Percentage,Total,From 15 to 24 years,All ISCED 2011 levels,Portugal,2011,30.3,b,
ESTAT:TEPSR_WC170(1.0),11/09/25 23:00:00,Annual,Percentage,Total,From 15 to 24 years,All ISCED 2011 levels,Portugal,2012,38.0,,
ESTAT:TEPSR_WC170(1.0),11/09/25 23:00:00,Annual,Percentage,Total,From 15 to 24 years,All ISCED 2011 levels,Portugal,2013,38.5,,
ESTAT:TEPSR_WC170(1.0),11/09/25 23:00:00,Annual,Percentage,Total,From 15 to 24 years,All ISCED 2011 levels,Portugal,2014,34.7,b,
ESTAT:TEPSR_WC170(1.0),11/09/25 23:00:00,Annual,Percentage,Total,From 15 to 24 years,All ISCED 2011 levels,Portugal,2015,31.8,,
ESTAT:TEPSR_WC170(1.0),11/09/25 23:00:00,Annual,Percentage,Total,From 15 to 24 years,All ISCED 2011 levels,Portugal,2016,27.8,,
ESTAT:TEPSR_WC170(1.0),11/09/25 23:00:00,Annual,Percentage,Total,From 15 to 24 years,All ISCED 2011 levels,Portugal,2017,23.8,,
ESTAT:TEPSR_WC170(1.0),11/09/25 23:00:00,Annual,Percentage,Total,From 15 to 24 years,All ISCED 2011 levels,Portugal,2018,20.2,,
ESTAT:TEPSR_WC170(1.0),11/09/25 23:00:00,Annual,Percentage,Total,From 15 to 24 years,All ISCED 2011 levels,Portugal,2019,18.3,,
ESTAT:TEPSR_WC170(1.0),11/09/25 23:00:00,Annual,Percentage,Total,From 15 to 24 years,All ISCED 2011 levels,Portugal,2020,22.5,,
ESTAT:TEPSR_WC170(1.0),11/09/25 23:00:00,Annual,Percentage,Total,From 15 to 24 years,All ISCED 2011 levels,Portugal,2021,23.4,b,
ESTAT:TEPSR_WC170(1.0),11/09/25 23:00:00,Annual,Percentage,Total,From 15 to 24 years,All ISCED 2011 levels,Portugal,2022,19.2,,
ESTAT:TEPSR_WC170(1.0),11/09/25 23:00:00,Annual,Percentage,Total,From 15 to 24 years,All ISCED 2011 levels,Portugal,2023,20.5,,
ESTAT:TEPSR_WC170(1.0),11/09/25 23:00:00,Annual,Percentage,Total,From 15 to 24 years,All ISCED 2011 levels,Portugal,2024,21.6,,
ESTAT:TEPSR_WC170(1.0),11/09/25 23:00:00,Annual,Percentage,Total,From 15 to 24 years,All ISCED 2011 levels,Romania,2005,20.2,b,
ESTAT:TEPSR_WC170(1.0),11/09/25 23:00:00,Annual,Percentage,Total,From 15 to 24 years,All ISCED 2011 levels,Romania,2006,21.4,,
ESTAT:TEPSR_WC170(1.0),11/09/25 23:00:00,Annual,Percentage,Total,From 15 to 24 years,All ISCED 2011 levels,Romania,2007,20.1,,
ESTAT:TEPSR_WC170(1.0),11/09/25 23:00:00,Annual,Percentage,Total,From 15 to 24 years,All ISCED 2011 levels,Romania,2008,18.6,,
ESTAT:TEPSR_WC170(1.0),11/09/25 23:00:00,Annual,Percentage,Total,From 15 to 24 years,All ISCED 2011 levels,Romania,2009,20.8,,
ESTAT:TEPSR_WC170(1.0),11/09/25 23:00:00,Annual,Percentage,Total,From 15 to 24 years,All ISCED 2011 levels,Romania,2010,22.1,b,
ESTAT:TEPSR_WC170(1.0),11/09/25 23:00:00,Annual,Percentage,Total,From 15 to 24 years,All ISCED 2011 levels,Romania,2011,23.9,,
ESTAT:TEPSR_WC170(1.0),11/09/25 23:00:00,Annual,Percentage,Total,From 15 to 24 years,All ISCED 2011 levels,Romania,2012,22.6,,
ESTAT:TEPSR_WC170(1.0),11/09/25 23:00:00,Annual,Percentage,Total,From 15 to 24 years,All ISCED 2011 levels,Romania,2013,23.7,,
ESTAT:TEPSR_WC170(1.0),11/09/25 23:00:00,Annual,Percentage,Total,From 15 to 24 years,All ISCED 2011 levels,Romania,2014,24.0,b,
ESTAT:TEPSR_WC170(1.0),11/09/25 23:00:00,Annual,Percentage,Total,From 15 to 24 years,All ISCED 2011 levels,Romania,2015,21.7,,
ESTAT:TEPSR_WC170(1.0),11/09/25 23:00:00,Annual,Percentage,Total,From 15 to 24 years,All ISCED 2011 levels,Romania,2016,20.6,,
ESTAT:TEPSR_WC170(1.0),11/09/25 23:00:00,Annual,Percentage,Total,From 15 to 24 years,All ISCED 2011 levels,Romania,2017,18.3,,
ESTAT:TEPSR_WC170(1.0),11/09/25 23:00:00,Annual,Percentage,Total,From 15 to 24 years,All ISCED 2011 levels,Romania,2018,16.2,,
ESTAT:TEPSR_WC170(1.0),11/09/25 23:00:00,Annual,Percentage,Total,From 15 to 24 years,All ISCED 2011 levels,Romania,2019,16.8,,
ESTAT:TEPSR_WC170(1.0),11/09/25 23:00:00,Annual,Percentage,Total,From 15 to 24 years,All ISCED 2011 levels,Romania,2020,17.3,,
ESTAT:TEPSR_WC170(1.0),11/09/25 23:00:00,Annual,Percentage,Total,From 15 to 24 years,All ISCED 2011 levels,Romania,2021,21.0,b,
ESTAT:TEPSR_WC170(1.0),11/09/25 23:00:00,Annual,Percentage,Total,From 15 to 24 years,All ISCED 2011 levels,Romania,2022,22.8,,
ESTAT:TEPSR_WC170(1.0),11/09/25 23:00:00,Annual,Percentage,Total,From 15 to 24 years,All ISCED 2011 levels,Romania,2023,21.8,,
ESTAT:TEPSR_WC170(1.0),11/09/25 23:00:00,Annual,Percentage,Total,From 15 to 24 years,All ISCED 2011 levels,Romania,2024,23.9,,
ESTAT:TEPSR_WC170(1.0),11/09/25 23:00:00,Annual,Percentage,Total,From 15 to 24 years,All ISCED 2011 levels,Serbia,2010,46.3,,
ESTAT:TEPSR_WC170(1.0),11/09/25 23:00:00,Annual,Percentage,Total,From 15 to 24 years,All ISCED 2011 levels,Serbia,2011,50.9,,
ESTAT:TEPSR_WC170(1.0),11/09/25 23:00:00,Annual,Percentage,Total,From 15 to 24 years,All ISCED 2011 levels,Serbia,2012,51.2,,
ESTAT:TEPSR_WC170(1.0),11/09/25 23:00:00,Annual,Percentage,Total,From 15 to 24 years,All ISCED 2011 levels,Serbia,2013,49.4,,
ESTAT:TEPSR_WC170(1.0),11/09/25 23:00:00,Annual,Percentage,Total,From 15 to 24 years,All ISCED 2011 levels,Serbia,2014,47.3,b,
ESTAT:TEPSR_WC170(1.0),11/09/25 23:00:00,Annual,Percentage,Total,From 15 to 24 years,All ISCED 2011 levels,Serbia,2015,43.2,,
ESTAT:TEPSR_WC170(1.0),11/09/25 23:00:00,Annual,Percentage,Total,From 15 to 24 years,All ISCED 2011 levels,Serbia,2016,34.9,,
ESTAT:TEPSR_WC170(1.0),11/09/25 23:00:00,Annual,Percentage,Total,From 15 to 24 years,All ISCED 2011 levels,Serbia,2017,31.9,,
ESTAT:TEPSR_WC170(1.0),11/09/25 23:00:00,Annual,Percentage,Total,From 15 to 24 years,All ISCED 2011 levels,Serbia,2018,29.7,,
ESTAT:TEPSR_WC170(1.0),11/09/25 23:00:00,Annual,Percentage,Total,From 15 to 24 years,All ISCED 2011 levels,Serbia,2019,27.5,,
ESTAT:TEPSR_WC170(1.0),11/09/25 23:00:00,Annual,Percentage,Total,From 15 to 24 years,All ISCED 2011 levels,Serbia,2020,26.6,,
ESTAT:TEPSR_WC170(1.0),11/09/25 23:00:00,Annual,Percentage,Total,From 15 to 24 years,All ISCED 2011 levels,Serbia,2021,26.0,b,
ESTAT:TEPSR_WC170(1.0),11/09/25 23:00:00,Annual,Percentage,Total,From 15 to 24 years,All ISCED 2011 levels,Serbia,2022,24.3,,
ESTAT:TEPSR_WC170(1.0),11/09/25 23:00:00,Annual,Percentage,Total,From 15 to 24 years,All ISCED 2011 levels,Serbia,2023,25.0,,
ESTAT:TEPSR_WC170(1.0),11/09/25 23:00:00,Annual,Percentage,Total,From 15 to 24 years,All ISCED 2011 levels,Serbia,2024,23.0,,
ESTAT:TEPSR_WC170(1.0),11/09/25 23:00:00,Annual,Percentage,Total,From 15 to 24 years,All ISCED 2011 levels,Sweden,2005,21.9,b,
ESTAT:TEPSR_WC170(1.0),11/09/25 23:00:00,Annual,Percentage,Total,From 15 to 24 years,All ISCED 2011 levels,Sweden,2006,21.5,b,
ESTAT:TEPSR_WC170(1.0),11/09/25 23:00:00,Annual,Percentage,Total,From 15 to 24 years,All ISCED 2011 levels,Sweden,2007,19.3,,
ESTAT:TEPSR_WC170(1.0),11/09/25 23:00:00,Annual,Percentage,Total,From 15 to 24 years,All ISCED 2011 levels,Sweden,2008,20.2,,
ESTAT:TEPSR_WC170(1.0),11/09/25 23:00:00,Annual,Percentage,Total,From 15 to 24 years,All ISCED 2011 levels,Sweden,2009,25.0,,
ESTAT:TEPSR_WC170(1.0),11/09/25 23:00:00,Annual,Percentage,Total,From 15 to 24 years,All ISCED 2011 levels,Sweden,2010,24.8,,
ESTAT:TEPSR_WC170(1.0),11/09/25 23:00:00,Annual,Percentage,Total,From 15 to 24 years,All ISCED 2011 levels,Sweden,2011,22.8,,
ESTAT:TEPSR_WC170(1.0),11/09/25 23:00:00,Annual,Percentage,Total,From 15 to 24 years,All ISCED 2011 levels,Sweden,2012,23.6,,
ESTAT:TEPSR_WC170(1.0),11/09/25 23:00:00,Annual,Percentage,Total,From 15 to 24 years,All ISCED 2011 levels,Sweden,2013,23.5,,
ESTAT:TEPSR_WC170(1.0),11/09/25 23:00:00,Annual,Percentage,Total,From 15 to 24 years,All ISCED 2011 levels,Sweden,2014,22.9,b,
ESTAT:TEPSR_WC170(1.0),11/09/25 23:00:00,Annual,Percentage,Total,From 15 to 24 years,All ISCED 2011 levels,Sweden,2015,20.4,,
ESTAT:TEPSR_WC170(1.0),11/09/25 23:00:00,Annual,Percentage,Total,From 15 to 24 years,All ISCED 2011 levels,Sweden,2016,18.9,,
ESTAT:TEPSR_WC170(1.0),11/09/25 23:00:00,Annual,Percentage,Total,From 15 to 24 years,All ISCED 2011 levels,Sweden,2017,17.9,,
ESTAT:TEPSR_WC170(1.0),11/09/25 23:00:00,Annual,Percentage,Total,From 15 to 24 years,All ISCED 2011 levels,Sweden,2018,17.4,b,
ESTAT:TEPSR_WC170(1.0),11/09/25 23:00:00,Annual,Percentage,Total,From 15 to 24 years,All ISCED 2011 levels,Sweden,2019,20.1,,
ESTAT:TEPSR_WC170(1.0),11/09/25 23:00:00,Annual,Percentage,Total,From 15 to 24 years,All ISCED 2011 levels,Sweden,2020,23.9,,
ESTAT:TEPSR_WC170(1.0),11/09/25 23:00:00,Annual,Percentage,Total,From 15 to 24 years,All ISCED 2011 levels,Sweden,2021,24.7,b,
ESTAT:TEPSR_WC170(1.0),11/09/25 23:00:00,Annual,Percentage,Total,From 15 to 24 years,All ISCED 2011 levels,Sweden,2022,21.7,,
ESTAT:TEPSR_WC170(1.0),11/09/25 23:00:00,Annual,Percentage,Total,From 15 to 24 years,All ISCED 2011 levels,Sweden,2023,22.1,,
ESTAT:TEPSR_WC170(1.0),11/09/25 23:00:00,Annual,Percentage,Total,From 15 to 24 years,All ISCED 2011 levels,Sweden,2024,24.3,,
ESTAT:TEPSR_WC170(1.0),11/09/25 23:00:00,Annual,Percentage,Total,From 15 to 24 years,All ISCED 2011 levels,Slovenia,2005,15.9,b,
ESTAT:TEPSR_WC170(1.0),11/09/25 23:00:00,Annual,Percentage,Total,From 15 to 24 years,All ISCED 2011 levels,Slovenia,2006,13.9,,
ESTAT:TEPSR_WC170(1.0),11/09/25 23:00:00,Annual,Percentage,Total,From 15 to 24 years,All ISCED 2011 levels,Slovenia,2007,10.1,,
ESTAT:TEPSR_WC170(1.0),11/09/25 23:00:00,Annual,Percentage,Total,From 15 to 24 years,All ISCED 2011 levels,Slovenia,2008,10.4,,
ESTAT:TEPSR_WC170(1.0),11/09/25 23:00:00,Annual,Percentage,Total,From 15 to 24 years,All ISCED 2011 levels,Slovenia,2009,13.6,,
ESTAT:TEPSR_WC170(1.0),11/09/25 23:00:00,Annual,Percentage,Total,From 15 to 24 years,All ISCED 2011 levels,Slovenia,2010,14.7,,
ESTAT:TEPSR_WC170(1.0),11/09/25 23:00:00,Annual,Percentage,Total,From 15 to 24 years,All ISCED 2011 levels,Slovenia,2011,15.7,,
ESTAT:TEPSR_WC170(1.0),11/09/25 23:00:00,Annual,Percentage,Total,From 15 to 24 years,All ISCED 2011 levels,Slovenia,2012,20.6,,
ESTAT:TEPSR_WC170(1.0),11/09/25 23:00:00,Annual,Percentage,Total,From 15 to 24 years,All ISCED 2011 levels,Slovenia,2013,21.6,,
ESTAT:TEPSR_WC170(1.0),11/09/25 23:00:00,Annual,Percentage,Total,From 15 to 24 years,All ISCED 2011 levels,Slovenia,2014,20.2,b,
ESTAT:TEPSR_WC170(1.0),11/09/25 23:00:00,Annual,Percentage,Total,From 15 to 24 years,All ISCED 2011 levels,Slovenia,2015,16.3,,
ESTAT:TEPSR_WC170(1.0),11/09/25 23:00:00,Annual,Percentage,Total,From 15 to 24 years,All ISCED 2011 levels,Slovenia,2016,15.2,,
ESTAT:TEPSR_WC170(1.0),11/09/25 23:00:00,Annual,Percentage,Total,From 15 to 24 years,All ISCED 2011 levels,Slovenia,2017,11.2,,
ESTAT:TEPSR_WC170(1.0),11/09/25 23:00:00,Annual,Percentage,Total,From 15 to 24 years,All ISCED 2011 levels,Slovenia,2018,8.8,,
ESTAT:TEPSR_WC170(1.0),11/09/25 23:00:00,Annual,Percentage,Total,From 15 to 24 years,All ISCED 2011 levels,Slovenia,2019,8.1,,
ESTAT:TEPSR_WC170(1.0),11/09/25 23:00:00,Annual,Percentage,Total,From 15 to 24 years,All ISCED 2011 levels,Slovenia,2020,14.2,,
ESTAT:TEPSR_WC170(1.0),11/09/25 23:00:00,Annual,Percentage,Total,From 15 to 24 years,All ISCED 2011 levels,Slovenia,2021,12.8,b,
ESTAT:TEPSR_WC170(1.0),11/09/25 23:00:00,Annual,Percentage,Total,From 15 to 24 years,All ISCED 2011 levels,Slovenia,2022,10.1,,
ESTAT:TEPSR_WC170(1.0),11/09/25 23:00:00,Annual,Percentage,Total,From 15 to 24 years,All ISCED 2011 levels,Slovenia,2023,9.9,b,
ESTAT:TEPSR_WC170(1.0),11/09/25 23:00:00,Annual,Percentage,Total,From 15 to 24 years,All ISCED 2011 levels,Slovenia,2024,10.9,,
ESTAT:TEPSR_WC170(1.0),11/09/25 23:00:00,Annual,Percentage,Total,From 15 to 24 years,All ISCED 2011 levels,Slovakia,2005,30.1,b,
ESTAT:TEPSR_WC170(1.0),11/09/25 23:00:00,Annual,Percentage,Total,From 15 to 24 years,All ISCED 2011 levels,Slovakia,2006,26.6,,
ESTAT:TEPSR_WC170(1.0),11/09/25 23:00:00,Annual,Percentage,Total,From 15 to 24 years,All ISCED 2011 levels,Slovakia,2007,20.3,,
ESTAT:TEPSR_WC170(1.0),11/09/25 23:00:00,Annual,Percentage,Total,From 15 to 24 years,All ISCED 2011 levels,Slovakia,2008,19.0,,
ESTAT:TEPSR_WC170(1.0),11/09/25 23:00:00,Annual,Percentage,Total,From 15 to 24 years,All ISCED 2011 levels,Slovakia,2009,27.3,,
ESTAT:TEPSR_WC170(1.0),11/09/25 23:00:00,Annual,Percentage,Total,From 15 to 24 years,All ISCED 2011 levels,Slovakia,2010,33.6,,
ESTAT:TEPSR_WC170(1.0),11/09/25 23:00:00,Annual,Percentage,Total,From 15 to 24 years,All ISCED 2011 levels,Slovakia,2011,33.4,b,
ESTAT:TEPSR_WC170(1.0),11/09/25 23:00:00,Annual,Percentage,Total,From 15 to 24 years,All ISCED 2011 levels,Slovakia,2012,34.0,,
ESTAT:TEPSR_WC170(1.0),11/09/25 23:00:00,Annual,Percentage,Total,From 15 to 24 years,All ISCED 2011 levels,Slovakia,2013,33.7,,
ESTAT:TEPSR_WC170(1.0),11/09/25 23:00:00,Annual,Percentage,Total,From 15 to 24 years,All ISCED 2011 levels,Slovakia,2014,29.7,b,
ESTAT:TEPSR_WC170(1.0),11/09/25 23:00:00,Annual,Percentage,Total,From 15 to 24 years,All ISCED 2011 levels,Slovakia,2015,26.5,,
ESTAT:TEPSR_WC170(1.0),11/09/25 23:00:00,Annual,Percentage,Total,From 15 to 24 years,All ISCED 2011 levels,Slovakia,2016,22.2,,
ESTAT:TEPSR_WC170(1.0),11/09/25 23:00:00,Annual,Percentage,Total,From 15 to 24 years,All ISCED 2011 levels,Slovakia,2017,18.9,,
ESTAT:TEPSR_WC170(1.0),11/09/25 23:00:00,Annual,Percentage,Total,From 15 to 24 years,All ISCED 2011 levels,Slovakia,2018,14.9,,
ESTAT:TEPSR_WC170(1.0),11/09/25 23:00:00,Annual,Percentage,Total,From 15 to 24 years,All ISCED 2011 levels,Slovakia,2019,16.1,,
ESTAT:TEPSR_WC170(1.0),11/09/25 23:00:00,Annual,Percentage,Total,From 15 to 24 years,All ISCED 2011 levels,Slovakia,2020,19.3,,
ESTAT:TEPSR_WC170(1.0),11/09/25 23:00:00,Annual,Percentage,Total,From 15 to 24 years,All ISCED 2011 levels,Slovakia,2021,20.6,b,
ESTAT:TEPSR_WC170(1.0),11/09/25 23:00:00,Annual,Percentage,Total,From 15 to 24 years,All ISCED 2011 levels,Slovakia,2022,19.9,,
ESTAT:TEPSR_WC170(1.0),11/09/25 23:00:00,Annual,Percentage,Total,From 15 to 24 years,All ISCED 2011 levels,Slovakia,2023,19.8,,
ESTAT:TEPSR_WC170(1.0),11/09/25 23:00:00,Annual,Percentage,Total,From 15 to 24 years,All ISCED 2011 levels,Slovakia,2024,19.2,,
ESTAT:TEPSR_WC170(1.0),11/09/25 23:00:00,Annual,Percentage,Total,From 15 to 24 years,All ISCED 2011 levels,Türkiye,2006,16.4,,
ESTAT:TEPSR_WC170(1.0),11/09/25 23:00:00,Annual,Percentage,Total,From 15 to 24 years,All ISCED 2011 levels,Türkiye,2007,17.2,,
ESTAT:TEPSR_WC170(1.0),11/09/25 23:00:00,Annual,Percentage,Total,From 15 to 24 years,All ISCED 2011 levels,Türkiye,2008,18.5,,
ESTAT:TEPSR_WC170(1.0),11/09/25 23:00:00,Annual,Percentage,Total,From 15 to 24 years,All ISCED 2011 levels,Türkiye,2009,22.8,,
ESTAT:TEPSR_WC170(1.0),11/09/25 23:00:00,Annual,Percentage,Total,From 15 to 24 years,All ISCED 2011 levels,Türkiye,2010,19.7,,
ESTAT:TEPSR_WC170(1.0),11/09/25 23:00:00,Annual,Percentage,Total,From 15 to 24 years,All ISCED 2011 levels,Türkiye,2011,16.7,,
ESTAT:TEPSR_WC170(1.0),11/09/25 23:00:00,Annual,Percentage,Total,From 15 to 24 years,All ISCED 2011 levels,Türkiye,2012,15.7,,
ESTAT:TEPSR_WC170(1.0),11/09/25 23:00:00,Annual,Percentage,Total,From 15 to 24 years,All ISCED 2011 levels,Türkiye,2013,16.9,,
ESTAT:TEPSR_WC170(1.0),11/09/25 23:00:00,Annual,Percentage,Total,From 15 to 24 years,All ISCED 2011 levels,Türkiye,2014,17.8,b,
ESTAT:TEPSR_WC170(1.0),11/09/25 23:00:00,Annual,Percentage,Total,From 15 to 24 years,All ISCED 2011 levels,Türkiye,2015,18.5,,
ESTAT:TEPSR_WC170(1.0),11/09/25 23:00:00,Annual,Percentage,Total,From 15 to 24 years,All ISCED 2011 levels,Türkiye,2016,19.5,,
ESTAT:TEPSR_WC170(1.0),11/09/25 23:00:00,Annual,Percentage,Total,From 15 to 24 years,All ISCED 2011 levels,Türkiye,2017,20.5,,
ESTAT:TEPSR_WC170(1.0),11/09/25 23:00:00,Annual,Percentage,Total,From 15 to 24 years,All ISCED 2011 levels,Türkiye,2018,20.2,,
ESTAT:TEPSR_WC170(1.0),11/09/25 23:00:00,Annual,Percentage,Total,From 15 to 24 years,All ISCED 2011 levels,Türkiye,2019,25.2,,
ESTAT:TEPSR_WC170(1.0),11/09/25 23:00:00,Annual,Percentage,Total,From 15 to 24 years,All ISCED 2011 levels,Türkiye,2020,25.1,,
ESTAT:TEPSR_WC170(1.0),11/09/25 23:00:00,Annual,Percentage,Total,From 15 to 24 years,All ISCED 2011 levels,Türkiye,2021,22.7,b,
ESTAT:TEPSR_WC170(1.0),11/09/25 23:00:00,Annual,Percentage,Total,From 15 to 24 years,All ISCED 2011 levels,Türkiye,2022,19.5,,
ESTAT:TEPSR_WC170(1.0),11/09/25 23:00:00,Annual,Percentage,Total,From 15 to 24 years,All ISCED 2011 levels,Türkiye,2023,17.5,,
ESTAT:TEPSR_WC170(1.0),11/09/25 23:00:00,Annual,Percentage,Total,From 15 to 24 years,All ISCED 2011 levels,Türkiye,2024,16.4,,
ESTAT:TEPSR_WC170(1.0),11/09/25 23:00:00,Annual,Percentage,Total,From 15 to 24 years,All ISCED 2011 levels,United Kingdom,2005,12.7,b,
ESTAT:TEPSR_WC170(1.0),11/09/25 23:00:00,Annual,Percentage,Total,From 15 to 24 years,All ISCED 2011 levels,United Kingdom,2006,13.9,,
ESTAT:TEPSR_WC170(1.0),11/09/25 23:00:00,Annual,Percentage,Total,From 15 to 24 years,All ISCED 2011 levels,United Kingdom,2007,14.3,b,
ESTAT:TEPSR_WC170(1.0),11/09/25 23:00:00,Annual,Percentage,Total,From 15 to 24 years,All ISCED 2011 levels,United Kingdom,2008,15.0,b,
ESTAT:TEPSR_WC170(1.0),11/09/25 23:00:00,Annual,Percentage,Total,From 15 to 24 years,All ISCED 2011 levels,United Kingdom,2009,19.1,,
ESTAT:TEPSR_WC170(1.0),11/09/25 23:00:00,Annual,Percentage,Total,From 15 to 24 years,All ISCED 2011 levels,United Kingdom,2010,19.9,b,
ESTAT:TEPSR_WC170(1.0),11/09/25 23:00:00,Annual,Percentage,Total,From 15 to 24 years,All ISCED 2011 levels,United Kingdom,2011,21.3,b,
ESTAT:TEPSR_WC170(1.0),11/09/25 23:00:00,Annual,Percentage,Total,From 15 to 24 years,All ISCED 2011 levels,United Kingdom,2012,21.2,,
ESTAT:TEPSR_WC170(1.0),11/09/25 23:00:00,Annual,Percentage,Total,From 15 to 24 years,All ISCED 2011 levels,United Kingdom,2013,20.7,,
ESTAT:TEPSR_WC170(1.0),11/09/25 23:00:00,Annual,Percentage,Total,From 15 to 24 years,All ISCED 2011 levels,United Kingdom,2014,17.0,b,
ESTAT:TEPSR_WC170(1.0),11/09/25 23:00:00,Annual,Percentage,Total,From 15 to 24 years,All ISCED 2011 levels,United Kingdom,2015,14.6,,
ESTAT:TEPSR_WC170(1.0),11/09/25 23:00:00,Annual,Percentage,Total,From 15 to 24 years,All ISCED 2011 levels,United Kingdom,2016,13.0,,
ESTAT:TEPSR_WC170(1.0),11/09/25 23:00:00,Annual,Percentage,Total,From 15 to 24 years,All ISCED 2011 levels,United Kingdom,2017,12.1,,
ESTAT:TEPSR_WC170(1.0),11/09/25 23:00:00,Annual,Percentage,Total,From 15 to 24 years,All ISCED 2011 levels,United Kingdom,2018,11.3,,
ESTAT:TEPSR_WC170(1.0),11/09/25 23:00:00,Annual,Percentage,Total,From 15 to 24 years,All ISCED 2011 levels,United Kingdom,2019,11.2,,
ESTAT:TEPSR_WC170(1.0),11/09/25 23:00:00,Annual,Percentage,Total,From 15 to 74 years,All ISCED 2011 levels,Austria,2005,5.6,b,
ESTAT:TEPSR_WC170(1.0),11/09/25 23:00:00,Annual,Percentage,Total,From 15 to 74 years,All ISCED 2011 levels,Austria,2006,5.3,b,
ESTAT:TEPSR_WC170(1.0),11/09/25 23:00:00,Annual,Percentage,Total,From 15 to 74 years,All ISCED 2011 levels,Austria,2007,4.9,b,
ESTAT:TEPSR_WC170(1.0),11/09/25 23:00:00,Annual,Percentage,Total,From 15 to 74 years,All ISCED 2011 levels,Austria,2008,4.1,,
ESTAT:TEPSR_WC170(1.0),11/09/25 23:00:00,Annual,Percentage,Total,From 15 to 74 years,All ISCED 2011 levels,Austria,2009,5.3,,
ESTAT:TEPSR_WC170(1.0),11/09/25 23:00:00,Annual,Percentage,Total,From 15 to 74 years,All ISCED 2011 levels,Austria,2010,4.8,,
ESTAT:TEPSR_WC170(1.0),11/09/25 23:00:00,Annual,Percentage,Total,From 15 to 74 years,All ISCED 2011 levels,Austria,2011,4.6,,
ESTAT:TEPSR_WC170(1.0),11/09/25 23:00:00,Annual,Percentage,Total,From 15 to 74 years,All ISCED 2011 levels,Austria,2012,4.9,,
ESTAT:TEPSR_WC170(1.0),11/09/25 23:00:00,Annual,Percentage,Total,From 15 to 74 years,All ISCED 2011 levels,Austria,2013,5.4,,
ESTAT:TEPSR_WC170(1.0),11/09/25 23:00:00,Annual,Percentage,Total,From 15 to 74 years,All ISCED 2011 levels,Austria,2014,5.6,b,
ESTAT:TEPSR_WC170(1.0),11/09/25 23:00:00,Annual,Percentage,Total,From 15 to 74 years,All ISCED 2011 levels,Austria,2015,5.7,,
ESTAT:TEPSR_WC170(1.0),11/09/25 23:00:00,Annual,Percentage,Total,From 15 to 74 years,All ISCED 2011 levels,Austria,2016,6.0,,
ESTAT:TEPSR_WC170(1.0),11/09/25 23:00:00,Annual,Percentage,Total,From 15 to 74 years,All ISCED 2011 levels,Austria,2017,5.5,,
ESTAT:TEPSR_WC170(1.0),11/09/25 23:00:00,Annual,Percentage,Total,From 15 to 74 years,All ISCED 2011 levels,Austria,2018,4.9,,
ESTAT:TEPSR_WC170(1.0),11/09/25 23:00:00,Annual,Percentage,Total,From 15 to 74 years,All ISCED 2011 levels,Austria,2019,4.5,,
ESTAT:TEPSR_WC170(1.0),11/09/25 23:00:00,Annual,Percentage,Total,From 15 to 74 years,All ISCED 2011 levels,Austria,2020,5.4,,
ESTAT:TEPSR_WC170(1.0),11/09/25 23:00:00,Annual,Percentage,Total,From 15 to 74 years,All ISCED 2011 levels,Austria,2021,6.2,b,
ESTAT:TEPSR_WC170(1.0),11/09/25 23:00:00,Annual,Percentage,Total,From 15 to 74 years,All ISCED 2011 levels,Austria,2022,4.8,,
ESTAT:TEPSR_WC170(1.0),11/09/25 23:00:00,Annual,Percentage,Total,From 15 to 74 years,All ISCED 2011 levels,Austria,2023,5.1,,
ESTAT:TEPSR_WC170(1.0),11/09/25 23:00:00,Annual,Percentage,Total,From 15 to 74 years,All ISCED 2011 levels,Austria,2024,5.2,,
ESTAT:TEPSR_WC170(1.0),11/09/25 23:00:00,Annual,Percentage,Total,From 15 to 74 years,All ISCED 2011 levels,Bosnia and Herzegovina,2021,17.4,b,
ESTAT:TEPSR_WC170(1.0),11/09/25 23:00:00,Annual,Percentage,Total,From 15 to 74 years,All ISCED 2011 levels,Bosnia and Herzegovina,2022,15.4,,
ESTAT:TEPSR_WC170(1.0),11/09/25 23:00:00,Annual,Percentage,Total,From 15 to 74 years,All ISCED 2011 levels,Bosnia and Herzegovina,2023,13.2,,
ESTAT:TEPSR_WC170(1.0),11/09/25 23:00:00,Annual,Percentage,Total,From 15 to 74 years,All ISCED 2011 levels,Bosnia and Herzegovina,2024,12.6,,
ESTAT:TEPSR_WC170(1.0),11/09/25 23:00:00,Annual,Percentage,Total,From 15 to 74 years,All ISCED 2011 levels,Belgium,2005,8.5,b,
ESTAT:TEPSR_WC170(1.0),11/09/25 23:00:00,Annual,Percentage,Total,From 15 to 74 years,All ISCED 2011 levels,Belgium,2006,8.3,,
ESTAT:TEPSR_WC170(1.0),11/09/25 23:00:00,Annual,Percentage,Total,From 15 to 74 years,All ISCED 2011 levels,Belgium,2007,7.5,,
ESTAT:TEPSR_WC170(1.0),11/09/25 23:00:00,Annual,Percentage,Total,From 15 to 74 years,All ISCED 2011 levels,Belgium,2008,7.0,b,
ESTAT:TEPSR_WC170(1.0),11/09/25 23:00:00,Annual,Percentage,Total,From 15 to 74 years,All ISCED 2011 levels,Belgium,2009,7.9,,
ESTAT:TEPSR_WC170(1.0),11/09/25 23:00:00,Annual,Percentage,Total,From 15 to 74 years,All ISCED 2011 levels,Belgium,2010,8.3,,
ESTAT:TEPSR_WC170(1.0),11/09/25 23:00:00,Annual,Percentage,Total,From 15 to 74 years,All ISCED 2011 levels,Belgium,2011,7.2,b,
ESTAT:TEPSR_WC170(1.0),11/09/25 23:00:00,Annual,Percentage,Total,From 15 to 74 years,All ISCED 2011 levels,Belgium,2012,7.6,,
ESTAT:TEPSR_WC170(1.0),11/09/25 23:00:00,Annual,Percentage,Total,From 15 to 74 years,All ISCED 2011 levels,Belgium,2013,8.4,,
ESTAT:TEPSR_WC170(1.0),11/09/25 23:00:00,Annual,Percentage,Total,From 15 to 74 years,All ISCED 2011 levels,Belgium,2014,8.5,b,
ESTAT:TEPSR_WC170(1.0),11/09/25 23:00:00,Annual,Percentage,Total,From 15 to 74 years,All ISCED 2011 levels,Belgium,2015,8.5,,
ESTAT:TEPSR_WC170(1.0),11/09/25 23:00:00,Annual,Percentage,Total,From 15 to 74 years,All ISCED 2011 levels,Belgium,2016,7.8,,
ESTAT:TEPSR_WC170(1.0),11/09/25 23:00:00,Annual,Percentage,Total,From 15 to 74 years,All ISCED 2011 levels,Belgium,2017,7.1,b,
ESTAT:TEPSR_WC170(1.0),11/09/25 23:00:00,Annual,Percentage,Total,From 15 to 74 years,All ISCED 2011 levels,Belgium,2018,6.0,,
ESTAT:TEPSR_WC170(1.0),11/09/25 23:00:00,Annual,Percentage,Total,From 15 to 74 years,All ISCED 2011 levels,Belgium,2019,5.4,,
ESTAT:TEPSR_WC170(1.0),11/09/25 23:00:00,Annual,Percentage,Total,From 15 to 74 years,All ISCED 2011 levels,Belgium,2020,5.6,,
ESTAT:TEPSR_WC170(1.0),11/09/25 23:00:00,Annual,Percentage,Total,From 15 to 74 years,All ISCED 2011 levels,Belgium,2021,6.3,b,
ESTAT:TEPSR_WC170(1.0),11/09/25 23:00:00,Annual,Percentage,Total,From 15 to 74 years,All ISCED 2011 levels,Belgium,2022,5.6,,
ESTAT:TEPSR_WC170(1.0),11/09/25 23:00:00,Annual,Percentage,Total,From 15 to 74 years,All ISCED 2011 levels,Belgium,2023,5.5,,
ESTAT:TEPSR_WC170(1.0),11/09/25 23:00:00,Annual,Percentage,Total,From 15 to 74 years,All ISCED 2011 levels,Belgium,2024,5.7,,
ESTAT:TEPSR_WC170(1.0),11/09/25 23:00:00,Annual,Percentage,Total,From 15 to 74 years,All ISCED 2011 levels,Bulgaria,2005,10.1,b,
ESTAT:TEPSR_WC170(1.0),11/09/25 23:00:00,Annual,Percentage,Total,From 15 to 74 years,All ISCED 2011 levels,Bulgaria,2006,9.0,b,
ESTAT:TEPSR_WC170(1.0),11/09/25 23:00:00,Annual,Percentage,Total,From 15 to 74 years,All ISCED 2011 levels,Bulgaria,2007,6.9,,
ESTAT:TEPSR_WC170(1.0),11/09/25 23:00:00,Annual,Percentage,Total,From 15 to 74 years,All ISCED 2011 levels,Bulgaria,2008,5.6,b,
ESTAT:TEPSR_WC170(1.0),11/09/25 23:00:00,Annual,Percentage,Total,From 15 to 74 years,All ISCED 2011 levels,Bulgaria,2009,6.8,,
ESTAT:TEPSR_WC170(1.0),11/09/25 23:00:00,Annual,Percentage,Total,From 15 to 74 years,All ISCED 2011 levels,Bulgaria,2010,10.3,b,
ESTAT:TEPSR_WC170(1.0),11/09/25 23:00:00,Annual,Percentage,Total,From 15 to 74 years,All ISCED 2011 levels,Bulgaria,2011,11.3,b,
ESTAT:TEPSR_WC170(1.0),11/09/25 23:00:00,Annual,Percentage,Total,From 15 to 74 years,All ISCED 2011 levels,Bulgaria,2012,12.3,,
ESTAT:TEPSR_WC170(1.0),11/09/25 23:00:00,Annual,Percentage,Total,From 15 to 74 years,All ISCED 2011 levels,Bulgaria,2013,13.0,,
ESTAT:TEPSR_WC170(1.0),11/09/25 23:00:00,Annual,Percentage,Total,From 15 to 74 years,All ISCED 2011 levels,Bulgaria,2014,11.4,b,
ESTAT:TEPSR_WC170(1.0),11/09/25 23:00:00,Annual,Percentage,Total,From 15 to 74 years,All ISCED 2011 levels,Bulgaria,2015,9.2,,
ESTAT:TEPSR_WC170(1.0),11/09/25 23:00:00,Annual,Percentage,Total,From 15 to 74 years,All ISCED 2011 levels,Bulgaria,2016,7.6,,
ESTAT:TEPSR_WC170(1.0),11/09/25 23:00:00,Annual,Percentage,Total,From 15 to 74 years,All ISCED 2011 levels,Bulgaria,2017,6.2,,
ESTAT:TEPSR_WC170(1.0),11/09/25 23:00:00,Annual,Percentage,Total,From 15 to 74 years,All ISCED 2011 levels,Bulgaria,2018,5.2,,
ESTAT:TEPSR_WC170(1.0),11/09/25 23:00:00,Annual,Percentage,Total,From 15 to 74 years,All ISCED 2011 levels,Bulgaria,2019,4.2,b,
ESTAT:TEPSR_WC170(1.0),11/09/25 23:00:00,Annual,Percentage,Total,From 15 to 74 years,All ISCED 2011 levels,Bulgaria,2020,5.0,,
ESTAT:TEPSR_WC170(1.0),11/09/25 23:00:00,Annual,Percentage,Total,From 15 to 74 years,All ISCED 2011 levels,Bulgaria,2021,5.2,b,
ESTAT:TEPSR_WC170(1.0),11/09/25 23:00:00,Annual,Percentage,Total,From 15 to 74 years,All ISCED 2011 levels,Bulgaria,2022,4.2,,
ESTAT:TEPSR_WC170(1.0),11/09/25 23:00:00,Annual,Percentage,Total,From 15 to 74 years,All ISCED 2011 levels,Bulgaria,2023,4.3,,
ESTAT:TEPSR_WC170(1.0),11/09/25 23:00:00,Annual,Percentage,Total,From 15 to 74 years,All ISCED 2011 levels,Bulgaria,2024,4.2,b,
ESTAT:TEPSR_WC170(1.0),11/09/25 23:00:00,Annual,Percentage,Total,From 15 to 74 years,All ISCED 2011 levels,Switzerland,2005,4.5,b,
ESTAT:TEPSR_WC170(1.0),11/09/25 23:00:00,Annual,Percentage,Total,From 15 to 74 years,All ISCED 2011 levels,Switzerland,2006,4.0,,
ESTAT:TEPSR_WC170(1.0),11/09/25 23:00:00,Annual,Percentage,Total,From 15 to 74 years,All ISCED 2011 levels,Switzerland,2007,3.7,,
ESTAT:TEPSR_WC170(1.0),11/09/25 23:00:00,Annual,Percentage,Total,From 15 to 74 years,All ISCED 2011 levels,Switzerland,2008,3.4,,
ESTAT:TEPSR_WC170(1.0),11/09/25 23:00:00,Annual,Percentage,Total,From 15 to 74 years,All ISCED 2011 levels,Switzerland,2009,4.1,,
ESTAT:TEPSR_WC170(1.0),11/09/25 23:00:00,Annual,Percentage,Total,From 15 to 74 years,All ISCED 2011 levels,Switzerland,2010,4.8,b,
ESTAT:TEPSR_WC170(1.0),11/09/25 23:00:00,Annual,Percentage,Total,From 15 to 74 years,All ISCED 2011 levels,Switzerland,2011,4.4,,
ESTAT:TEPSR_WC170(1.0),11/09/25 23:00:00,Annual,Percentage,Total,From 15 to 74 years,All ISCED 2011 levels,Switzerland,2012,4.5,,
ESTAT:TEPSR_WC170(1.0),11/09/25 23:00:00,Annual,Percentage,Total,From 15 to 74 years,All ISCED 2011 levels,Switzerland,2013,4.8,,
ESTAT:TEPSR_WC170(1.0),11/09/25 23:00:00,Annual,Percentage,Total,From 15 to 74 years,All ISCED 2011 levels,Switzerland,2014,4.9,b,
ESTAT:TEPSR_WC170(1.0),11/09/25 23:00:00,Annual,Percentage,Total,From 15 to 74 years,All ISCED 2011 levels,Switzerland,2015,4.8,,
ESTAT:TEPSR_WC170(1.0),11/09/25 23:00:00,Annual,Percentage,Total,From 15 to 74 years,All ISCED 2011 levels,Switzerland,2016,5.0,,
ESTAT:TEPSR_WC170(1.0),11/09/25 23:00:00,Annual,Percentage,Total,From 15 to 74 years,All ISCED 2011 levels,Switzerland,2017,4.8,,
ESTAT:TEPSR_WC170(1.0),11/09/25 23:00:00,Annual,Percentage,Total,From 15 to 74 years,All ISCED 2011 levels,Switzerland,2018,4.7,,
ESTAT:TEPSR_WC170(1.0),11/09/25 23:00:00,Annual,Percentage,Total,From 15 to 74 years,All ISCED 2011 levels,Switzerland,2019,4.4,,
ESTAT:TEPSR_WC170(1.0),11/09/25 23:00:00,Annual,Percentage,Total,From 15 to 74 years,All ISCED 2011 levels,Switzerland,2020,4.8,,
ESTAT:TEPSR_WC170(1.0),11/09/25 23:00:00,Annual,Percentage,Total,From 15 to 74 years,All ISCED 2011 levels,Switzerland,2021,5.1,b,
ESTAT:TEPSR_WC170(1.0),11/09/25 23:00:00,Annual,Percentage,Total,From 15 to 74 years,All ISCED 2011 levels,Switzerland,2022,4.1,,
ESTAT:TEPSR_WC170(1.0),11/09/25 23:00:00,Annual,Percentage,Total,From 15 to 74 years,All ISCED 2011 levels,Switzerland,2023,4.1,,
ESTAT:TEPSR_WC170(1.0),11/09/25 23:00:00,Annual,Percentage,Total,From 15 to 74 years,All ISCED 2011 levels,Switzerland,2024,4.4,,
ESTAT:TEPSR_WC170(1.0),11/09/25 23:00:00,Annual,Percentage,Total,From 15 to 74 years,All ISCED 2011 levels,Cyprus,2005,5.3,b,
ESTAT:TEPSR_WC170(1.0),11/09/25 23:00:00,Annual,Percentage,Total,From 15 to 74 years,All ISCED 2011 levels,Cyprus,2006,4.6,,
ESTAT:TEPSR_WC170(1.0),11/09/25 23:00:00,Annual,Percentage,Total,From 15 to 74 years,All ISCED 2011 levels,Cyprus,2007,3.9,,
ESTAT:TEPSR_WC170(1.0),11/09/25 23:00:00,Annual,Percentage,Total,From 15 to 74 years,All ISCED 2011 levels,Cyprus,2008,3.7,,
ESTAT:TEPSR_WC170(1.0),11/09/25 23:00:00,Annual,Percentage,Total,From 15 to 74 years,All ISCED 2011 levels,Cyprus,2009,5.4,b,
ESTAT:TEPSR_WC170(1.0),11/09/25 23:00:00,Annual,Percentage,Total,From 15 to 74 years,All ISCED 2011 levels,Cyprus,2010,6.3,,
ESTAT:TEPSR_WC170(1.0),11/09/25 23:00:00,Annual,Percentage,Total,From 15 to 74 years,All ISCED 2011 levels,Cyprus,2011,7.9,,
ESTAT:TEPSR_WC170(1.0),11/09/25 23:00:00,Annual,Percentage,Total,From 15 to 74 years,All ISCED 2011 levels,Cyprus,2012,11.9,,
ESTAT:TEPSR_WC170(1.0),11/09/25 23:00:00,Annual,Percentage,Total,From 15 to 74 years,All ISCED 2011 levels,Cyprus,2013,15.9,,
ESTAT:TEPSR_WC170(1.0),11/09/25 23:00:00,Annual,Percentage,Total,From 15 to 74 years,All ISCED 2011 levels,Cyprus,2014,16.1,b,
ESTAT:TEPSR_WC170(1.0),11/09/25 23:00:00,Annual,Percentage,Total,From 15 to 74 years,All ISCED 2011 levels,Cyprus,2015,15.0,,
ESTAT:TEPSR_WC170(1.0),11/09/25 23:00:00,Annual,Percentage,Total,From 15 to 74 years,All ISCED 2011 levels,Cyprus,2016,13.0,,
ESTAT:TEPSR_WC170(1.0),11/09/25 23:00:00,Annual,Percentage,Total,From 15 to 74 years,All ISCED 2011 levels,Cyprus,2017,11.1,,
ESTAT:TEPSR_WC170(1.0),11/09/25 23:00:00,Annual,Percentage,Total,From 15 to 74 years,All ISCED 2011 levels,Cyprus,2018,8.4,,
ESTAT:TEPSR_WC170(1.0),11/09/25 23:00:00,Annual,Percentage,Total,From 15 to 74 years,All ISCED 2011 levels,Cyprus,2019,7.2,,
ESTAT:TEPSR_WC170(1.0),11/09/25 23:00:00,Annual,Percentage,Total,From 15 to 74 years,All ISCED 2011 levels,Cyprus,2020,7.6,,
ESTAT:TEPSR_WC170(1.0),11/09/25 23:00:00,Annual,Percentage,Total,From 15 to 74 years,All ISCED 2011 levels,Cyprus,2021,7.2,b,
ESTAT:TEPSR_WC170(1.0),11/09/25 23:00:00,Annual,Percentage,Total,From 15 to 74 years,All ISCED 2011 levels,Cyprus,2022,6.3,,
ESTAT:TEPSR_WC170(1.0),11/09/25 23:00:00,Annual,Percentage,Total,From 15 to 74 years,All ISCED 2011 levels,Cyprus,2023,5.8,,
ESTAT:TEPSR_WC170(1.0),11/09/25 23:00:00,Annual,Percentage,Total,From 15 to 74 years,All ISCED 2011 levels,Cyprus,2024,4.9,,
ESTAT:TEPSR_WC170(1.0),11/09/25 23:00:00,Annual,Percentage,Total,From 15 to 74 years,All ISCED 2011 levels,Czechia,2005,7.9,b,
ESTAT:TEPSR_WC170(1.0),11/09/25 23:00:00,Annual,Percentage,Total,From 15 to 74 years,All ISCED 2011 levels,Czechia,2006,7.2,,
ESTAT:TEPSR_WC170(1.0),11/09/25 23:00:00,Annual,Percentage,Total,From 15 to 74 years,All ISCED 2011 levels,Czechia,2007,5.3,,
ESTAT:TEPSR_WC170(1.0),11/09/25 23:00:00,Annual,Percentage,Total,From 15 to 74 years,All ISCED 2011 levels,Czechia,2008,4.4,,
ESTAT:TEPSR_WC170(1.0),11/09/25 23:00:00,Annual,Percentage,Total,From 15 to 74 years,All ISCED 2011 levels,Czechia,2009,6.7,,
ESTAT:TEPSR_WC170(1.0),11/09/25 23:00:00,Annual,Percentage,Total,From 15 to 74 years,All ISCED 2011 levels,Czechia,2010,7.3,,
ESTAT:TEPSR_WC170(1.0),11/09/25 23:00:00,Annual,Percentage,Total,From 15 to 74 years,All ISCED 2011 levels,Czechia,2011,6.7,b,
ESTAT:TEPSR_WC170(1.0),11/09/25 23:00:00,Annual,Percentage,Total,From 15 to 74 years,All ISCED 2011 levels,Czechia,2012,7.0,,
ESTAT:TEPSR_WC170(1.0),11/09/25 23:00:00,Annual,Percentage,Total,From 15 to 74 years,All ISCED 2011 levels,Czechia,2013,7.0,,
ESTAT:TEPSR_WC170(1.0),11/09/25 23:00:00,Annual,Percentage,Total,From 15 to 74 years,All ISCED 2011 levels,Czechia,2014,6.1,b,
ESTAT:TEPSR_WC170(1.0),11/09/25 23:00:00,Annual,Percentage,Total,From 15 to 74 years,All ISCED 2011 levels,Czechia,2015,5.1,,
ESTAT:TEPSR_WC170(1.0),11/09/25 23:00:00,Annual,Percentage,Total,From 15 to 74 years,All ISCED 2011 levels,Czechia,2016,4.0,,
ESTAT:TEPSR_WC170(1.0),11/09/25 23:00:00,Annual,Percentage,Total,From 15 to 74 years,All ISCED 2011 levels,Czechia,2017,2.9,,
ESTAT:TEPSR_WC170(1.0),11/09/25 23:00:00,Annual,Percentage,Total,From 15 to 74 years,All ISCED 2011 levels,Czechia,2018,2.2,,
ESTAT:TEPSR_WC170(1.0),11/09/25 23:00:00,Annual,Percentage,Total,From 15 to 74 years,All ISCED 2011 levels,Czechia,2019,2.0,,
ESTAT:TEPSR_WC170(1.0),11/09/25 23:00:00,Annual,Percentage,Total,From 15 to 74 years,All ISCED 2011 levels,Czechia,2020,2.6,,
ESTAT:TEPSR_WC170(1.0),11/09/25 23:00:00,Annual,Percentage,Total,From 15 to 74 years,All ISCED 2011 levels,Czechia,2021,2.8,b,
ESTAT:TEPSR_WC170(1.0),11/09/25 23:00:00,Annual,Percentage,Total,From 15 to 74 years,All ISCED 2011 levels,Czechia,2022,2.2,,
ESTAT:TEPSR_WC170(1.0),11/09/25 23:00:00,Annual,Percentage,Total,From 15 to 74 years,All ISCED 2011 levels,Czechia,2023,2.6,,
ESTAT:TEPSR_WC170(1.0),11/09/25 23:00:00,Annual,Percentage,Total,From 15 to 74 years,All ISCED 2011 levels,Czechia,2024,2.6,,
ESTAT:TEPSR_WC170(1.0),11/09/25 23:00:00,Annual,Percentage,Total,From 15 to 74 years,All ISCED 2011 levels,Germany,2005,11.2,b,
ESTAT:TEPSR_WC170(1.0),11/09/25 23:00:00,Annual,Percentage,Total,From 15 to 74 years,All ISCED 2011 levels,Germany,2006,10.3,b,
ESTAT:TEPSR_WC170(1.0),11/09/25 23:00:00,Annual,Percentage,Total,From 15 to 74 years,All ISCED 2011 levels,Germany,2007,8.7,,
ESTAT:TEPSR_WC170(1.0),11/09/25 23:00:00,Annual,Percentage,Total,From 15 to 74 years,All ISCED 2011 levels,Germany,2008,7.5,,
ESTAT:TEPSR_WC170(1.0),11/09/25 23:00:00,Annual,Percentage,Total,From 15 to 74 years,All ISCED 2011 levels,Germany,2009,7.8,,
ESTAT:TEPSR_WC170(1.0),11/09/25 23:00:00,Annual,Percentage,Total,From 15 to 74 years,All ISCED 2011 levels,Germany,2010,7.0,b,
ESTAT:TEPSR_WC170(1.0),11/09/25 23:00:00,Annual,Percentage,Total,From 15 to 74 years,All ISCED 2011 levels,Germany,2011,5.8,b,
ESTAT:TEPSR_WC170(1.0),11/09/25 23:00:00,Annual,Percentage,Total,From 15 to 74 years,All ISCED 2011 levels,Germany,2012,5.4,b,
ESTAT:TEPSR_WC170(1.0),11/09/25 23:00:00,Annual,Percentage,Total,From 15 to 74 years,All ISCED 2011 levels,Germany,2013,5.2,,
ESTAT:TEPSR_WC170(1.0),11/09/25 23:00:00,Annual,Percentage,Total,From 15 to 74 years,All ISCED 2011 levels,Germany,2014,5.0,b,
ESTAT:TEPSR_WC170(1.0),11/09/25 23:00:00,Annual,Percentage,Total,From 15 to 74 years,All ISCED 2011 levels,Germany,2015,4.6,,
ESTAT:TEPSR_WC170(1.0),11/09/25 23:00:00,Annual,Percentage,Total,From 15 to 74 years,All ISCED 2011 levels,Germany,2016,4.1,,
ESTAT:TEPSR_WC170(1.0),11/09/25 23:00:00,Annual,Percentage,Total,From 15 to 74 years,All ISCED 2011 levels,Germany,2017,3.8,,
ESTAT:TEPSR_WC170(1.0),11/09/25 23:00:00,Annual,Percentage,Total,From 15 to 74 years,All ISCED 2011 levels,Germany,2018,3.4,,
ESTAT:TEPSR_WC170(1.0),11/09/25 23:00:00,Annual,Percentage,Total,From 15 to 74 years,All ISCED 2011 levels,Germany,2019,3.1,,
ESTAT:TEPSR_WC170(1.0),11/09/25 23:00:00,Annual,Percentage,Total,From 15 to 74 years,All ISCED 2011 levels,Germany,2020,3.9,b,
ESTAT:TEPSR_WC170(1.0),11/09/25 23:00:00,Annual,Percentage,Total,From 15 to 74 years,All ISCED 2011 levels,Germany,2021,3.6,b,
ESTAT:TEPSR_WC170(1.0),11/09/25 23:00:00,Annual,Percentage,Total,From 15 to 74 years,All ISCED 2011 levels,Germany,2022,3.1,,
ESTAT:TEPSR_WC170(1.0),11/09/25 23:00:00,Annual,Percentage,Total,From 15 to 74 years,All ISCED 2011 levels,Germany,2023,3.1,,
ESTAT:TEPSR_WC170(1.0),11/09/25 23:00:00,Annual,Percentage,Total,From 15 to 74 years,All ISCED 2011 levels,Germany,2024,3.4,,
ESTAT:TEPSR_WC170(1.0),11/09/25 23:00:00,Annual,Percentage,Total,From 15 to 74 years,All ISCED 2011 levels,Denmark,2005,4.8,b,
ESTAT:TEPSR_WC170(1.0),11/09/25 23:00:00,Annual,Percentage,Total,From 15 to 74 years,All ISCED 2011 levels,Denmark,2006,3.9,,
ESTAT:TEPSR_WC170(1.0),11/09/25 23:00:00,Annual,Percentage,Total,From 15 to 74 years,All ISCED 2011 levels,Denmark,2007,3.8,b,
ESTAT:TEPSR_WC170(1.0),11/09/25 23:00:00,Annual,Percentage,Total,From 15 to 74 years,All ISCED 2011 levels,Denmark,2008,3.7,b,
ESTAT:TEPSR_WC170(1.0),11/09/25 23:00:00,Annual,Percentage,Total,From 15 to 74 years,All ISCED 2011 levels,Denmark,2009,6.4,,
ESTAT:TEPSR_WC170(1.0),11/09/25 23:00:00,Annual,Percentage,Total,From 15 to 74 years,All ISCED 2011 levels,Denmark,2010,7.7,,
ESTAT:TEPSR_WC170(1.0),11/09/25 23:00:00,Annual,Percentage,Total,From 15 to 74 years,All ISCED 2011 levels,Denmark,2011,7.8,,
ESTAT:TEPSR_WC170(1.0),11/09/25 23:00:00,Annual,Percentage,Total,From 15 to 74 years,All ISCED 2011 levels,Denmark,2012,7.8,,
ESTAT:TEPSR_WC170(1.0),11/09/25 23:00:00,Annual,Percentage,Total,From 15 to 74 years,All ISCED 2011 levels,Denmark,2013,7.4,,
ESTAT:TEPSR_WC170(1.0),11/09/25 23:00:00,Annual,Percentage,Total,From 15 to 74 years,All ISCED 2011 levels,Denmark,2014,6.9,b,
ESTAT:TEPSR_WC170(1.0),11/09/25 23:00:00,Annual,Percentage,Total,From 15 to 74 years,All ISCED 2011 levels,Denmark,2015,6.3,,
ESTAT:TEPSR_WC170(1.0),11/09/25 23:00:00,Annual,Percentage,Total,From 15 to 74 years,All ISCED 2011 levels,Denmark,2016,6.0,b,
ESTAT:TEPSR_WC170(1.0),11/09/25 23:00:00,Annual,Percentage,Total,From 15 to 74 years,All ISCED 2011 levels,Denmark,2017,5.8,b,
ESTAT:TEPSR_WC170(1.0),11/09/25 23:00:00,Annual,Percentage,Total,From 15 to 74 years,All ISCED 2011 levels,Denmark,2018,5.1,,
ESTAT:TEPSR_WC170(1.0),11/09/25 23:00:00,Annual,Percentage,Total,From 15 to 74 years,All ISCED 2011 levels,Denmark,2019,5.0,,
ESTAT:TEPSR_WC170(1.0),11/09/25 23:00:00,Annual,Percentage,Total,From 15 to 74 years,All ISCED 2011 levels,Denmark,2020,5.6,,
ESTAT:TEPSR_WC170(1.0),11/09/25 23:00:00,Annual,Percentage,Total,From 15 to 74 years,All ISCED 2011 levels,Denmark,2021,5.1,b,
ESTAT:TEPSR_WC170(1.0),11/09/25 23:00:00,Annual,Percentage,Total,From 15 to 74 years,All ISCED 2011 levels,Denmark,2022,4.5,,
ESTAT:TEPSR_WC170(1.0),11/09/25 23:00:00,Annual,Percentage,Total,From 15 to 74 years,All ISCED 2011 levels,Denmark,2023,5.1,b,
ESTAT:TEPSR_WC170(1.0),11/09/25 23:00:00,Annual,Percentage,Total,From 15 to 74 years,All ISCED 2011 levels,Denmark,2024,6.2,,
ESTAT:TEPSR_WC170(1.0),11/09/25 23:00:00,Annual,Percentage,Total,From 15 to 74 years,All ISCED 2011 levels,Euro area – 20 countries (from 2023),2005,9.1,b,
ESTAT:TEPSR_WC170(1.0),11/09/25 23:00:00,Annual,Percentage,Total,From 15 to 74 years,All ISCED 2011 levels,Euro area – 20 countries (from 2023),2006,8.4,,
ESTAT:TEPSR_WC170(1.0),11/09/25 23:00:00,Annual,Percentage,Total,From 15 to 74 years,All ISCED 2011 levels,Euro area – 20 countries (from 2023),2007,7.5,,
ESTAT:TEPSR_WC170(1.0),11/09/25 23:00:00,Annual,Percentage,Total,From 15 to 74 years,All ISCED 2011 levels,Euro area – 20 countries (from 2023),2008,7.5,,
ESTAT:TEPSR_WC170(1.0),11/09/25 23:00:00,Annual,Percentage,Total,From 15 to 74 years,All ISCED 2011 levels,Euro area – 20 countries (from 2023),2009,9.6,,
ESTAT:TEPSR_WC170(1.0),11/09/25 23:00:00,Annual,Percentage,Total,From 15 to 74 years,All ISCED 2011 levels,Euro area – 20 countries (from 2023),2010,10.1,,
ESTAT:TEPSR_WC170(1.0),11/09/25 23:00:00,Annual,Percentage,Total,From 15 to 74 years,All ISCED 2011 levels,Euro area – 20 countries (from 2023),2011,10.2,,
ESTAT:TEPSR_WC170(1.0),11/09/25 23:00:00,Annual,Percentage,Total,From 15 to 74 years,All ISCED 2011 levels,Euro area – 20 countries (from 2023),2012,11.4,,
ESTAT:TEPSR_WC170(1.0),11/09/25 23:00:00,Annual,Percentage,Total,From 15 to 74 years,All ISCED 2011 levels,Euro area – 20 countries (from 2023),2013,12.0,,
ESTAT:TEPSR_WC170(1.0),11/09/25 23:00:00,Annual,Percentage,Total,From 15 to 74 years,All ISCED 2011 levels,Euro area – 20 countries (from 2023),2014,11.7,b,
ESTAT:TEPSR_WC170(1.0),11/09/25 23:00:00,Annual,Percentage,Total,From 15 to 74 years,All ISCED 2011 levels,Euro area – 20 countries (from 2023),2015,10.9,,
ESTAT:TEPSR_WC170(1.0),11/09/25 23:00:00,Annual,Percentage,Total,From 15 to 74 years,All ISCED 2011 levels,Euro area – 20 countries (from 2023),2016,10.1,,
ESTAT:TEPSR_WC170(1.0),11/09/25 23:00:00,Annual,Percentage,Total,From 15 to 74 years,All ISCED 2011 levels,Euro area – 20 countries (from 2023),2017,9.1,,
ESTAT:TEPSR_WC170(1.0),11/09/25 23:00:00,Annual,Percentage,Total,From 15 to 74 years,All ISCED 2011 levels,Euro area – 20 countries (from 2023),2018,8.2,,
ESTAT:TEPSR_WC170(1.0),11/09/25 23:00:00,Annual,Percentage,Total,From 15 to 74 years,All ISCED 2011 levels,Euro area – 20 countries (from 2023),2019,7.5,,
ESTAT:TEPSR_WC170(1.0),11/09/25 23:00:00,Annual,Percentage,Total,From 15 to 74 years,All ISCED 2011 levels,Euro area – 20 countries (from 2023),2020,7.9,,
ESTAT:TEPSR_WC170(1.0),11/09/25 23:00:00,Annual,Percentage,Total,From 15 to 74 years,All ISCED 2011 levels,Euro area – 20 countries (from 2023),2021,7.8,b,
ESTAT:TEPSR_WC170(1.0),11/09/25 23:00:00,Annual,Percentage,Total,From 15 to 74 years,All ISCED 2011 levels,Euro area – 20 countries (from 2023),2022,6.8,,
ESTAT:TEPSR_WC170(1.0),11/09/25 23:00:00,Annual,Percentage,Total,From 15 to 74 years,All ISCED 2011 levels,Euro area – 20 countries (from 2023),2023,6.6,,
ESTAT:TEPSR_WC170(1.0),11/09/25 23:00:00,Annual,Percentage,Total,From 15 to 74 years,All ISCED 2011 levels,Euro area – 20 countries (from 2023),2024,6.4,,
ESTAT:TEPSR_WC170(1.0),11/09/25 23:00:00,Annual,Percentage,Total,From 15 to 74 years,All ISCED 2011 levels,Estonia,2005,8.0,b,
ESTAT:TEPSR_WC170(1.0),11/09/25 23:00:00,Annual,Percentage,Total,From 15 to 74 years,All ISCED 2011 levels,Estonia,2006,5.9,,
ESTAT:TEPSR_WC170(1.0),11/09/25 23:00:00,Annual,Percentage,Total,From 15 to 74 years,All ISCED 2011 levels,Estonia,2007,4.6,,
ESTAT:TEPSR_WC170(1.0),11/09/25 23:00:00,Annual,Percentage,Total,From 15 to 74 years,All ISCED 2011 levels,Estonia,2008,5.5,,
ESTAT:TEPSR_WC170(1.0),11/09/25 23:00:00,Annual,Percentage,Total,From 15 to 74 years,All ISCED 2011 levels,Estonia,2009,13.5,,
ESTAT:TEPSR_WC170(1.0),11/09/25 23:00:00,Annual,Percentage,Total,From 15 to 74 years,All ISCED 2011 levels,Estonia,2010,16.7,,
ESTAT:TEPSR_WC170(1.0),11/09/25 23:00:00,Annual,Percentage,Total,From 15 to 74 years,All ISCED 2011 levels,Estonia,2011,12.3,,
ESTAT:TEPSR_WC170(1.0),11/09/25 23:00:00,Annual,Percentage,Total,From 15 to 74 years,All ISCED 2011 levels,Estonia,2012,10.0,,
ESTAT:TEPSR_WC170(1.0),11/09/25 23:00:00,Annual,Percentage,Total,From 15 to 74 years,All ISCED 2011 levels,Estonia,2013,8.6,,
ESTAT:TEPSR_WC170(1.0),11/09/25 23:00:00,Annual,Percentage,Total,From 15 to 74 years,All ISCED 2011 levels,Estonia,2014,7.4,b,
ESTAT:TEPSR_WC170(1.0),11/09/25 23:00:00,Annual,Percentage,Total,From 15 to 74 years,All ISCED 2011 levels,Estonia,2015,6.4,,
ESTAT:TEPSR_WC170(1.0),11/09/25 23:00:00,Annual,Percentage,Total,From 15 to 74 years,All ISCED 2011 levels,Estonia,2016,6.9,,
ESTAT:TEPSR_WC170(1.0),11/09/25 23:00:00,Annual,Percentage,Total,From 15 to 74 years,All ISCED 2011 levels,Estonia,2017,5.8,,
ESTAT:TEPSR_WC170(1.0),11/09/25 23:00:00,Annual,Percentage,Total,From 15 to 74 years,All ISCED 2011 levels,Estonia,2018,5.4,,
ESTAT:TEPSR_WC170(1.0),11/09/25 23:00:00,Annual,Percentage,Total,From 15 to 74 years,All ISCED 2011 levels,Estonia,2019,4.5,,
ESTAT:TEPSR_WC170(1.0),11/09/25 23:00:00,Annual,Percentage,Total,From 15 to 74 years,All ISCED 2011 levels,Estonia,2020,7.0,,
ESTAT:TEPSR_WC170(1.0),11/09/25 23:00:00,Annual,Percentage,Total,From 15 to 74 years,All ISCED 2011 levels,Estonia,2021,6.2,b,
ESTAT:TEPSR_WC170(1.0),11/09/25 23:00:00,Annual,Percentage,Total,From 15 to 74 years,All ISCED 2011 levels,Estonia,2022,5.6,,
ESTAT:TEPSR_WC170(1.0),11/09/25 23:00:00,Annual,Percentage,Total,From 15 to 74 years,All ISCED 2011 levels,Estonia,2023,6.4,,
ESTAT:TEPSR_WC170(1.0),11/09/25 23:00:00,Annual,Percentage,Total,From 15 to 74 years,All ISCED 2011 levels,Estonia,2024,7.6,,
ESTAT:TEPSR_WC170(1.0),11/09/25 23:00:00,Annual,Percentage,Total,From 15 to 74 years,All ISCED 2011 levels,Greece,2005,10.0,b,
ESTAT:TEPSR_WC170(1.0),11/09/25 23:00:00,Annual,Percentage,Total,From 15 to 74 years,All ISCED 2011 levels,Greece,2006,9.0,,
ESTAT:TEPSR_WC170(1.0),11/09/25 23:00:00,Annual,Percentage,Total,From 15 to 74 years,All ISCED 2011 levels,Greece,2007,8.4,,
ESTAT:TEPSR_WC170(1.0),11/09/25 23:00:00,Annual,Percentage,Total,From 15 to 74 years,All ISCED 2011 levels,Greece,2008,7.8,,
ESTAT:TEPSR_WC170(1.0),11/09/25 23:00:00,Annual,Percentage,Total,From 15 to 74 years,All ISCED 2011 levels,Greece,2009,9.6,b,
ESTAT:TEPSR_WC170(1.0),11/09/25 23:00:00,Annual,Percentage,Total,From 15 to 74 years,All ISCED 2011 levels,Greece,2010,12.7,,
ESTAT:TEPSR_WC170(1.0),11/09/25 23:00:00,Annual,Percentage,Total,From 15 to 74 years,All ISCED 2011 levels,Greece,2011,17.9,,
ESTAT:TEPSR_WC170(1.0),11/09/25 23:00:00,Annual,Percentage,Total,From 15 to 74 years,All ISCED 2011 levels,Greece,2012,24.5,,
ESTAT:TEPSR_WC170(1.0),11/09/25 23:00:00,Annual,Percentage,Total,From 15 to 74 years,All ISCED 2011 levels,Greece,2013,27.5,,
ESTAT:TEPSR_WC170(1.0),11/09/25 23:00:00,Annual,Percentage,Total,From 15 to 74 years,All ISCED 2011 levels,Greece,2014,26.5,b,
ESTAT:TEPSR_WC170(1.0),11/09/25 23:00:00,Annual,Percentage,Total,From 15 to 74 years,All ISCED 2011 levels,Greece,2015,24.9,,
ESTAT:TEPSR_WC170(1.0),11/09/25 23:00:00,Annual,Percentage,Total,From 15 to 74 years,All ISCED 2011 levels,Greece,2016,23.6,,
ESTAT:TEPSR_WC170(1.0),11/09/25 23:00:00,Annual,Percentage,Total,From 15 to 74 years,All ISCED 2011 levels,Greece,2017,21.5,,
ESTAT:TEPSR_WC170(1.0),11/09/25 23:00:00,Annual,Percentage,Total,From 15 to 74 years,All ISCED 2011 levels,Greece,2018,19.3,,
ESTAT:TEPSR_WC170(1.0),11/09/25 23:00:00,Annual,Percentage,Total,From 15 to 74 years,All ISCED 2011 levels,Greece,2019,17.3,,
ESTAT:TEPSR_WC170(1.0),11/09/25 23:00:00,Annual,Percentage,Total,From 15 to 74 years,All ISCED 2011 levels,Greece,2020,16.3,,
ESTAT:TEPSR_WC170(1.0),11/09/25 23:00:00,Annual,Percentage,Total,From 15 to 74 years,All ISCED 2011 levels,Greece,2021,14.7,b,
ESTAT:TEPSR_WC170(1.0),11/09/25 23:00:00,Annual,Percentage,Total,From 15 to 74 years,All ISCED 2011 levels,Greece,2022,12.5,,
ESTAT:TEPSR_WC170(1.0),11/09/25 23:00:00,Annual,Percentage,Total,From 15 to 74 years,All ISCED 2011 levels,Greece,2023,11.1,,
ESTAT:TEPSR_WC170(1.0),11/09/25 23:00:00,Annual,Percentage,Total,From 15 to 74 years,All ISCED 2011 levels,Greece,2024,10.1,,
ESTAT:TEPSR_WC170(1.0),11/09/25 23:00:00,Annual,Percentage,Total,From 15 to 74 years,All ISCED 2011 levels,Spain,2005,9.2,b,
ESTAT:TEPSR_WC170(1.0),11/09/25 23:00:00,Annual,Percentage,Total,From 15 to 74 years,All ISCED 2011 levels,Spain,2006,8.5,b,
ESTAT:TEPSR_WC170(1.0),11/09/25 23:00:00,Annual,Percentage,Total,From 15 to 74 years,All ISCED 2011 levels,Spain,2007,8.2,,
ESTAT:TEPSR_WC170(1.0),11/09/25 23:00:00,Annual,Percentage,Total,From 15 to 74 years,All ISCED 2011 levels,Spain,2008,11.3,,
ESTAT:TEPSR_WC170(1.0),11/09/25 23:00:00,Annual,Percentage,Total,From 15 to 74 years,All ISCED 2011 levels,Spain,2009,17.9,,
ESTAT:TEPSR_WC170(1.0),11/09/25 23:00:00,Annual,Percentage,Total,From 15 to 74 years,All ISCED 2011 levels,Spain,2010,19.9,,
ESTAT:TEPSR_WC170(1.0),11/09/25 23:00:00,Annual,Percentage,Total,From 15 to 74 years,All ISCED 2011 levels,Spain,2011,21.4,,
ESTAT:TEPSR_WC170(1.0),11/09/25 23:00:00,Annual,Percentage,Total,From 15 to 74 years,All ISCED 2011 levels,Spain,2012,24.8,,
ESTAT:TEPSR_WC170(1.0),11/09/25 23:00:00,Annual,Percentage,Total,From 15 to 74 years,All ISCED 2011 levels,Spain,2013,26.1,,
ESTAT:TEPSR_WC170(1.0),11/09/25 23:00:00,Annual,Percentage,Total,From 15 to 74 years,All ISCED 2011 levels,Spain,2014,24.5,b,
ESTAT:TEPSR_WC170(1.0),11/09/25 23:00:00,Annual,Percentage,Total,From 15 to 74 years,All ISCED 2011 levels,Spain,2015,22.1,,
ESTAT:TEPSR_WC170(1.0),11/09/25 23:00:00,Annual,Percentage,Total,From 15 to 74 years,All ISCED 2011 levels,Spain,2016,19.6,,
ESTAT:TEPSR_WC170(1.0),11/09/25 23:00:00,Annual,Percentage,Total,From 15 to 74 years,All ISCED 2011 levels,Spain,2017,17.2,,
ESTAT:TEPSR_WC170(1.0),11/09/25 23:00:00,Annual,Percentage,Total,From 15 to 74 years,All ISCED 2011 levels,Spain,2018,15.3,,
ESTAT:TEPSR_WC170(1.0),11/09/25 23:00:00,Annual,Percentage,Total,From 15 to 74 years,All ISCED 2011 levels,Spain,2019,14.1,,
ESTAT:TEPSR_WC170(1.0),11/09/25 23:00:00,Annual,Percentage,Total,From 15 to 74 years,All ISCED 2011 levels,Spain,2020,15.5,,
ESTAT:TEPSR_WC170(1.0),11/09/25 23:00:00,Annual,Percentage,Total,From 15 to 74 years,All ISCED 2011 levels,Spain,2021,14.9,bd,
ESTAT:TEPSR_WC170(1.0),11/09/25 23:00:00,Annual,Percentage,Total,From 15 to 74 years,All ISCED 2011 levels,Spain,2022,13.0,d,
ESTAT:TEPSR_WC170(1.0),11/09/25 23:00:00,Annual,Percentage,Total,From 15 to 74 years,All ISCED 2011 levels,Spain,2023,12.2,d,
ESTAT:TEPSR_WC170(1.0),11/09/25 23:00:00,Annual,Percentage,Total,From 15 to 74 years,All ISCED 2011 levels,Spain,2024,11.4,d,
ESTAT:TEPSR_WC170(1.0),11/09/25 23:00:00,Annual,Percentage,Total,From 15 to 74 years,All ISCED 2011 levels,European Union - 27 countries (from 2020),2005,9.6,b,
ESTAT:TEPSR_WC170(1.0),11/09/25 23:00:00,Annual,Percentage,Total,From 15 to 74 years,All ISCED 2011 levels,European Union - 27 countries (from 2020),2006,8.6,,
ESTAT:TEPSR_WC170(1.0),11/09/25 23:00:00,Annual,Percentage,Total,From 15 to 74 years,All ISCED 2011 levels,European Union - 27 countries (from 2020),2007,7.5,,
ESTAT:TEPSR_WC170(1.0),11/09/25 23:00:00,Annual,Percentage,Total,From 15 to 74 years,All ISCED 2011 levels,European Union - 27 countries (from 2020),2008,7.2,,
ESTAT:TEPSR_WC170(1.0),11/09/25 23:00:00,Annual,Percentage,Total,From 15 to 74 years,All ISCED 2011 levels,European Union - 27 countries (from 2020),2009,9.1,,
ESTAT:TEPSR_WC170(1.0),11/09/25 23:00:00,Annual,Percentage,Total,From 15 to 74 years,All ISCED 2011 levels,European Union - 27 countries (from 2020),2010,9.8,,
ESTAT:TEPSR_WC170(1.0),11/09/25 23:00:00,Annual,Percentage,Total,From 15 to 74 years,All ISCED 2011 levels,European Union - 27 countries (from 2020),2011,9.9,,
ESTAT:TEPSR_WC170(1.0),11/09/25 23:00:00,Annual,Percentage,Total,From 15 to 74 years,All ISCED 2011 levels,European Union - 27 countries (from 2020),2012,10.8,,
ESTAT:TEPSR_WC170(1.0),11/09/25 23:00:00,Annual,Percentage,Total,From 15 to 74 years,All ISCED 2011 levels,European Union - 27 countries (from 2020),2013,11.4,,
ESTAT:TEPSR_WC170(1.0),11/09/25 23:00:00,Annual,Percentage,Total,From 15 to 74 years,All ISCED 2011 levels,European Union - 27 countries (from 2020),2014,10.9,b,
ESTAT:TEPSR_WC170(1.0),11/09/25 23:00:00,Annual,Percentage,Total,From 15 to 74 years,All ISCED 2011 levels,European Union - 27 countries (from 2020),2015,10.1,,
ESTAT:TEPSR_WC170(1.0),11/09/25 23:00:00,Annual,Percentage,Total,From 15 to 74 years,All ISCED 2011 levels,European Union - 27 countries (from 2020),2016,9.1,,
ESTAT:TEPSR_WC170(1.0),11/09/25 23:00:00,Annual,Percentage,Total,From 15 to 74 years,All ISCED 2011 levels,European Union - 27 countries (from 2020),2017,8.2,,
ESTAT:TEPSR_WC170(1.0),11/09/25 23:00:00,Annual,Percentage,Total,From 15 to 74 years,All ISCED 2011 levels,European Union - 27 countries (from 2020),2018,7.3,,
ESTAT:TEPSR_WC170(1.0),11/09/25 23:00:00,Annual,Percentage,Total,From 15 to 74 years,All ISCED 2011 levels,European Union - 27 countries (from 2020),2019,6.7,,
ESTAT:TEPSR_WC170(1.0),11/09/25 23:00:00,Annual,Percentage,Total,From 15 to 74 years,All ISCED 2011 levels,European Union - 27 countries (from 2020),2020,7.1,,
ESTAT:TEPSR_WC170(1.0),11/09/25 23:00:00,Annual,Percentage,Total,From 15 to 74 years,All ISCED 2011 levels,European Union - 27 countries (from 2020),2021,7.1,b,
ESTAT:TEPSR_WC170(1.0),11/09/25 23:00:00,Annual,Percentage,Total,From 15 to 74 years,All ISCED 2011 levels,European Union - 27 countries (from 2020),2022,6.2,,
ESTAT:TEPSR_WC170(1.0),11/09/25 23:00:00,Annual,Percentage,Total,From 15 to 74 years,All ISCED 2011 levels,European Union - 27 countries (from 2020),2023,6.1,,
ESTAT:TEPSR_WC170(1.0),11/09/25 23:00:00,Annual,Percentage,Total,From 15 to 74 years,All ISCED 2011 levels,European Union - 27 countries (from 2020),2024,5.9,,
ESTAT:TEPSR_WC170(1.0),11/09/25 23:00:00,Annual,Percentage,Total,From 15 to 74 years,All ISCED 2011 levels,Finland,2005,8.4,b,
ESTAT:TEPSR_WC170(1.0),11/09/25 23:00:00,Annual,Percentage,Total,From 15 to 74 years,All ISCED 2011 levels,Finland,2006,7.7,,
ESTAT:TEPSR_WC170(1.0),11/09/25 23:00:00,Annual,Percentage,Total,From 15 to 74 years,All ISCED 2011 levels,Finland,2007,6.9,b,
ESTAT:TEPSR_WC170(1.0),11/09/25 23:00:00,Annual,Percentage,Total,From 15 to 74 years,All ISCED 2011 levels,Finland,2008,6.4,b,
ESTAT:TEPSR_WC170(1.0),11/09/25 23:00:00,Annual,Percentage,Total,From 15 to 74 years,All ISCED 2011 levels,Finland,2009,8.2,,
ESTAT:TEPSR_WC170(1.0),11/09/25 23:00:00,Annual,Percentage,Total,From 15 to 74 years,All ISCED 2011 levels,Finland,2010,8.4,,
ESTAT:TEPSR_WC170(1.0),11/09/25 23:00:00,Annual,Percentage,Total,From 15 to 74 years,All ISCED 2011 levels,Finland,2011,7.8,,
ESTAT:TEPSR_WC170(1.0),11/09/25 23:00:00,Annual,Percentage,Total,From 15 to 74 years,All ISCED 2011 levels,Finland,2012,7.7,,
ESTAT:TEPSR_WC170(1.0),11/09/25 23:00:00,Annual,Percentage,Total,From 15 to 74 years,All ISCED 2011 levels,Finland,2013,8.2,,
ESTAT:TEPSR_WC170(1.0),11/09/25 23:00:00,Annual,Percentage,Total,From 15 to 74 years,All ISCED 2011 levels,Finland,2014,8.7,b,
ESTAT:TEPSR_WC170(1.0),11/09/25 23:00:00,Annual,Percentage,Total,From 15 to 74 years,All ISCED 2011 levels,Finland,2015,9.4,,
ESTAT:TEPSR_WC170(1.0),11/09/25 23:00:00,Annual,Percentage,Total,From 15 to 74 years,All ISCED 2011 levels,Finland,2016,8.8,,
ESTAT:TEPSR_WC170(1.0),11/09/25 23:00:00,Annual,Percentage,Total,From 15 to 74 years,All ISCED 2011 levels,Finland,2017,8.6,,
ESTAT:TEPSR_WC170(1.0),11/09/25 23:00:00,Annual,Percentage,Total,From 15 to 74 years,All ISCED 2011 levels,Finland,2018,7.4,,
ESTAT:TEPSR_WC170(1.0),11/09/25 23:00:00,Annual,Percentage,Total,From 15 to 74 years,All ISCED 2011 levels,Finland,2019,6.7,,
ESTAT:TEPSR_WC170(1.0),11/09/25 23:00:00,Annual,Percentage,Total,From 15 to 74 years,All ISCED 2011 levels,Finland,2020,7.8,,
ESTAT:TEPSR_WC170(1.0),11/09/25 23:00:00,Annual,Percentage,Total,From 15 to 74 years,All ISCED 2011 levels,Finland,2021,7.7,b,
ESTAT:TEPSR_WC170(1.0),11/09/25 23:00:00,Annual,Percentage,Total,From 15 to 74 years,All ISCED 2011 levels,Finland,2022,6.8,,
ESTAT:TEPSR_WC170(1.0),11/09/25 23:00:00,Annual,Percentage,Total,From 15 to 74 years,All ISCED 2011 levels,Finland,2023,7.2,,
ESTAT:TEPSR_WC170(1.0),11/09/25 23:00:00,Annual,Percentage,Total,From 15 to 74 years,All ISCED 2011 levels,Finland,2024,8.4,,
ESTAT:TEPSR_WC170(1.0),11/09/25 23:00:00,Annual,Percentage,Total,From 15 to 74 years,All ISCED 2011 levels,France,2005,8.5,b,
ESTAT:TEPSR_WC170(1.0),11/09/25 23:00:00,Annual,Percentage,Total,From 15 to 74 years,All ISCED 2011 levels,France,2006,8.5,b,
ESTAT:TEPSR_WC170(1.0),11/09/25 23:00:00,Annual,Percentage,Total,From 15 to 74 years,All ISCED 2011 levels,France,2007,7.7,,
ESTAT:TEPSR_WC170(1.0),11/09/25 23:00:00,Annual,Percentage,Total,From 15 to 74 years,All ISCED 2011 levels,France,2008,7.1,,
ESTAT:TEPSR_WC170(1.0),11/09/25 23:00:00,Annual,Percentage,Total,From 15 to 74 years,All ISCED 2011 levels,France,2009,8.7,,
ESTAT:TEPSR_WC170(1.0),11/09/25 23:00:00,Annual,Percentage,Total,From 15 to 74 years,All ISCED 2011 levels,France,2010,8.9,,
ESTAT:TEPSR_WC170(1.0),11/09/25 23:00:00,Annual,Percentage,Total,From 15 to 74 years,All ISCED 2011 levels,France,2011,8.8,,
ESTAT:TEPSR_WC170(1.0),11/09/25 23:00:00,Annual,Percentage,Total,From 15 to 74 years,All ISCED 2011 levels,France,2012,9.4,,
ESTAT:TEPSR_WC170(1.0),11/09/25 23:00:00,Annual,Percentage,Total,From 15 to 74 years,All ISCED 2011 levels,France,2013,9.9,b,
ESTAT:TEPSR_WC170(1.0),11/09/25 23:00:00,Annual,Percentage,Total,From 15 to 74 years,All ISCED 2011 levels,France,2014,10.3,b,
ESTAT:TEPSR_WC170(1.0),11/09/25 23:00:00,Annual,Percentage,Total,From 15 to 74 years,All ISCED 2011 levels,France,2015,10.4,,
ESTAT:TEPSR_WC170(1.0),11/09/25 23:00:00,Annual,Percentage,Total,From 15 to 74 years,All ISCED 2011 levels,France,2016,10.1,,
ESTAT:TEPSR_WC170(1.0),11/09/25 23:00:00,Annual,Percentage,Total,From 15 to 74 years,All ISCED 2011 levels,France,2017,9.4,,
ESTAT:TEPSR_WC170(1.0),11/09/25 23:00:00,Annual,Percentage,Total,From 15 to 74 years,All ISCED 2011 levels,France,2018,9.0,,
ESTAT:TEPSR_WC170(1.0),11/09/25 23:00:00,Annual,Percentage,Total,From 15 to 74 years,All ISCED 2011 levels,France,2019,8.4,,
ESTAT:TEPSR_WC170(1.0),11/09/25 23:00:00,Annual,Percentage,Total,From 15 to 74 years,All ISCED 2011 levels,France,2020,8.0,,
ESTAT:TEPSR_WC170(1.0),11/09/25 23:00:00,Annual,Percentage,Total,From 15 to 74 years,All ISCED 2011 levels,France,2021,7.9,bd,
ESTAT:TEPSR_WC170(1.0),11/09/25 23:00:00,Annual,Percentage,Total,From 15 to 74 years,All ISCED 2011 levels,France,2022,7.3,d,
ESTAT:TEPSR_WC170(1.0),11/09/25 23:00:00,Annual,Percentage,Total,From 15 to 74 years,All ISCED 2011 levels,France,2023,7.3,d,
ESTAT:TEPSR_WC170(1.0),11/09/25 23:00:00,Annual,Percentage,Total,From 15 to 74 years,All ISCED 2011 levels,France,2024,7.4,d,
ESTAT:TEPSR_WC170(1.0),11/09/25 23:00:00,Annual,Percentage,Total,From 15 to 74 years,All ISCED 2011 levels,Croatia,2005,12.7,b,
ESTAT:TEPSR_WC170(1.0),11/09/25 23:00:00,Annual,Percentage,Total,From 15 to 74 years,All ISCED 2011 levels,Croatia,2006,11.2,b,
ESTAT:TEPSR_WC170(1.0),11/09/25 23:00:00,Annual,Percentage,Total,From 15 to 74 years,All ISCED 2011 levels,Croatia,2007,9.9,,
ESTAT:TEPSR_WC170(1.0),11/09/25 23:00:00,Annual,Percentage,Total,From 15 to 74 years,All ISCED 2011 levels,Croatia,2008,8.6,,
ESTAT:TEPSR_WC170(1.0),11/09/25 23:00:00,Annual,Percentage,Total,From 15 to 74 years,All ISCED 2011 levels,Croatia,2009,9.2,,
ESTAT:TEPSR_WC170(1.0),11/09/25 23:00:00,Annual,Percentage,Total,From 15 to 74 years,All ISCED 2011 levels,Croatia,2010,11.7,b,
ESTAT:TEPSR_WC170(1.0),11/09/25 23:00:00,Annual,Percentage,Total,From 15 to 74 years,All ISCED 2011 levels,Croatia,2011,13.7,,
ESTAT:TEPSR_WC170(1.0),11/09/25 23:00:00,Annual,Percentage,Total,From 15 to 74 years,All ISCED 2011 levels,Croatia,2012,16.1,b,
ESTAT:TEPSR_WC170(1.0),11/09/25 23:00:00,Annual,Percentage,Total,From 15 to 74 years,All ISCED 2011 levels,Croatia,2013,17.3,,
ESTAT:TEPSR_WC170(1.0),11/09/25 23:00:00,Annual,Percentage,Total,From 15 to 74 years,All ISCED 2011 levels,Croatia,2014,17.3,b,
ESTAT:TEPSR_WC170(1.0),11/09/25 23:00:00,Annual,Percentage,Total,From 15 to 74 years,All ISCED 2011 levels,Croatia,2015,16.2,,
ESTAT:TEPSR_WC170(1.0),11/09/25 23:00:00,Annual,Percentage,Total,From 15 to 74 years,All ISCED 2011 levels,Croatia,2016,13.0,,
ESTAT:TEPSR_WC170(1.0),11/09/25 23:00:00,Annual,Percentage,Total,From 15 to 74 years,All ISCED 2011 levels,Croatia,2017,11.1,,
ESTAT:TEPSR_WC170(1.0),11/09/25 23:00:00,Annual,Percentage,Total,From 15 to 74 years,All ISCED 2011 levels,Croatia,2018,8.3,,
ESTAT:TEPSR_WC170(1.0),11/09/25 23:00:00,Annual,Percentage,Total,From 15 to 74 years,All ISCED 2011 levels,Croatia,2019,6.6,,
ESTAT:TEPSR_WC170(1.0),11/09/25 23:00:00,Annual,Percentage,Total,From 15 to 74 years,All ISCED 2011 levels,Croatia,2020,7.4,,
ESTAT:TEPSR_WC170(1.0),11/09/25 23:00:00,Annual,Percentage,Total,From 15 to 74 years,All ISCED 2011 levels,Croatia,2021,7.5,b,
ESTAT:TEPSR_WC170(1.0),11/09/25 23:00:00,Annual,Percentage,Total,From 15 to 74 years,All ISCED 2011 levels,Croatia,2022,6.8,,
ESTAT:TEPSR_WC170(1.0),11/09/25 23:00:00,Annual,Percentage,Total,From 15 to 74 years,All ISCED 2011 levels,Croatia,2023,6.1,,
ESTAT:TEPSR_WC170(1.0),11/09/25 23:00:00,Annual,Percentage,Total,From 15 to 74 years,All ISCED 2011 levels,Croatia,2024,5.0,,
ESTAT:TEPSR_WC170(1.0),11/09/25 23:00:00,Annual,Percentage,Total,From 15 to 74 years,All ISCED 2011 levels,Hungary,2005,7.2,b,
ESTAT:TEPSR_WC170(1.0),11/09/25 23:00:00,Annual,Percentage,Total,From 15 to 74 years,All ISCED 2011 levels,Hungary,2006,7.5,,
ESTAT:TEPSR_WC170(1.0),11/09/25 23:00:00,Annual,Percentage,Total,From 15 to 74 years,All ISCED 2011 levels,Hungary,2007,7.4,,
ESTAT:TEPSR_WC170(1.0),11/09/25 23:00:00,Annual,Percentage,Total,From 15 to 74 years,All ISCED 2011 levels,Hungary,2008,7.8,,
ESTAT:TEPSR_WC170(1.0),11/09/25 23:00:00,Annual,Percentage,Total,From 15 to 74 years,All ISCED 2011 levels,Hungary,2009,10.0,,
ESTAT:TEPSR_WC170(1.0),11/09/25 23:00:00,Annual,Percentage,Total,From 15 to 74 years,All ISCED 2011 levels,Hungary,2010,11.2,,
ESTAT:TEPSR_WC170(1.0),11/09/25 23:00:00,Annual,Percentage,Total,From 15 to 74 years,All ISCED 2011 levels,Hungary,2011,11.0,,
ESTAT:TEPSR_WC170(1.0),11/09/25 23:00:00,Annual,Percentage,Total,From 15 to 74 years,All ISCED 2011 levels,Hungary,2012,11.0,,
ESTAT:TEPSR_WC170(1.0),11/09/25 23:00:00,Annual,Percentage,Total,From 15 to 74 years,All ISCED 2011 levels,Hungary,2013,10.2,,
ESTAT:TEPSR_WC170(1.0),11/09/25 23:00:00,Annual,Percentage,Total,From 15 to 74 years,All ISCED 2011 levels,Hungary,2014,7.7,b,
ESTAT:TEPSR_WC170(1.0),11/09/25 23:00:00,Annual,Percentage,Total,From 15 to 74 years,All ISCED 2011 levels,Hungary,2015,6.8,,
ESTAT:TEPSR_WC170(1.0),11/09/25 23:00:00,Annual,Percentage,Total,From 15 to 74 years,All ISCED 2011 levels,Hungary,2016,5.1,,
ESTAT:TEPSR_WC170(1.0),11/09/25 23:00:00,Annual,Percentage,Total,From 15 to 74 years,All ISCED 2011 levels,Hungary,2017,4.2,,
ESTAT:TEPSR_WC170(1.0),11/09/25 23:00:00,Annual,Percentage,Total,From 15 to 74 years,All ISCED 2011 levels,Hungary,2018,3.7,b,
ESTAT:TEPSR_WC170(1.0),11/09/25 23:00:00,Annual,Percentage,Total,From 15 to 74 years,All ISCED 2011 levels,Hungary,2019,3.4,,
ESTAT:TEPSR_WC170(1.0),11/09/25 23:00:00,Annual,Percentage,Total,From 15 to 74 years,All ISCED 2011 levels,Hungary,2020,4.2,,
ESTAT:TEPSR_WC170(1.0),11/09/25 23:00:00,Annual,Percentage,Total,From 15 to 74 years,All ISCED 2011 levels,Hungary,2021,4.0,b,
ESTAT:TEPSR_WC170(1.0),11/09/25 23:00:00,Annual,Percentage,Total,From 15 to 74 years,All ISCED 2011 levels,Hungary,2022,3.6,,
ESTAT:TEPSR_WC170(1.0),11/09/25 23:00:00,Annual,Percentage,Total,From 15 to 74 years,All ISCED 2011 levels,Hungary,2023,4.1,,
ESTAT:TEPSR_WC170(1.0),11/09/25 23:00:00,Annual,Percentage,Total,From 15 to 74 years,All ISCED 2011 levels,Hungary,2024,4.5,,
ESTAT:TEPSR_WC170(1.0),11/09/25 23:00:00,Annual,Percentage,Total,From 15 to 74 years,All ISCED 2011 levels,Ireland,2005,4.4,b,
ESTAT:TEPSR_WC170(1.0),11/09/25 23:00:00,Annual,Percentage,Total,From 15 to 74 years,All ISCED 2011 levels,Ireland,2006,4.4,,
ESTAT:TEPSR_WC170(1.0),11/09/25 23:00:00,Annual,Percentage,Total,From 15 to 74 years,All ISCED 2011 levels,Ireland,2007,5.0,b,
ESTAT:TEPSR_WC170(1.0),11/09/25 23:00:00,Annual,Percentage,Total,From 15 to 74 years,All ISCED 2011 levels,Ireland,2008,6.8,,
ESTAT:TEPSR_WC170(1.0),11/09/25 23:00:00,Annual,Percentage,Total,From 15 to 74 years,All ISCED 2011 levels,Ireland,2009,12.6,,
ESTAT:TEPSR_WC170(1.0),11/09/25 23:00:00,Annual,Percentage,Total,From 15 to 74 years,All ISCED 2011 levels,Ireland,2010,14.6,,
ESTAT:TEPSR_WC170(1.0),11/09/25 23:00:00,Annual,Percentage,Total,From 15 to 74 years,All ISCED 2011 levels,Ireland,2011,15.4,,
ESTAT:TEPSR_WC170(1.0),11/09/25 23:00:00,Annual,Percentage,Total,From 15 to 74 years,All ISCED 2011 levels,Ireland,2012,15.5,,
ESTAT:TEPSR_WC170(1.0),11/09/25 23:00:00,Annual,Percentage,Total,From 15 to 74 years,All ISCED 2011 levels,Ireland,2013,13.8,,
ESTAT:TEPSR_WC170(1.0),11/09/25 23:00:00,Annual,Percentage,Total,From 15 to 74 years,All ISCED 2011 levels,Ireland,2014,11.9,b,
ESTAT:TEPSR_WC170(1.0),11/09/25 23:00:00,Annual,Percentage,Total,From 15 to 74 years,All ISCED 2011 levels,Ireland,2015,10.0,,
ESTAT:TEPSR_WC170(1.0),11/09/25 23:00:00,Annual,Percentage,Total,From 15 to 74 years,All ISCED 2011 levels,Ireland,2016,8.4,,
ESTAT:TEPSR_WC170(1.0),11/09/25 23:00:00,Annual,Percentage,Total,From 15 to 74 years,All ISCED 2011 levels,Ireland,2017,6.7,b,
ESTAT:TEPSR_WC170(1.0),11/09/25 23:00:00,Annual,Percentage,Total,From 15 to 74 years,All ISCED 2011 levels,Ireland,2018,5.8,,
ESTAT:TEPSR_WC170(1.0),11/09/25 23:00:00,Annual,Percentage,Total,From 15 to 74 years,All ISCED 2011 levels,Ireland,2019,5.0,,
ESTAT:TEPSR_WC170(1.0),11/09/25 23:00:00,Annual,Percentage,Total,From 15 to 74 years,All ISCED 2011 levels,Ireland,2020,5.7,,
ESTAT:TEPSR_WC170(1.0),11/09/25 23:00:00,Annual,Percentage,Total,From 15 to 74 years,All ISCED 2011 levels,Ireland,2021,6.2,b,
ESTAT:TEPSR_WC170(1.0),11/09/25 23:00:00,Annual,Percentage,Total,From 15 to 74 years,All ISCED 2011 levels,Ireland,2022,4.5,,
ESTAT:TEPSR_WC170(1.0),11/09/25 23:00:00,Annual,Percentage,Total,From 15 to 74 years,All ISCED 2011 levels,Ireland,2023,4.3,,
ESTAT:TEPSR_WC170(1.0),11/09/25 23:00:00,Annual,Percentage,Total,From 15 to 74 years,All ISCED 2011 levels,Ireland,2024,4.3,,
ESTAT:TEPSR_WC170(1.0),11/09/25 23:00:00,Annual,Percentage,Total,From 15 to 74 years,All ISCED 2011 levels,Iceland,2005,2.5,b,
ESTAT:TEPSR_WC170(1.0),11/09/25 23:00:00,Annual,Percentage,Total,From 15 to 74 years,All ISCED 2011 levels,Iceland,2006,2.8,,
ESTAT:TEPSR_WC170(1.0),11/09/25 23:00:00,Annual,Percentage,Total,From 15 to 74 years,All ISCED 2011 levels,Iceland,2007,2.3,,
ESTAT:TEPSR_WC170(1.0),11/09/25 23:00:00,Annual,Percentage,Total,From 15 to 74 years,All ISCED 2011 levels,Iceland,2008,2.9,,
ESTAT:TEPSR_WC170(1.0),11/09/25 23:00:00,Annual,Percentage,Total,From 15 to 74 years,All ISCED 2011 levels,Iceland,2009,7.2,,
ESTAT:TEPSR_WC170(1.0),11/09/25 23:00:00,Annual,Percentage,Total,From 15 to 74 years,All ISCED 2011 levels,Iceland,2010,7.6,,
ESTAT:TEPSR_WC170(1.0),11/09/25 23:00:00,Annual,Percentage,Total,From 15 to 74 years,All ISCED 2011 levels,Iceland,2011,7.0,,
ESTAT:TEPSR_WC170(1.0),11/09/25 23:00:00,Annual,Percentage,Total,From 15 to 74 years,All ISCED 2011 levels,Iceland,2012,6.0,,
ESTAT:TEPSR_WC170(1.0),11/09/25 23:00:00,Annual,Percentage,Total,From 15 to 74 years,All ISCED 2011 levels,Iceland,2013,5.4,,
ESTAT:TEPSR_WC170(1.0),11/09/25 23:00:00,Annual,Percentage,Total,From 15 to 74 years,All ISCED 2011 levels,Iceland,2014,4.9,b,
ESTAT:TEPSR_WC170(1.0),11/09/25 23:00:00,Annual,Percentage,Total,From 15 to 74 years,All ISCED 2011 levels,Iceland,2015,4.0,,
ESTAT:TEPSR_WC170(1.0),11/09/25 23:00:00,Annual,Percentage,Total,From 15 to 74 years,All ISCED 2011 levels,Iceland,2016,3.0,,
ESTAT:TEPSR_WC170(1.0),11/09/25 23:00:00,Annual,Percentage,Total,From 15 to 74 years,All ISCED 2011 levels,Iceland,2017,2.7,,
ESTAT:TEPSR_WC170(1.0),11/09/25 23:00:00,Annual,Percentage,Total,From 15 to 74 years,All ISCED 2011 levels,Iceland,2018,2.7,,
ESTAT:TEPSR_WC170(1.0),11/09/25 23:00:00,Annual,Percentage,Total,From 15 to 74 years,All ISCED 2011 levels,Iceland,2019,3.5,,
ESTAT:TEPSR_WC170(1.0),11/09/25 23:00:00,Annual,Percentage,Total,From 15 to 74 years,All ISCED 2011 levels,Iceland,2020,5.5,b,
ESTAT:TEPSR_WC170(1.0),11/09/25 23:00:00,Annual,Percentage,Total,From 15 to 74 years,All ISCED 2011 levels,Iceland,2021,6.1,b,
ESTAT:TEPSR_WC170(1.0),11/09/25 23:00:00,Annual,Percentage,Total,From 15 to 74 years,All ISCED 2011 levels,Iceland,2022,3.8,,
ESTAT:TEPSR_WC170(1.0),11/09/25 23:00:00,Annual,Percentage,Total,From 15 to 74 years,All ISCED 2011 levels,Iceland,2023,3.5,,
ESTAT:TEPSR_WC170(1.0),11/09/25 23:00:00,Annual,Percentage,Total,From 15 to 74 years,All ISCED 2011 levels,Iceland,2024,3.6,,
ESTAT:TEPSR_WC170(1.0),11/09/25 23:00:00,Annual,Percentage,Total,From 15 to 74 years,All ISCED 2011 levels,Italy,2005,7.7,b,
ESTAT:TEPSR_WC170(1.0),11/09/25 23:00:00,Annual,Percentage,Total,From 15 to 74 years,All ISCED 2011 levels,Italy,2006,6.8,,
ESTAT:TEPSR_WC170(1.0),11/09/25 23:00:00,Annual,Percentage,Total,From 15 to 74 years,All ISCED 2011 levels,Italy,2007,6.1,,
ESTAT:TEPSR_WC170(1.0),11/09/25 23:00:00,Annual,Percentage,Total,From 15 to 74 years,All ISCED 2011 levels,Italy,2008,6.7,,
ESTAT:TEPSR_WC170(1.0),11/09/25 23:00:00,Annual,Percentage,Total,From 15 to 74 years,All ISCED 2011 levels,Italy,2009,7.8,,
ESTAT:TEPSR_WC170(1.0),11/09/25 23:00:00,Annual,Percentage,Total,From 15 to 74 years,All ISCED 2011 levels,Italy,2010,8.4,,
ESTAT:TEPSR_WC170(1.0),11/09/25 23:00:00,Annual,Percentage,Total,From 15 to 74 years,All ISCED 2011 levels,Italy,2011,8.4,,
ESTAT:TEPSR_WC170(1.0),11/09/25 23:00:00,Annual,Percentage,Total,From 15 to 74 years,All ISCED 2011 levels,Italy,2012,10.7,,
ESTAT:TEPSR_WC170(1.0),11/09/25 23:00:00,Annual,Percentage,Total,From 15 to 74 years,All ISCED 2011 levels,Italy,2013,12.2,,
ESTAT:TEPSR_WC170(1.0),11/09/25 23:00:00,Annual,Percentage,Total,From 15 to 74 years,All ISCED 2011 levels,Italy,2014,12.7,b,
ESTAT:TEPSR_WC170(1.0),11/09/25 23:00:00,Annual,Percentage,Total,From 15 to 74 years,All ISCED 2011 levels,Italy,2015,11.9,,
ESTAT:TEPSR_WC170(1.0),11/09/25 23:00:00,Annual,Percentage,Total,From 15 to 74 years,All ISCED 2011 levels,Italy,2016,11.7,,
ESTAT:TEPSR_WC170(1.0),11/09/25 23:00:00,Annual,Percentage,Total,From 15 to 74 years,All ISCED 2011 levels,Italy,2017,11.2,,
ESTAT:TEPSR_WC170(1.0),11/09/25 23:00:00,Annual,Percentage,Total,From 15 to 74 years,All ISCED 2011 levels,Italy,2018,10.6,b,
ESTAT:TEPSR_WC170(1.0),11/09/25 23:00:00,Annual,Percentage,Total,From 15 to 74 years,All ISCED 2011 levels,Italy,2019,9.9,,
ESTAT:TEPSR_WC170(1.0),11/09/25 23:00:00,Annual,Percentage,Total,From 15 to 74 years,All ISCED 2011 levels,Italy,2020,9.2,,
ESTAT:TEPSR_WC170(1.0),11/09/25 23:00:00,Annual,Percentage,Total,From 15 to 74 years,All ISCED 2011 levels,Italy,2021,9.5,b,
ESTAT:TEPSR_WC170(1.0),11/09/25 23:00:00,Annual,Percentage,Total,From 15 to 74 years,All ISCED 2011 levels,Italy,2022,8.1,,
ESTAT:TEPSR_WC170(1.0),11/09/25 23:00:00,Annual,Percentage,Total,From 15 to 74 years,All ISCED 2011 levels,Italy,2023,7.7,,
ESTAT:TEPSR_WC170(1.0),11/09/25 23:00:00,Annual,Percentage,Total,From 15 to 74 years,All ISCED 2011 levels,Italy,2024,6.5,,
ESTAT:TEPSR_WC170(1.0),11/09/25 23:00:00,Annual,Percentage,Total,From 15 to 74 years,All ISCED 2011 levels,Lithuania,2005,8.3,b,
ESTAT:TEPSR_WC170(1.0),11/09/25 23:00:00,Annual,Percentage,Total,From 15 to 74 years,All ISCED 2011 levels,Lithuania,2006,5.8,,
ESTAT:TEPSR_WC170(1.0),11/09/25 23:00:00,Annual,Percentage,Total,From 15 to 74 years,All ISCED 2011 levels,Lithuania,2007,4.3,,
ESTAT:TEPSR_WC170(1.0),11/09/25 23:00:00,Annual,Percentage,Total,From 15 to 74 years,All ISCED 2011 levels,Lithuania,2008,5.8,,
ESTAT:TEPSR_WC170(1.0),11/09/25 23:00:00,Annual,Percentage,Total,From 15 to 74 years,All ISCED 2011 levels,Lithuania,2009,13.8,,
ESTAT:TEPSR_WC170(1.0),11/09/25 23:00:00,Annual,Percentage,Total,From 15 to 74 years,All ISCED 2011 levels,Lithuania,2010,17.8,,
ESTAT:TEPSR_WC170(1.0),11/09/25 23:00:00,Annual,Percentage,Total,From 15 to 74 years,All ISCED 2011 levels,Lithuania,2011,15.4,,
ESTAT:TEPSR_WC170(1.0),11/09/25 23:00:00,Annual,Percentage,Total,From 15 to 74 years,All ISCED 2011 levels,Lithuania,2012,13.4,,
ESTAT:TEPSR_WC170(1.0),11/09/25 23:00:00,Annual,Percentage,Total,From 15 to 74 years,All ISCED 2011 levels,Lithuania,2013,11.8,,
ESTAT:TEPSR_WC170(1.0),11/09/25 23:00:00,Annual,Percentage,Total,From 15 to 74 years,All ISCED 2011 levels,Lithuania,2014,10.7,b,
ESTAT:TEPSR_WC170(1.0),11/09/25 23:00:00,Annual,Percentage,Total,From 15 to 74 years,All ISCED 2011 levels,Lithuania,2015,9.1,,
ESTAT:TEPSR_WC170(1.0),11/09/25 23:00:00,Annual,Percentage,Total,From 15 to 74 years,All ISCED 2011 levels,Lithuania,2016,7.9,,
ESTAT:TEPSR_WC170(1.0),11/09/25 23:00:00,Annual,Percentage,Total,From 15 to 74 years,All ISCED 2011 levels,Lithuania,2017,7.1,,
ESTAT:TEPSR_WC170(1.0),11/09/25 23:00:00,Annual,Percentage,Total,From 15 to 74 years,All ISCED 2011 levels,Lithuania,2018,6.2,,
ESTAT:TEPSR_WC170(1.0),11/09/25 23:00:00,Annual,Percentage,Total,From 15 to 74 years,All ISCED 2011 levels,Lithuania,2019,6.3,,
ESTAT:TEPSR_WC170(1.0),11/09/25 23:00:00,Annual,Percentage,Total,From 15 to 74 years,All ISCED 2011 levels,Lithuania,2020,8.5,,
ESTAT:TEPSR_WC170(1.0),11/09/25 23:00:00,Annual,Percentage,Total,From 15 to 74 years,All ISCED 2011 levels,Lithuania,2021,7.1,b,
ESTAT:TEPSR_WC170(1.0),11/09/25 23:00:00,Annual,Percentage,Total,From 15 to 74 years,All ISCED 2011 levels,Lithuania,2022,6.0,,
ESTAT:TEPSR_WC170(1.0),11/09/25 23:00:00,Annual,Percentage,Total,From 15 to 74 years,All ISCED 2011 levels,Lithuania,2023,6.9,,
ESTAT:TEPSR_WC170(1.0),11/09/25 23:00:00,Annual,Percentage,Total,From 15 to 74 years,All ISCED 2011 levels,Lithuania,2024,7.1,,
ESTAT:TEPSR_WC170(1.0),11/09/25 23:00:00,Annual,Percentage,Total,From 15 to 74 years,All ISCED 2011 levels,Luxembourg,2005,4.5,b,
ESTAT:TEPSR_WC170(1.0),11/09/25 23:00:00,Annual,Percentage,Total,From 15 to 74 years,All ISCED 2011 levels,Luxembourg,2006,4.7,,
ESTAT:TEPSR_WC170(1.0),11/09/25 23:00:00,Annual,Percentage,Total,From 15 to 74 years,All ISCED 2011 levels,Luxembourg,2007,4.1,b,
ESTAT:TEPSR_WC170(1.0),11/09/25 23:00:00,Annual,Percentage,Total,From 15 to 74 years,All ISCED 2011 levels,Luxembourg,2008,5.1,,
ESTAT:TEPSR_WC170(1.0),11/09/25 23:00:00,Annual,Percentage,Total,From 15 to 74 years,All ISCED 2011 levels,Luxembourg,2009,5.1,b,
ESTAT:TEPSR_WC170(1.0),11/09/25 23:00:00,Annual,Percentage,Total,From 15 to 74 years,All ISCED 2011 levels,Luxembourg,2010,4.4,,
ESTAT:TEPSR_WC170(1.0),11/09/25 23:00:00,Annual,Percentage,Total,From 15 to 74 years,All ISCED 2011 levels,Luxembourg,2011,4.9,,
ESTAT:TEPSR_WC170(1.0),11/09/25 23:00:00,Annual,Percentage,Total,From 15 to 74 years,All ISCED 2011 levels,Luxembourg,2012,5.1,,
ESTAT:TEPSR_WC170(1.0),11/09/25 23:00:00,Annual,Percentage,Total,From 15 to 74 years,All ISCED 2011 levels,Luxembourg,2013,5.9,,
ESTAT:TEPSR_WC170(1.0),11/09/25 23:00:00,Annual,Percentage,Total,From 15 to 74 years,All ISCED 2011 levels,Luxembourg,2014,5.9,b,
ESTAT:TEPSR_WC170(1.0),11/09/25 23:00:00,Annual,Percentage,Total,From 15 to 74 years,All ISCED 2011 levels,Luxembourg,2015,6.7,b,
ESTAT:TEPSR_WC170(1.0),11/09/25 23:00:00,Annual,Percentage,Total,From 15 to 74 years,All ISCED 2011 levels,Luxembourg,2016,6.3,,
ESTAT:TEPSR_WC170(1.0),11/09/25 23:00:00,Annual,Percentage,Total,From 15 to 74 years,All ISCED 2011 levels,Luxembourg,2017,5.5,,
ESTAT:TEPSR_WC170(1.0),11/09/25 23:00:00,Annual,Percentage,Total,From 15 to 74 years,All ISCED 2011 levels,Luxembourg,2018,5.6,,
ESTAT:TEPSR_WC170(1.0),11/09/25 23:00:00,Annual,Percentage,Total,From 15 to 74 years,All ISCED 2011 levels,Luxembourg,2019,5.6,,
ESTAT:TEPSR_WC170(1.0),11/09/25 23:00:00,Annual,Percentage,Total,From 15 to 74 years,All ISCED 2011 levels,Luxembourg,2020,6.8,,
ESTAT:TEPSR_WC170(1.0),11/09/25 23:00:00,Annual,Percentage,Total,From 15 to 74 years,All ISCED 2011 levels,Luxembourg,2021,5.3,b,
ESTAT:TEPSR_WC170(1.0),11/09/25 23:00:00,Annual,Percentage,Total,From 15 to 74 years,All ISCED 2011 levels,Luxembourg,2022,4.6,,
ESTAT:TEPSR_WC170(1.0),11/09/25 23:00:00,Annual,Percentage,Total,From 15 to 74 years,All ISCED 2011 levels,Luxembourg,2023,5.2,,
ESTAT:TEPSR_WC170(1.0),11/09/25 23:00:00,Annual,Percentage,Total,From 15 to 74 years,All ISCED 2011 levels,Luxembourg,2024,6.4,,
ESTAT:TEPSR_WC170(1.0),11/09/25 23:00:00,Annual,Percentage,Total,From 15 to 74 years,All ISCED 2011 levels,Latvia,2005,10.0,b,
ESTAT:TEPSR_WC170(1.0),11/09/25 23:00:00,Annual,Percentage,Total,From 15 to 74 years,All ISCED 2011 levels,Latvia,2006,7.0,,
ESTAT:TEPSR_WC170(1.0),11/09/25 23:00:00,Annual,Percentage,Total,From 15 to 74 years,All ISCED 2011 levels,Latvia,2007,6.1,,
ESTAT:TEPSR_WC170(1.0),11/09/25 23:00:00,Annual,Percentage,Total,From 15 to 74 years,All ISCED 2011 levels,Latvia,2008,7.7,,
ESTAT:TEPSR_WC170(1.0),11/09/25 23:00:00,Annual,Percentage,Total,From 15 to 74 years,All ISCED 2011 levels,Latvia,2009,17.5,,
ESTAT:TEPSR_WC170(1.0),11/09/25 23:00:00,Annual,Percentage,Total,From 15 to 74 years,All ISCED 2011 levels,Latvia,2010,19.5,,
ESTAT:TEPSR_WC170(1.0),11/09/25 23:00:00,Annual,Percentage,Total,From 15 to 74 years,All ISCED 2011 levels,Latvia,2011,16.2,,
ESTAT:TEPSR_WC170(1.0),11/09/25 23:00:00,Annual,Percentage,Total,From 15 to 74 years,All ISCED 2011 levels,Latvia,2012,15.0,,
ESTAT:TEPSR_WC170(1.0),11/09/25 23:00:00,Annual,Percentage,Total,From 15 to 74 years,All ISCED 2011 levels,Latvia,2013,11.9,,
ESTAT:TEPSR_WC170(1.0),11/09/25 23:00:00,Annual,Percentage,Total,From 15 to 74 years,All ISCED 2011 levels,Latvia,2014,10.8,b,
ESTAT:TEPSR_WC170(1.0),11/09/25 23:00:00,Annual,Percentage,Total,From 15 to 74 years,All ISCED 2011 levels,Latvia,2015,9.9,,
ESTAT:TEPSR_WC170(1.0),11/09/25 23:00:00,Annual,Percentage,Total,From 15 to 74 years,All ISCED 2011 levels,Latvia,2016,9.6,,
ESTAT:TEPSR_WC170(1.0),11/09/25 23:00:00,Annual,Percentage,Total,From 15 to 74 years,All ISCED 2011 levels,Latvia,2017,8.7,,
ESTAT:TEPSR_WC170(1.0),11/09/25 23:00:00,Annual,Percentage,Total,From 15 to 74 years,All ISCED 2011 levels,Latvia,2018,7.4,,
ESTAT:TEPSR_WC170(1.0),11/09/25 23:00:00,Annual,Percentage,Total,From 15 to 74 years,All ISCED 2011 levels,Latvia,2019,6.3,,
ESTAT:TEPSR_WC170(1.0),11/09/25 23:00:00,Annual,Percentage,Total,From 15 to 74 years,All ISCED 2011 levels,Latvia,2020,8.1,,
ESTAT:TEPSR_WC170(1.0),11/09/25 23:00:00,Annual,Percentage,Total,From 15 to 74 years,All ISCED 2011 levels,Latvia,2021,7.6,b,
ESTAT:TEPSR_WC170(1.0),11/09/25 23:00:00,Annual,Percentage,Total,From 15 to 74 years,All ISCED 2011 levels,Latvia,2022,6.9,,
ESTAT:TEPSR_WC170(1.0),11/09/25 23:00:00,Annual,Percentage,Total,From 15 to 74 years,All ISCED 2011 levels,Latvia,2023,6.5,,
ESTAT:TEPSR_WC170(1.0),11/09/25 23:00:00,Annual,Percentage,Total,From 15 to 74 years,All ISCED 2011 levels,Latvia,2024,6.9,,
ESTAT:TEPSR_WC170(1.0),11/09/25 23:00:00,Annual,Percentage,Total,From 15 to 74 years,All ISCED 2011 levels,Montenegro,2011,19.7,,
ESTAT:TEPSR_WC170(1.0),11/09/25 23:00:00,Annual,Percentage,Total,From 15 to 74 years,All ISCED 2011 levels,Montenegro,2012,20.0,,
ESTAT:TEPSR_WC170(1.0),11/09/25 23:00:00,Annual,Percentage,Total,From 15 to 74 years,All ISCED 2011 levels,Montenegro,2013,19.5,,
ESTAT:TEPSR_WC170(1.0),11/09/25 23:00:00,Annual,Percentage,Total,From 15 to 74 years,All ISCED 2011 levels,Montenegro,2014,18.0,b,
ESTAT:TEPSR_WC170(1.0),11/09/25 23:00:00,Annual,Percentage,Total,From 15 to 74 years,All ISCED 2011 levels,Montenegro,2015,17.6,,
ESTAT:TEPSR_WC170(1.0),11/09/25 23:00:00,Annual,Percentage,Total,From 15 to 74 years,All ISCED 2011 levels,Montenegro,2016,17.8,,
ESTAT:TEPSR_WC170(1.0),11/09/25 23:00:00,Annual,Percentage,Total,From 15 to 74 years,All ISCED 2011 levels,Montenegro,2017,16.1,,
ESTAT:TEPSR_WC170(1.0),11/09/25 23:00:00,Annual,Percentage,Total,From 15 to 74 years,All ISCED 2011 levels,Montenegro,2018,15.2,,
ESTAT:TEPSR_WC170(1.0),11/09/25 23:00:00,Annual,Percentage,Total,From 15 to 74 years,All ISCED 2011 levels,Montenegro,2019,15.2,,
ESTAT:TEPSR_WC170(1.0),11/09/25 23:00:00,Annual,Percentage,Total,From 15 to 74 years,All ISCED 2011 levels,Montenegro,2020,17.9,,
ESTAT:TEPSR_WC170(1.0),11/09/25 23:00:00,Annual,Percentage,Total,From 15 to 74 years,All ISCED 2011 levels,North Macedonia,2006,36.1,,
ESTAT:TEPSR_WC170(1.0),11/09/25 23:00:00,Annual,Percentage,Total,From 15 to 74 years,All ISCED 2011 levels,North Macedonia,2007,35.0,,
ESTAT:TEPSR_WC170(1.0),11/09/25 23:00:00,Annual,Percentage,Total,From 15 to 74 years,All ISCED 2011 levels,North Macedonia,2008,33.8,,
ESTAT:TEPSR_WC170(1.0),11/09/25 23:00:00,Annual,Percentage,Total,From 15 to 74 years,All ISCED 2011 levels,North Macedonia,2009,32.2,,
ESTAT:TEPSR_WC170(1.0),11/09/25 23:00:00,Annual,Percentage,Total,From 15 to 74 years,All ISCED 2011 levels,North Macedonia,2010,32.0,,
ESTAT:TEPSR_WC170(1.0),11/09/25 23:00:00,Annual,Percentage,Total,From 15 to 74 years,All ISCED 2011 levels,North Macedonia,2011,31.4,,
ESTAT:TEPSR_WC170(1.0),11/09/25 23:00:00,Annual,Percentage,Total,From 15 to 74 years,All ISCED 2011 levels,North Macedonia,2012,31.0,,
ESTAT:TEPSR_WC170(1.0),11/09/25 23:00:00,Annual,Percentage,Total,From 15 to 74 years,All ISCED 2011 levels,North Macedonia,2013,29.0,,
ESTAT:TEPSR_WC170(1.0),11/09/25 23:00:00,Annual,Percentage,Total,From 15 to 74 years,All ISCED 2011 levels,North Macedonia,2014,28.0,b,
ESTAT:TEPSR_WC170(1.0),11/09/25 23:00:00,Annual,Percentage,Total,From 15 to 74 years,All ISCED 2011 levels,North Macedonia,2015,26.1,,
ESTAT:TEPSR_WC170(1.0),11/09/25 23:00:00,Annual,Percentage,Total,From 15 to 74 years,All ISCED 2011 levels,North Macedonia,2016,23.7,,
ESTAT:TEPSR_WC170(1.0),11/09/25 23:00:00,Annual,Percentage,Total,From 15 to 74 years,All ISCED 2011 levels,North Macedonia,2017,22.4,,
ESTAT:TEPSR_WC170(1.0),11/09/25 23:00:00,Annual,Percentage,Total,From 15 to 74 years,All ISCED 2011 levels,North Macedonia,2018,20.8,,
ESTAT:TEPSR_WC170(1.0),11/09/25 23:00:00,Annual,Percentage,Total,From 15 to 74 years,All ISCED 2011 levels,North Macedonia,2019,17.3,,
ESTAT:TEPSR_WC170(1.0),11/09/25 23:00:00,Annual,Percentage,Total,From 15 to 74 years,All ISCED 2011 levels,North Macedonia,2020,16.4,,
ESTAT:TEPSR_WC170(1.0),11/09/25 23:00:00,Annual,Percentage,Total,From 15 to 74 years,All ISCED 2011 levels,Malta,2005,6.9,b,
ESTAT:TEPSR_WC170(1.0),11/09/25 23:00:00,Annual,Percentage,Total,From 15 to 74 years,All ISCED 2011 levels,Malta,2006,6.8,,
ESTAT:TEPSR_WC170(1.0),11/09/25 23:00:00,Annual,Percentage,Total,From 15 to 74 years,All ISCED 2011 levels,Malta,2007,6.5,,
ESTAT:TEPSR_WC170(1.0),11/09/25 23:00:00,Annual,Percentage,Total,From 15 to 74 years,All ISCED 2011 levels,Malta,2008,6.0,,
ESTAT:TEPSR_WC170(1.0),11/09/25 23:00:00,Annual,Percentage,Total,From 15 to 74 years,All ISCED 2011 levels,Malta,2009,6.9,,
ESTAT:TEPSR_WC170(1.0),11/09/25 23:00:00,Annual,Percentage,Total,From 15 to 74 years,All ISCED 2011 levels,Malta,2010,6.9,,
ESTAT:TEPSR_WC170(1.0),11/09/25 23:00:00,Annual,Percentage,Total,From 15 to 74 years,All ISCED 2011 levels,Malta,2011,6.4,b,
ESTAT:TEPSR_WC170(1.0),11/09/25 23:00:00,Annual,Percentage,Total,From 15 to 74 years,All ISCED 2011 levels,Malta,2012,6.2,,
ESTAT:TEPSR_WC170(1.0),11/09/25 23:00:00,Annual,Percentage,Total,From 15 to 74 years,All ISCED 2011 levels,Malta,2013,6.1,,
ESTAT:TEPSR_WC170(1.0),11/09/25 23:00:00,Annual,Percentage,Total,From 15 to 74 years,All ISCED 2011 levels,Malta,2014,5.7,b,
ESTAT:TEPSR_WC170(1.0),11/09/25 23:00:00,Annual,Percentage,Total,From 15 to 74 years,All ISCED 2011 levels,Malta,2015,5.4,,
ESTAT:TEPSR_WC170(1.0),11/09/25 23:00:00,Annual,Percentage,Total,From 15 to 74 years,All ISCED 2011 levels,Malta,2016,4.7,,
ESTAT:TEPSR_WC170(1.0),11/09/25 23:00:00,Annual,Percentage,Total,From 15 to 74 years,All ISCED 2011 levels,Malta,2017,4.0,,
ESTAT:TEPSR_WC170(1.0),11/09/25 23:00:00,Annual,Percentage,Total,From 15 to 74 years,All ISCED 2011 levels,Malta,2018,4.0,,
ESTAT:TEPSR_WC170(1.0),11/09/25 23:00:00,Annual,Percentage,Total,From 15 to 74 years,All ISCED 2011 levels,Malta,2019,4.1,,
ESTAT:TEPSR_WC170(1.0),11/09/25 23:00:00,Annual,Percentage,Total,From 15 to 74 years,All ISCED 2011 levels,Malta,2020,4.9,,
ESTAT:TEPSR_WC170(1.0),11/09/25 23:00:00,Annual,Percentage,Total,From 15 to 74 years,All ISCED 2011 levels,Malta,2021,3.8,b,
ESTAT:TEPSR_WC170(1.0),11/09/25 23:00:00,Annual,Percentage,Total,From 15 to 74 years,All ISCED 2011 levels,Malta,2022,3.5,,
ESTAT:TEPSR_WC170(1.0),11/09/25 23:00:00,Annual,Percentage,Total,From 15 to 74 years,All ISCED 2011 levels,Malta,2023,3.5,,
ESTAT:TEPSR_WC170(1.0),11/09/25 23:00:00,Annual,Percentage,Total,From 15 to 74 years,All ISCED 2011 levels,Malta,2024,3.1,,
ESTAT:TEPSR_WC170(1.0),11/09/25 23:00:00,Annual,Percentage,Total,From 15 to 74 years,All ISCED 2011 levels,Netherlands,2005,5.9,b,
ESTAT:TEPSR_WC170(1.0),11/09/25 23:00:00,Annual,Percentage,Total,From 15 to 74 years,All ISCED 2011 levels,Netherlands,2006,5.0,b,
ESTAT:TEPSR_WC170(1.0),11/09/25 23:00:00,Annual,Percentage,Total,From 15 to 74 years,All ISCED 2011 levels,Netherlands,2007,4.2,,
ESTAT:TEPSR_WC170(1.0),11/09/25 23:00:00,Annual,Percentage,Total,From 15 to 74 years,All ISCED 2011 levels,Netherlands,2008,3.7,,
ESTAT:TEPSR_WC170(1.0),11/09/25 23:00:00,Annual,Percentage,Total,From 15 to 74 years,All ISCED 2011 levels,Netherlands,2009,4.4,,
ESTAT:TEPSR_WC170(1.0),11/09/25 23:00:00,Annual,Percentage,Total,From 15 to 74 years,All ISCED 2011 levels,Netherlands,2010,5.0,,
ESTAT:TEPSR_WC170(1.0),11/09/25 23:00:00,Annual,Percentage,Total,From 15 to 74 years,All ISCED 2011 levels,Netherlands,2011,5.0,,
ESTAT:TEPSR_WC170(1.0),11/09/25 23:00:00,Annual,Percentage,Total,From 15 to 74 years,All ISCED 2011 levels,Netherlands,2012,5.8,,
ESTAT:TEPSR_WC170(1.0),11/09/25 23:00:00,Annual,Percentage,Total,From 15 to 74 years,All ISCED 2011 levels,Netherlands,2013,7.3,b,
ESTAT:TEPSR_WC170(1.0),11/09/25 23:00:00,Annual,Percentage,Total,From 15 to 74 years,All ISCED 2011 levels,Netherlands,2014,7.4,b,
ESTAT:TEPSR_WC170(1.0),11/09/25 23:00:00,Annual,Percentage,Total,From 15 to 74 years,All ISCED 2011 levels,Netherlands,2015,6.9,,
ESTAT:TEPSR_WC170(1.0),11/09/25 23:00:00,Annual,Percentage,Total,From 15 to 74 years,All ISCED 2011 levels,Netherlands,2016,6.0,,
ESTAT:TEPSR_WC170(1.0),11/09/25 23:00:00,Annual,Percentage,Total,From 15 to 74 years,All ISCED 2011 levels,Netherlands,2017,4.9,,
ESTAT:TEPSR_WC170(1.0),11/09/25 23:00:00,Annual,Percentage,Total,From 15 to 74 years,All ISCED 2011 levels,Netherlands,2018,3.8,,
ESTAT:TEPSR_WC170(1.0),11/09/25 23:00:00,Annual,Percentage,Total,From 15 to 74 years,All ISCED 2011 levels,Netherlands,2019,3.4,b,
ESTAT:TEPSR_WC170(1.0),11/09/25 23:00:00,Annual,Percentage,Total,From 15 to 74 years,All ISCED 2011 levels,Netherlands,2020,3.8,,
ESTAT:TEPSR_WC170(1.0),11/09/25 23:00:00,Annual,Percentage,Total,From 15 to 74 years,All ISCED 2011 levels,Netherlands,2021,4.2,b,
ESTAT:TEPSR_WC170(1.0),11/09/25 23:00:00,Annual,Percentage,Total,From 15 to 74 years,All ISCED 2011 levels,Netherlands,2022,3.5,,
ESTAT:TEPSR_WC170(1.0),11/09/25 23:00:00,Annual,Percentage,Total,From 15 to 74 years,All ISCED 2011 levels,Netherlands,2023,3.6,,
ESTAT:TEPSR_WC170(1.0),11/09/25 23:00:00,Annual,Percentage,Total,From 15 to 74 years,All ISCED 2011 levels,Netherlands,2024,3.7,,
ESTAT:TEPSR_WC170(1.0),11/09/25 23:00:00,Annual,Percentage,Total,From 15 to 74 years,All ISCED 2011 levels,Norway,2005,4.4,b,
ESTAT:TEPSR_WC170(1.0),11/09/25 23:00:00,Annual,Percentage,Total,From 15 to 74 years,All ISCED 2011 levels,Norway,2006,3.4,b,
ESTAT:TEPSR_WC170(1.0),11/09/25 23:00:00,Annual,Percentage,Total,From 15 to 74 years,All ISCED 2011 levels,Norway,2007,2.5,,
ESTAT:TEPSR_WC170(1.0),11/09/25 23:00:00,Annual,Percentage,Total,From 15 to 74 years,All ISCED 2011 levels,Norway,2008,2.5,,
ESTAT:TEPSR_WC170(1.0),11/09/25 23:00:00,Annual,Percentage,Total,From 15 to 74 years,All ISCED 2011 levels,Norway,2009,3.1,,
ESTAT:TEPSR_WC170(1.0),11/09/25 23:00:00,Annual,Percentage,Total,From 15 to 74 years,All ISCED 2011 levels,Norway,2010,3.5,,
ESTAT:TEPSR_WC170(1.0),11/09/25 23:00:00,Annual,Percentage,Total,From 15 to 74 years,All ISCED 2011 levels,Norway,2011,3.2,,
ESTAT:TEPSR_WC170(1.0),11/09/25 23:00:00,Annual,Percentage,Total,From 15 to 74 years,All ISCED 2011 levels,Norway,2012,3.1,,
ESTAT:TEPSR_WC170(1.0),11/09/25 23:00:00,Annual,Percentage,Total,From 15 to 74 years,All ISCED 2011 levels,Norway,2013,3.4,,
ESTAT:TEPSR_WC170(1.0),11/09/25 23:00:00,Annual,Percentage,Total,From 15 to 74 years,All ISCED 2011 levels,Norway,2014,3.5,b,
ESTAT:TEPSR_WC170(1.0),11/09/25 23:00:00,Annual,Percentage,Total,From 15 to 74 years,All ISCED 2011 levels,Norway,2015,4.3,,
ESTAT:TEPSR_WC170(1.0),11/09/25 23:00:00,Annual,Percentage,Total,From 15 to 74 years,All ISCED 2011 levels,Norway,2016,4.7,,
ESTAT:TEPSR_WC170(1.0),11/09/25 23:00:00,Annual,Percentage,Total,From 15 to 74 years,All ISCED 2011 levels,Norway,2017,4.2,,
ESTAT:TEPSR_WC170(1.0),11/09/25 23:00:00,Annual,Percentage,Total,From 15 to 74 years,All ISCED 2011 levels,Norway,2018,3.8,,
ESTAT:TEPSR_WC170(1.0),11/09/25 23:00:00,Annual,Percentage,Total,From 15 to 74 years,All ISCED 2011 levels,Norway,2019,3.7,,
ESTAT:TEPSR_WC170(1.0),11/09/25 23:00:00,Annual,Percentage,Total,From 15 to 74 years,All ISCED 2011 levels,Norway,2020,4.4,,
ESTAT:TEPSR_WC170(1.0),11/09/25 23:00:00,Annual,Percentage,Total,From 15 to 74 years,All ISCED 2011 levels,Norway,2021,4.4,b,
ESTAT:TEPSR_WC170(1.0),11/09/25 23:00:00,Annual,Percentage,Total,From 15 to 74 years,All ISCED 2011 levels,Norway,2022,3.2,,
ESTAT:TEPSR_WC170(1.0),11/09/25 23:00:00,Annual,Percentage,Total,From 15 to 74 years,All ISCED 2011 levels,Norway,2023,3.6,,
ESTAT:TEPSR_WC170(1.0),11/09/25 23:00:00,Annual,Percentage,Total,From 15 to 74 years,All ISCED 2011 levels,Norway,2024,4.0,,
ESTAT:TEPSR_WC170(1.0),11/09/25 23:00:00,Annual,Percentage,Total,From 15 to 74 years,All ISCED 2011 levels,Poland,2005,17.8,b,
ESTAT:TEPSR_WC170(1.0),11/09/25 23:00:00,Annual,Percentage,Total,From 15 to 74 years,All ISCED 2011 levels,Poland,2006,13.9,,
ESTAT:TEPSR_WC170(1.0),11/09/25 23:00:00,Annual,Percentage,Total,From 15 to 74 years,All ISCED 2011 levels,Poland,2007,9.6,,
ESTAT:TEPSR_WC170(1.0),11/09/25 23:00:00,Annual,Percentage,Total,From 15 to 74 years,All ISCED 2011 levels,Poland,2008,7.1,,
ESTAT:TEPSR_WC170(1.0),11/09/25 23:00:00,Annual,Percentage,Total,From 15 to 74 years,All ISCED 2011 levels,Poland,2009,8.2,,
ESTAT:TEPSR_WC170(1.0),11/09/25 23:00:00,Annual,Percentage,Total,From 15 to 74 years,All ISCED 2011 levels,Poland,2010,9.7,b,
ESTAT:TEPSR_WC170(1.0),11/09/25 23:00:00,Annual,Percentage,Total,From 15 to 74 years,All ISCED 2011 levels,Poland,2011,9.7,,
ESTAT:TEPSR_WC170(1.0),11/09/25 23:00:00,Annual,Percentage,Total,From 15 to 74 years,All ISCED 2011 levels,Poland,2012,10.1,,
ESTAT:TEPSR_WC170(1.0),11/09/25 23:00:00,Annual,Percentage,Total,From 15 to 74 years,All ISCED 2011 levels,Poland,2013,10.3,,
ESTAT:TEPSR_WC170(1.0),11/09/25 23:00:00,Annual,Percentage,Total,From 15 to 74 years,All ISCED 2011 levels,Poland,2014,9.0,b,
ESTAT:TEPSR_WC170(1.0),11/09/25 23:00:00,Annual,Percentage,Total,From 15 to 74 years,All ISCED 2011 levels,Poland,2015,7.5,,
ESTAT:TEPSR_WC170(1.0),11/09/25 23:00:00,Annual,Percentage,Total,From 15 to 74 years,All ISCED 2011 levels,Poland,2016,6.2,,
ESTAT:TEPSR_WC170(1.0),11/09/25 23:00:00,Annual,Percentage,Total,From 15 to 74 years,All ISCED 2011 levels,Poland,2017,4.9,,
ESTAT:TEPSR_WC170(1.0),11/09/25 23:00:00,Annual,Percentage,Total,From 15 to 74 years,All ISCED 2011 levels,Poland,2018,3.9,,
ESTAT:TEPSR_WC170(1.0),11/09/25 23:00:00,Annual,Percentage,Total,From 15 to 74 years,All ISCED 2011 levels,Poland,2019,3.2,b,
ESTAT:TEPSR_WC170(1.0),11/09/25 23:00:00,Annual,Percentage,Total,From 15 to 74 years,All ISCED 2011 levels,Poland,2020,3.2,,
ESTAT:TEPSR_WC170(1.0),11/09/25 23:00:00,Annual,Percentage,Total,From 15 to 74 years,All ISCED 2011 levels,Poland,2021,3.4,b,
ESTAT:TEPSR_WC170(1.0),11/09/25 23:00:00,Annual,Percentage,Total,From 15 to 74 years,All ISCED 2011 levels,Poland,2022,2.9,,
ESTAT:TEPSR_WC170(1.0),11/09/25 23:00:00,Annual,Percentage,Total,From 15 to 74 years,All ISCED 2011 levels,Poland,2023,2.8,,
ESTAT:TEPSR_WC170(1.0),11/09/25 23:00:00,Annual,Percentage,Total,From 15 to 74 years,All ISCED 2011 levels,Poland,2024,2.9,,
ESTAT:TEPSR_WC170(1.0),11/09/25 23:00:00,Annual,Percentage,Total,From 15 to 74 years,All ISCED 2011 levels,Portugal,2005,7.7,b,
ESTAT:TEPSR_WC170(1.0),11/09/25 23:00:00,Annual,Percentage,Total,From 15 to 74 years,All ISCED 2011 levels,Portugal,2006,7.8,,
ESTAT:TEPSR_WC170(1.0),11/09/25 23:00:00,Annual,Percentage,Total,From 15 to 74 years,All ISCED 2011 levels,Portugal,2007,8.1,,
ESTAT:TEPSR_WC170(1.0),11/09/25 23:00:00,Annual,Percentage,Total,From 15 to 74 years,All ISCED 2011 levels,Portugal,2008,7.7,,
ESTAT:TEPSR_WC170(1.0),11/09/25 23:00:00,Annual,Percentage,Total,From 15 to 74 years,All ISCED 2011 levels,Portugal,2009,9.6,,
ESTAT:TEPSR_WC170(1.0),11/09/25 23:00:00,Annual,Percentage,Total,From 15 to 74 years,All ISCED 2011 levels,Portugal,2010,11.0,,
ESTAT:TEPSR_WC170(1.0),11/09/25 23:00:00,Annual,Percentage,Total,From 15 to 74 years,All ISCED 2011 levels,Portugal,2011,12.9,b,
ESTAT:TEPSR_WC170(1.0),11/09/25 23:00:00,Annual,Percentage,Total,From 15 to 74 years,All ISCED 2011 levels,Portugal,2012,15.8,,
ESTAT:TEPSR_WC170(1.0),11/09/25 23:00:00,Annual,Percentage,Total,From 15 to 74 years,All ISCED 2011 levels,Portugal,2013,16.5,,
ESTAT:TEPSR_WC170(1.0),11/09/25 23:00:00,Annual,Percentage,Total,From 15 to 74 years,All ISCED 2011 levels,Portugal,2014,14.1,b,
ESTAT:TEPSR_WC170(1.0),11/09/25 23:00:00,Annual,Percentage,Total,From 15 to 74 years,All ISCED 2011 levels,Portugal,2015,12.6,,
ESTAT:TEPSR_WC170(1.0),11/09/25 23:00:00,Annual,Percentage,Total,From 15 to 74 years,All ISCED 2011 levels,Portugal,2016,11.2,,
ESTAT:TEPSR_WC170(1.0),11/09/25 23:00:00,Annual,Percentage,Total,From 15 to 74 years,All ISCED 2011 levels,Portugal,2017,9.0,,
ESTAT:TEPSR_WC170(1.0),11/09/25 23:00:00,Annual,Percentage,Total,From 15 to 74 years,All ISCED 2011 levels,Portugal,2018,7.1,,
ESTAT:TEPSR_WC170(1.0),11/09/25 23:00:00,Annual,Percentage,Total,From 15 to 74 years,All ISCED 2011 levels,Portugal,2019,6.5,,
ESTAT:TEPSR_WC170(1.0),11/09/25 23:00:00,Annual,Percentage,Total,From 15 to 74 years,All ISCED 2011 levels,Portugal,2020,6.9,,
ESTAT:TEPSR_WC170(1.0),11/09/25 23:00:00,Annual,Percentage,Total,From 15 to 74 years,All ISCED 2011 levels,Portugal,2021,6.7,b,
ESTAT:TEPSR_WC170(1.0),11/09/25 23:00:00,Annual,Percentage,Total,From 15 to 74 years,All ISCED 2011 levels,Portugal,2022,6.2,,
ESTAT:TEPSR_WC170(1.0),11/09/25 23:00:00,Annual,Percentage,Total,From 15 to 74 years,All ISCED 2011 levels,Portugal,2023,6.5,,
ESTAT:TEPSR_WC170(1.0),11/09/25 23:00:00,Annual,Percentage,Total,From 15 to 74 years,All ISCED 2011 levels,Portugal,2024,6.5,,
ESTAT:TEPSR_WC170(1.0),11/09/25 23:00:00,Annual,Percentage,Total,From 15 to 74 years,All ISCED 2011 levels,Romania,2005,7.2,b,
ESTAT:TEPSR_WC170(1.0),11/09/25 23:00:00,Annual,Percentage,Total,From 15 to 74 years,All ISCED 2011 levels,Romania,2006,7.3,,
ESTAT:TEPSR_WC170(1.0),11/09/25 23:00:00,Annual,Percentage,Total,From 15 to 74 years,All ISCED 2011 levels,Romania,2007,6.4,,
ESTAT:TEPSR_WC170(1.0),11/09/25 23:00:00,Annual,Percentage,Total,From 15 to 74 years,All ISCED 2011 levels,Romania,2008,5.8,,
ESTAT:TEPSR_WC170(1.0),11/09/25 23:00:00,Annual,Percentage,Total,From 15 to 74 years,All ISCED 2011 levels,Romania,2009,6.9,,
ESTAT:TEPSR_WC170(1.0),11/09/25 23:00:00,Annual,Percentage,Total,From 15 to 74 years,All ISCED 2011 levels,Romania,2010,7.0,b,
ESTAT:TEPSR_WC170(1.0),11/09/25 23:00:00,Annual,Percentage,Total,From 15 to 74 years,All ISCED 2011 levels,Romania,2011,7.2,,
ESTAT:TEPSR_WC170(1.0),11/09/25 23:00:00,Annual,Percentage,Total,From 15 to 74 years,All ISCED 2011 levels,Romania,2012,6.8,,
ESTAT:TEPSR_WC170(1.0),11/09/25 23:00:00,Annual,Percentage,Total,From 15 to 74 years,All ISCED 2011 levels,Romania,2013,7.1,,
ESTAT:TEPSR_WC170(1.0),11/09/25 23:00:00,Annual,Percentage,Total,From 15 to 74 years,All ISCED 2011 levels,Romania,2014,6.8,b,
ESTAT:TEPSR_WC170(1.0),11/09/25 23:00:00,Annual,Percentage,Total,From 15 to 74 years,All ISCED 2011 levels,Romania,2015,6.8,,
ESTAT:TEPSR_WC170(1.0),11/09/25 23:00:00,Annual,Percentage,Total,From 15 to 74 years,All ISCED 2011 levels,Romania,2016,5.9,,
ESTAT:TEPSR_WC170(1.0),11/09/25 23:00:00,Annual,Percentage,Total,From 15 to 74 years,All ISCED 2011 levels,Romania,2017,4.9,,
ESTAT:TEPSR_WC170(1.0),11/09/25 23:00:00,Annual,Percentage,Total,From 15 to 74 years,All ISCED 2011 levels,Romania,2018,4.2,,
ESTAT:TEPSR_WC170(1.0),11/09/25 23:00:00,Annual,Percentage,Total,From 15 to 74 years,All ISCED 2011 levels,Romania,2019,3.9,,
ESTAT:TEPSR_WC170(1.0),11/09/25 23:00:00,Annual,Percentage,Total,From 15 to 74 years,All ISCED 2011 levels,Romania,2020,5.0,,
ESTAT:TEPSR_WC170(1.0),11/09/25 23:00:00,Annual,Percentage,Total,From 15 to 74 years,All ISCED 2011 levels,Romania,2021,5.6,b,
ESTAT:TEPSR_WC170(1.0),11/09/25 23:00:00,Annual,Percentage,Total,From 15 to 74 years,All ISCED 2011 levels,Romania,2022,5.6,,
ESTAT:TEPSR_WC170(1.0),11/09/25 23:00:00,Annual,Percentage,Total,From 15 to 74 years,All ISCED 2011 levels,Romania,2023,5.6,,
ESTAT:TEPSR_WC170(1.0),11/09/25 23:00:00,Annual,Percentage,Total,From 15 to 74 years,All ISCED 2011 levels,Romania,2024,5.4,,
ESTAT:TEPSR_WC170(1.0),11/09/25 23:00:00,Annual,Percentage,Total,From 15 to 74 years,All ISCED 2011 levels,Serbia,2010,19.3,,
ESTAT:TEPSR_WC170(1.0),11/09/25 23:00:00,Annual,Percentage,Total,From 15 to 74 years,All ISCED 2011 levels,Serbia,2011,23.1,,
ESTAT:TEPSR_WC170(1.0),11/09/25 23:00:00,Annual,Percentage,Total,From 15 to 74 years,All ISCED 2011 levels,Serbia,2012,24.1,,
ESTAT:TEPSR_WC170(1.0),11/09/25 23:00:00,Annual,Percentage,Total,From 15 to 74 years,All ISCED 2011 levels,Serbia,2013,22.3,,
ESTAT:TEPSR_WC170(1.0),11/09/25 23:00:00,Annual,Percentage,Total,From 15 to 74 years,All ISCED 2011 levels,Serbia,2014,19.4,b,
ESTAT:TEPSR_WC170(1.0),11/09/25 23:00:00,Annual,Percentage,Total,From 15 to 74 years,All ISCED 2011 levels,Serbia,2015,17.8,,
ESTAT:TEPSR_WC170(1.0),11/09/25 23:00:00,Annual,Percentage,Total,From 15 to 74 years,All ISCED 2011 levels,Serbia,2016,15.4,,
ESTAT:TEPSR_WC170(1.0),11/09/25 23:00:00,Annual,Percentage,Total,From 15 to 74 years,All ISCED 2011 levels,Serbia,2017,13.6,,
ESTAT:TEPSR_WC170(1.0),11/09/25 23:00:00,Annual,Percentage,Total,From 15 to 74 years,All ISCED 2011 levels,Serbia,2018,12.8,,
ESTAT:TEPSR_WC170(1.0),11/09/25 23:00:00,Annual,Percentage,Total,From 15 to 74 years,All ISCED 2011 levels,Serbia,2019,10.5,,
ESTAT:TEPSR_WC170(1.0),11/09/25 23:00:00,Annual,Percentage,Total,From 15 to 74 years,All ISCED 2011 levels,Serbia,2020,9.1,,
ESTAT:TEPSR_WC170(1.0),11/09/25 23:00:00,Annual,Percentage,Total,From 15 to 74 years,All ISCED 2011 levels,Serbia,2021,11.2,b,
ESTAT:TEPSR_WC170(1.0),11/09/25 23:00:00,Annual,Percentage,Total,From 15 to 74 years,All ISCED 2011 levels,Serbia,2022,9.6,,
ESTAT:TEPSR_WC170(1.0),11/09/25 23:00:00,Annual,Percentage,Total,From 15 to 74 years,All ISCED 2011 levels,Serbia,2023,9.5,,
ESTAT:TEPSR_WC170(1.0),11/09/25 23:00:00,Annual,Percentage,Total,From 15 to 74 years,All ISCED 2011 levels,Serbia,2024,8.6,,
ESTAT:TEPSR_WC170(1.0),11/09/25 23:00:00,Annual,Percentage,Total,From 15 to 74 years,All ISCED 2011 levels,Sweden,2005,7.5,b,
ESTAT:TEPSR_WC170(1.0),11/09/25 23:00:00,Annual,Percentage,Total,From 15 to 74 years,All ISCED 2011 levels,Sweden,2006,7.1,b,
ESTAT:TEPSR_WC170(1.0),11/09/25 23:00:00,Annual,Percentage,Total,From 15 to 74 years,All ISCED 2011 levels,Sweden,2007,6.2,,
ESTAT:TEPSR_WC170(1.0),11/09/25 23:00:00,Annual,Percentage,Total,From 15 to 74 years,All ISCED 2011 levels,Sweden,2008,6.2,,
ESTAT:TEPSR_WC170(1.0),11/09/25 23:00:00,Annual,Percentage,Total,From 15 to 74 years,All ISCED 2011 levels,Sweden,2009,8.4,,
ESTAT:TEPSR_WC170(1.0),11/09/25 23:00:00,Annual,Percentage,Total,From 15 to 74 years,All ISCED 2011 levels,Sweden,2010,8.6,,
ESTAT:TEPSR_WC170(1.0),11/09/25 23:00:00,Annual,Percentage,Total,From 15 to 74 years,All ISCED 2011 levels,Sweden,2011,7.8,,
ESTAT:TEPSR_WC170(1.0),11/09/25 23:00:00,Annual,Percentage,Total,From 15 to 74 years,All ISCED 2011 levels,Sweden,2012,8.0,,
ESTAT:TEPSR_WC170(1.0),11/09/25 23:00:00,Annual,Percentage,Total,From 15 to 74 years,All ISCED 2011 levels,Sweden,2013,8.1,,
ESTAT:TEPSR_WC170(1.0),11/09/25 23:00:00,Annual,Percentage,Total,From 15 to 74 years,All ISCED 2011 levels,Sweden,2014,8.0,b,
ESTAT:TEPSR_WC170(1.0),11/09/25 23:00:00,Annual,Percentage,Total,From 15 to 74 years,All ISCED 2011 levels,Sweden,2015,7.4,,
ESTAT:TEPSR_WC170(1.0),11/09/25 23:00:00,Annual,Percentage,Total,From 15 to 74 years,All ISCED 2011 levels,Sweden,2016,7.0,,
ESTAT:TEPSR_WC170(1.0),11/09/25 23:00:00,Annual,Percentage,Total,From 15 to 74 years,All ISCED 2011 levels,Sweden,2017,6.7,,
ESTAT:TEPSR_WC170(1.0),11/09/25 23:00:00,Annual,Percentage,Total,From 15 to 74 years,All ISCED 2011 levels,Sweden,2018,6.4,b,
ESTAT:TEPSR_WC170(1.0),11/09/25 23:00:00,Annual,Percentage,Total,From 15 to 74 years,All ISCED 2011 levels,Sweden,2019,6.8,,
ESTAT:TEPSR_WC170(1.0),11/09/25 23:00:00,Annual,Percentage,Total,From 15 to 74 years,All ISCED 2011 levels,Sweden,2020,8.3,,
ESTAT:TEPSR_WC170(1.0),11/09/25 23:00:00,Annual,Percentage,Total,From 15 to 74 years,All ISCED 2011 levels,Sweden,2021,8.9,b,
ESTAT:TEPSR_WC170(1.0),11/09/25 23:00:00,Annual,Percentage,Total,From 15 to 74 years,All ISCED 2011 levels,Sweden,2022,7.5,,
ESTAT:TEPSR_WC170(1.0),11/09/25 23:00:00,Annual,Percentage,Total,From 15 to 74 years,All ISCED 2011 levels,Sweden,2023,7.7,,
ESTAT:TEPSR_WC170(1.0),11/09/25 23:00:00,Annual,Percentage,Total,From 15 to 74 years,All ISCED 2011 levels,Sweden,2024,8.4,,
ESTAT:TEPSR_WC170(1.0),11/09/25 23:00:00,Annual,Percentage,Total,From 15 to 74 years,All ISCED 2011 levels,Slovenia,2005,6.5,b,
ESTAT:TEPSR_WC170(1.0),11/09/25 23:00:00,Annual,Percentage,Total,From 15 to 74 years,All ISCED 2011 levels,Slovenia,2006,6.0,,
ESTAT:TEPSR_WC170(1.0),11/09/25 23:00:00,Annual,Percentage,Total,From 15 to 74 years,All ISCED 2011 levels,Slovenia,2007,4.9,,
ESTAT:TEPSR_WC170(1.0),11/09/25 23:00:00,Annual,Percentage,Total,From 15 to 74 years,All ISCED 2011 levels,Slovenia,2008,4.4,,
ESTAT:TEPSR_WC170(1.0),11/09/25 23:00:00,Annual,Percentage,Total,From 15 to 74 years,All ISCED 2011 levels,Slovenia,2009,5.9,,
ESTAT:TEPSR_WC170(1.0),11/09/25 23:00:00,Annual,Percentage,Total,From 15 to 74 years,All ISCED 2011 levels,Slovenia,2010,7.3,,
ESTAT:TEPSR_WC170(1.0),11/09/25 23:00:00,Annual,Percentage,Total,From 15 to 74 years,All ISCED 2011 levels,Slovenia,2011,8.2,,
ESTAT:TEPSR_WC170(1.0),11/09/25 23:00:00,Annual,Percentage,Total,From 15 to 74 years,All ISCED 2011 levels,Slovenia,2012,8.9,,
ESTAT:TEPSR_WC170(1.0),11/09/25 23:00:00,Annual,Percentage,Total,From 15 to 74 years,All ISCED 2011 levels,Slovenia,2013,10.1,,
ESTAT:TEPSR_WC170(1.0),11/09/25 23:00:00,Annual,Percentage,Total,From 15 to 74 years,All ISCED 2011 levels,Slovenia,2014,9.7,b,
ESTAT:TEPSR_WC170(1.0),11/09/25 23:00:00,Annual,Percentage,Total,From 15 to 74 years,All ISCED 2011 levels,Slovenia,2015,9.0,,
ESTAT:TEPSR_WC170(1.0),11/09/25 23:00:00,Annual,Percentage,Total,From 15 to 74 years,All ISCED 2011 levels,Slovenia,2016,8.0,,
ESTAT:TEPSR_WC170(1.0),11/09/25 23:00:00,Annual,Percentage,Total,From 15 to 74 years,All ISCED 2011 levels,Slovenia,2017,6.6,,
ESTAT:TEPSR_WC170(1.0),11/09/25 23:00:00,Annual,Percentage,Total,From 15 to 74 years,All ISCED 2011 levels,Slovenia,2018,5.1,,
ESTAT:TEPSR_WC170(1.0),11/09/25 23:00:00,Annual,Percentage,Total,From 15 to 74 years,All ISCED 2011 levels,Slovenia,2019,4.5,,
ESTAT:TEPSR_WC170(1.0),11/09/25 23:00:00,Annual,Percentage,Total,From 15 to 74 years,All ISCED 2011 levels,Slovenia,2020,5.0,,
ESTAT:TEPSR_WC170(1.0),11/09/25 23:00:00,Annual,Percentage,Total,From 15 to 74 years,All ISCED 2011 levels,Slovenia,2021,4.8,b,
ESTAT:TEPSR_WC170(1.0),11/09/25 23:00:00,Annual,Percentage,Total,From 15 to 74 years,All ISCED 2011 levels,Slovenia,2022,4.0,,
ESTAT:TEPSR_WC170(1.0),11/09/25 23:00:00,Annual,Percentage,Total,From 15 to 74 years,All ISCED 2011 levels,Slovenia,2023,3.7,b,
ESTAT:TEPSR_WC170(1.0),11/09/25 23:00:00,Annual,Percentage,Total,From 15 to 74 years,All ISCED 2011 levels,Slovenia,2024,3.7,,
ESTAT:TEPSR_WC170(1.0),11/09/25 23:00:00,Annual,Percentage,Total,From 15 to 74 years,All ISCED 2011 levels,Slovakia,2005,16.3,b,
ESTAT:TEPSR_WC170(1.0),11/09/25 23:00:00,Annual,Percentage,Total,From 15 to 74 years,All ISCED 2011 levels,Slovakia,2006,13.4,,
ESTAT:TEPSR_WC170(1.0),11/09/25 23:00:00,Annual,Percentage,Total,From 15 to 74 years,All ISCED 2011 levels,Slovakia,2007,11.1,,
ESTAT:TEPSR_WC170(1.0),11/09/25 23:00:00,Annual,Percentage,Total,From 15 to 74 years,All ISCED 2011 levels,Slovakia,2008,9.5,,
ESTAT:TEPSR_WC170(1.0),11/09/25 23:00:00,Annual,Percentage,Total,From 15 to 74 years,All ISCED 2011 levels,Slovakia,2009,12.0,,
ESTAT:TEPSR_WC170(1.0),11/09/25 23:00:00,Annual,Percentage,Total,From 15 to 74 years,All ISCED 2011 levels,Slovakia,2010,14.4,,
ESTAT:TEPSR_WC170(1.0),11/09/25 23:00:00,Annual,Percentage,Total,From 15 to 74 years,All ISCED 2011 levels,Slovakia,2011,13.6,b,
ESTAT:TEPSR_WC170(1.0),11/09/25 23:00:00,Annual,Percentage,Total,From 15 to 74 years,All ISCED 2011 levels,Slovakia,2012,14.0,,
ESTAT:TEPSR_WC170(1.0),11/09/25 23:00:00,Annual,Percentage,Total,From 15 to 74 years,All ISCED 2011 levels,Slovakia,2013,14.2,,
ESTAT:TEPSR_WC170(1.0),11/09/25 23:00:00,Annual,Percentage,Total,From 15 to 74 years,All ISCED 2011 levels,Slovakia,2014,13.2,b,
ESTAT:TEPSR_WC170(1.0),11/09/25 23:00:00,Annual,Percentage,Total,From 15 to 74 years,All ISCED 2011 levels,Slovakia,2015,11.5,,
ESTAT:TEPSR_WC170(1.0),11/09/25 23:00:00,Annual,Percentage,Total,From 15 to 74 years,All ISCED 2011 levels,Slovakia,2016,9.7,,
ESTAT:TEPSR_WC170(1.0),11/09/25 23:00:00,Annual,Percentage,Total,From 15 to 74 years,All ISCED 2011 levels,Slovakia,2017,8.1,,
ESTAT:TEPSR_WC170(1.0),11/09/25 23:00:00,Annual,Percentage,Total,From 15 to 74 years,All ISCED 2011 levels,Slovakia,2018,6.5,,
ESTAT:TEPSR_WC170(1.0),11/09/25 23:00:00,Annual,Percentage,Total,From 15 to 74 years,All ISCED 2011 levels,Slovakia,2019,5.8,,
ESTAT:TEPSR_WC170(1.0),11/09/25 23:00:00,Annual,Percentage,Total,From 15 to 74 years,All ISCED 2011 levels,Slovakia,2020,6.7,,
ESTAT:TEPSR_WC170(1.0),11/09/25 23:00:00,Annual,Percentage,Total,From 15 to 74 years,All ISCED 2011 levels,Slovakia,2021,6.8,b,
ESTAT:TEPSR_WC170(1.0),11/09/25 23:00:00,Annual,Percentage,Total,From 15 to 74 years,All ISCED 2011 levels,Slovakia,2022,6.1,,
ESTAT:TEPSR_WC170(1.0),11/09/25 23:00:00,Annual,Percentage,Total,From 15 to 74 years,All ISCED 2011 levels,Slovakia,2023,5.8,,
ESTAT:TEPSR_WC170(1.0),11/09/25 23:00:00,Annual,Percentage,Total,From 15 to 74 years,All ISCED 2011 levels,Slovakia,2024,5.3,,
ESTAT:TEPSR_WC170(1.0),11/09/25 23:00:00,Annual,Percentage,Total,From 15 to 74 years,All ISCED 2011 levels,Türkiye,2006,8.8,,
ESTAT:TEPSR_WC170(1.0),11/09/25 23:00:00,Annual,Percentage,Total,From 15 to 74 years,All ISCED 2011 levels,Türkiye,2007,8.9,,
ESTAT:TEPSR_WC170(1.0),11/09/25 23:00:00,Annual,Percentage,Total,From 15 to 74 years,All ISCED 2011 levels,Türkiye,2008,9.8,,
ESTAT:TEPSR_WC170(1.0),11/09/25 23:00:00,Annual,Percentage,Total,From 15 to 74 years,All ISCED 2011 levels,Türkiye,2009,12.6,,
ESTAT:TEPSR_WC170(1.0),11/09/25 23:00:00,Annual,Percentage,Total,From 15 to 74 years,All ISCED 2011 levels,Türkiye,2010,10.7,,
ESTAT:TEPSR_WC170(1.0),11/09/25 23:00:00,Annual,Percentage,Total,From 15 to 74 years,All ISCED 2011 levels,Türkiye,2011,8.8,,
ESTAT:TEPSR_WC170(1.0),11/09/25 23:00:00,Annual,Percentage,Total,From 15 to 74 years,All ISCED 2011 levels,Türkiye,2012,8.2,,
ESTAT:TEPSR_WC170(1.0),11/09/25 23:00:00,Annual,Percentage,Total,From 15 to 74 years,All ISCED 2011 levels,Türkiye,2013,8.8,,
ESTAT:TEPSR_WC170(1.0),11/09/25 23:00:00,Annual,Percentage,Total,From 15 to 74 years,All ISCED 2011 levels,Türkiye,2014,9.9,b,
ESTAT:TEPSR_WC170(1.0),11/09/25 23:00:00,Annual,Percentage,Total,From 15 to 74 years,All ISCED 2011 levels,Türkiye,2015,10.3,,
ESTAT:TEPSR_WC170(1.0),11/09/25 23:00:00,Annual,Percentage,Total,From 15 to 74 years,All ISCED 2011 levels,Türkiye,2016,10.9,,
ESTAT:TEPSR_WC170(1.0),11/09/25 23:00:00,Annual,Percentage,Total,From 15 to 74 years,All ISCED 2011 levels,Türkiye,2017,10.9,,
ESTAT:TEPSR_WC170(1.0),11/09/25 23:00:00,Annual,Percentage,Total,From 15 to 74 years,All ISCED 2011 levels,Türkiye,2018,10.9,,
ESTAT:TEPSR_WC170(1.0),11/09/25 23:00:00,Annual,Percentage,Total,From 15 to 74 years,All ISCED 2011 levels,Türkiye,2019,13.7,,
ESTAT:TEPSR_WC170(1.0),11/09/25 23:00:00,Annual,Percentage,Total,From 15 to 74 years,All ISCED 2011 levels,Türkiye,2020,13.2,,
ESTAT:TEPSR_WC170(1.0),11/09/25 23:00:00,Annual,Percentage,Total,From 15 to 74 years,All ISCED 2011 levels,Türkiye,2021,12.0,b,
ESTAT:TEPSR_WC170(1.0),11/09/25 23:00:00,Annual,Percentage,Total,From 15 to 74 years,All ISCED 2011 levels,Türkiye,2022,10.5,,
ESTAT:TEPSR_WC170(1.0),11/09/25 23:00:00,Annual,Percentage,Total,From 15 to 74 years,All ISCED 2011 levels,Türkiye,2023,9.4,,
ESTAT:TEPSR_WC170(1.0),11/09/25 23:00:00,Annual,Percentage,Total,From 15 to 74 years,All ISCED 2011 levels,Türkiye,2024,8.8,,
ESTAT:TEPSR_WC170(1.0),11/09/25 23:00:00,Annual,Percentage,Total,From 15 to 74 years,All ISCED 2011 levels,United Kingdom,2005,4.8,b,
ESTAT:TEPSR_WC170(1.0),11/09/25 23:00:00,Annual,Percentage,Total,From 15 to 74 years,All ISCED 2011 levels,United Kingdom,2006,5.4,,
ESTAT:TEPSR_WC170(1.0),11/09/25 23:00:00,Annual,Percentage,Total,From 15 to 74 years,All ISCED 2011 levels,United Kingdom,2007,5.3,b,
ESTAT:TEPSR_WC170(1.0),11/09/25 23:00:00,Annual,Percentage,Total,From 15 to 74 years,All ISCED 2011 levels,United Kingdom,2008,5.6,b,
ESTAT:TEPSR_WC170(1.0),11/09/25 23:00:00,Annual,Percentage,Total,From 15 to 74 years,All ISCED 2011 levels,United Kingdom,2009,7.6,,
ESTAT:TEPSR_WC170(1.0),11/09/25 23:00:00,Annual,Percentage,Total,From 15 to 74 years,All ISCED 2011 levels,United Kingdom,2010,7.8,b,
ESTAT:TEPSR_WC170(1.0),11/09/25 23:00:00,Annual,Percentage,Total,From 15 to 74 years,All ISCED 2011 levels,United Kingdom,2011,8.1,b,
ESTAT:TEPSR_WC170(1.0),11/09/25 23:00:00,Annual,Percentage,Total,From 15 to 74 years,All ISCED 2011 levels,United Kingdom,2012,7.9,,
ESTAT:TEPSR_WC170(1.0),11/09/25 23:00:00,Annual,Percentage,Total,From 15 to 74 years,All ISCED 2011 levels,United Kingdom,2013,7.5,,
ESTAT:TEPSR_WC170(1.0),11/09/25 23:00:00,Annual,Percentage,Total,From 15 to 74 years,All ISCED 2011 levels,United Kingdom,2014,6.1,b,
ESTAT:TEPSR_WC170(1.0),11/09/25 23:00:00,Annual,Percentage,Total,From 15 to 74 years,All ISCED 2011 levels,United Kingdom,2015,5.3,,
ESTAT:TEPSR_WC170(1.0),11/09/25 23:00:00,Annual,Percentage,Total,From 15 to 74 years,All ISCED 2011 levels,United Kingdom,2016,4.8,,
ESTAT:TEPSR_WC170(1.0),11/09/25 23:00:00,Annual,Percentage,Total,From 15 to 74 years,All ISCED 2011 levels,United Kingdom,2017,4.3,,
ESTAT:TEPSR_WC170(1.0),11/09/25 23:00:00,Annual,Percentage,Total,From 15 to 74 years,All ISCED 2011 levels,United Kingdom,2018,4.0,,
ESTAT:TEPSR_WC170(1.0),11/09/25 23:00:00,Annual,Percentage,Total,From 15 to 74 years,All ISCED 2011 levels,United Kingdom,2019,3.8,,
ESTAT:TEPSR_WC170(1.0),11/09/25 23:00:00,Annual,Percentage,Total,From 20 to 64 years,All ISCED 2011 levels,Austria,2005,5.2,b,
ESTAT:TEPSR_WC170(1.0),11/09/25 23:00:00,Annual,Percentage,Total,From 20 to 64 years,All ISCED 2011 levels,Austria,2006,4.9,b,
ESTAT:TEPSR_WC170(1.0),11/09/25 23:00:00,Annual,Percentage,Total,From 20 to 64 years,All ISCED 2011 levels,Austria,2007,4.5,b,
ESTAT:TEPSR_WC170(1.0),11/09/25 23:00:00,Annual,Percentage,Total,From 20 to 64 years,All ISCED 2011 levels,Austria,2008,3.8,,
ESTAT:TEPSR_WC170(1.0),11/09/25 23:00:00,Annual,Percentage,Total,From 20 to 64 years,All ISCED 2011 levels,Austria,2009,5.0,,
ESTAT:TEPSR_WC170(1.0),11/09/25 23:00:00,Annual,Percentage,Total,From 20 to 64 years,All ISCED 2011 levels,Austria,2010,4.6,,
ESTAT:TEPSR_WC170(1.0),11/09/25 23:00:00,Annual,Percentage,Total,From 20 to 64 years,All ISCED 2011 levels,Austria,2011,4.3,,
ESTAT:TEPSR_WC170(1.0),11/09/25 23:00:00,Annual,Percentage,Total,From 20 to 64 years,All ISCED 2011 levels,Austria,2012,4.7,,
ESTAT:TEPSR_WC170(1.0),11/09/25 23:00:00,Annual,Percentage,Total,From 20 to 64 years,All ISCED 2011 levels,Austria,2013,5.1,,
ESTAT:TEPSR_WC170(1.0),11/09/25 23:00:00,Annual,Percentage,Total,From 20 to 64 years,All ISCED 2011 levels,Austria,2014,5.5,b,
ESTAT:TEPSR_WC170(1.0),11/09/25 23:00:00,Annual,Percentage,Total,From 20 to 64 years,All ISCED 2011 levels,Austria,2015,5.6,,
ESTAT:TEPSR_WC170(1.0),11/09/25 23:00:00,Annual,Percentage,Total,From 20 to 64 years,All ISCED 2011 levels,Austria,2016,5.8,,
ESTAT:TEPSR_WC170(1.0),11/09/25 23:00:00,Annual,Percentage,Total,From 20 to 64 years,All ISCED 2011 levels,Austria,2017,5.3,,
ESTAT:TEPSR_WC170(1.0),11/09/25 23:00:00,Annual,Percentage,Total,From 20 to 64 years,All ISCED 2011 levels,Austria,2018,4.7,,
ESTAT:TEPSR_WC170(1.0),11/09/25 23:00:00,Annual,Percentage,Total,From 20 to 64 years,All ISCED 2011 levels,Austria,2019,4.3,,
ESTAT:TEPSR_WC170(1.0),11/09/25 23:00:00,Annual,Percentage,Total,From 20 to 64 years,All ISCED 2011 levels,Austria,2020,5.3,,
ESTAT:TEPSR_WC170(1.0),11/09/25 23:00:00,Annual,Percentage,Total,From 20 to 64 years,All ISCED 2011 levels,Austria,2021,6.0,b,
ESTAT:TEPSR_WC170(1.0),11/09/25 23:00:00,Annual,Percentage,Total,From 20 to 64 years,All ISCED 2011 levels,Austria,2022,4.5,,
ESTAT:TEPSR_WC170(1.0),11/09/25 23:00:00,Annual,Percentage,Total,From 20 to 64 years,All ISCED 2011 levels,Austria,2023,4.8,,
ESTAT:TEPSR_WC170(1.0),11/09/25 23:00:00,Annual,Percentage,Total,From 20 to 64 years,All ISCED 2011 levels,Austria,2024,4.9,,
ESTAT:TEPSR_WC170(1.0),11/09/25 23:00:00,Annual,Percentage,Total,From 20 to 64 years,All ISCED 2011 levels,Bosnia and Herzegovina,2021,17.1,b,
ESTAT:TEPSR_WC170(1.0),11/09/25 23:00:00,Annual,Percentage,Total,From 20 to 64 years,All ISCED 2011 levels,Bosnia and Herzegovina,2022,15.2,,
ESTAT:TEPSR_WC170(1.0),11/09/25 23:00:00,Annual,Percentage,Total,From 20 to 64 years,All ISCED 2011 levels,Bosnia and Herzegovina,2023,13.0,,
ESTAT:TEPSR_WC170(1.0),11/09/25 23:00:00,Annual,Percentage,Total,From 20 to 64 years,All ISCED 2011 levels,Bosnia and Herzegovina,2024,12.6,,
ESTAT:TEPSR_WC170(1.0),11/09/25 23:00:00,Annual,Percentage,Total,From 20 to 64 years,All ISCED 2011 levels,Belgium,2005,8.2,b,
ESTAT:TEPSR_WC170(1.0),11/09/25 23:00:00,Annual,Percentage,Total,From 20 to 64 years,All ISCED 2011 levels,Belgium,2006,8.0,,
ESTAT:TEPSR_WC170(1.0),11/09/25 23:00:00,Annual,Percentage,Total,From 20 to 64 years,All ISCED 2011 levels,Belgium,2007,7.2,,
ESTAT:TEPSR_WC170(1.0),11/09/25 23:00:00,Annual,Percentage,Total,From 20 to 64 years,All ISCED 2011 levels,Belgium,2008,6.8,b,
ESTAT:TEPSR_WC170(1.0),11/09/25 23:00:00,Annual,Percentage,Total,From 20 to 64 years,All ISCED 2011 levels,Belgium,2009,7.7,,
ESTAT:TEPSR_WC170(1.0),11/09/25 23:00:00,Annual,Percentage,Total,From 20 to 64 years,All ISCED 2011 levels,Belgium,2010,8.0,,
ESTAT:TEPSR_WC170(1.0),11/09/25 23:00:00,Annual,Percentage,Total,From 20 to 64 years,All ISCED 2011 levels,Belgium,2011,6.9,b,
ESTAT:TEPSR_WC170(1.0),11/09/25 23:00:00,Annual,Percentage,Total,From 20 to 64 years,All ISCED 2011 levels,Belgium,2012,7.4,,
ESTAT:TEPSR_WC170(1.0),11/09/25 23:00:00,Annual,Percentage,Total,From 20 to 64 years,All ISCED 2011 levels,Belgium,2013,8.3,,
ESTAT:TEPSR_WC170(1.0),11/09/25 23:00:00,Annual,Percentage,Total,From 20 to 64 years,All ISCED 2011 levels,Belgium,2014,8.4,b,
ESTAT:TEPSR_WC170(1.0),11/09/25 23:00:00,Annual,Percentage,Total,From 20 to 64 years,All ISCED 2011 levels,Belgium,2015,8.4,,
ESTAT:TEPSR_WC170(1.0),11/09/25 23:00:00,Annual,Percentage,Total,From 20 to 64 years,All ISCED 2011 levels,Belgium,2016,7.7,,
ESTAT:TEPSR_WC170(1.0),11/09/25 23:00:00,Annual,Percentage,Total,From 20 to 64 years,All ISCED 2011 levels,Belgium,2017,7.0,b,
ESTAT:TEPSR_WC170(1.0),11/09/25 23:00:00,Annual,Percentage,Total,From 20 to 64 years,All ISCED 2011 levels,Belgium,2018,5.8,,
ESTAT:TEPSR_WC170(1.0),11/09/25 23:00:00,Annual,Percentage,Total,From 20 to 64 years,All ISCED 2011 levels,Belgium,2019,5.2,,
ESTAT:TEPSR_WC170(1.0),11/09/25 23:00:00,Annual,Percentage,Total,From 20 to 64 years,All ISCED 2011 levels,Belgium,2020,5.4,,
ESTAT:TEPSR_WC170(1.0),11/09/25 23:00:00,Annual,Percentage,Total,From 20 to 64 years,All ISCED 2011 levels,Belgium,2021,6.0,b,
ESTAT:TEPSR_WC170(1.0),11/09/25 23:00:00,Annual,Percentage,Total,From 20 to 64 years,All ISCED 2011 levels,Belgium,2022,5.3,,
ESTAT:TEPSR_WC170(1.0),11/09/25 23:00:00,Annual,Percentage,Total,From 20 to 64 years,All ISCED 2011 levels,Belgium,2023,5.3,,
ESTAT:TEPSR_WC170(1.0),11/09/25 23:00:00,Annual,Percentage,Total,From 20 to 64 years,All ISCED 2011 levels,Belgium,2024,5.4,,
ESTAT:TEPSR_WC170(1.0),11/09/25 23:00:00,Annual,Percentage,Total,From 20 to 64 years,All ISCED 2011 levels,Bulgaria,2005,9.8,b,
ESTAT:TEPSR_WC170(1.0),11/09/25 23:00:00,Annual,Percentage,Total,From 20 to 64 years,All ISCED 2011 levels,Bulgaria,2006,8.6,b,
ESTAT:TEPSR_WC170(1.0),11/09/25 23:00:00,Annual,Percentage,Total,From 20 to 64 years,All ISCED 2011 levels,Bulgaria,2007,6.6,,
ESTAT:TEPSR_WC170(1.0),11/09/25 23:00:00,Annual,Percentage,Total,From 20 to 64 years,All ISCED 2011 levels,Bulgaria,2008,5.4,b,
ESTAT:TEPSR_WC170(1.0),11/09/25 23:00:00,Annual,Percentage,Total,From 20 to 64 years,All ISCED 2011 levels,Bulgaria,2009,6.6,,
ESTAT:TEPSR_WC170(1.0),11/09/25 23:00:00,Annual,Percentage,Total,From 20 to 64 years,All ISCED 2011 levels,Bulgaria,2010,10.0,b,
ESTAT:TEPSR_WC170(1.0),11/09/25 23:00:00,Annual,Percentage,Total,From 20 to 64 years,All ISCED 2011 levels,Bulgaria,2011,11.0,b,
ESTAT:TEPSR_WC170(1.0),11/09/25 23:00:00,Annual,Percentage,Total,From 20 to 64 years,All ISCED 2011 levels,Bulgaria,2012,12.0,,
ESTAT:TEPSR_WC170(1.0),11/09/25 23:00:00,Annual,Percentage,Total,From 20 to 64 years,All ISCED 2011 levels,Bulgaria,2013,12.7,,
ESTAT:TEPSR_WC170(1.0),11/09/25 23:00:00,Annual,Percentage,Total,From 20 to 64 years,All ISCED 2011 levels,Bulgaria,2014,11.3,b,
ESTAT:TEPSR_WC170(1.0),11/09/25 23:00:00,Annual,Percentage,Total,From 20 to 64 years,All ISCED 2011 levels,Bulgaria,2015,9.1,,
ESTAT:TEPSR_WC170(1.0),11/09/25 23:00:00,Annual,Percentage,Total,From 20 to 64 years,All ISCED 2011 levels,Bulgaria,2016,7.6,,
ESTAT:TEPSR_WC170(1.0),11/09/25 23:00:00,Annual,Percentage,Total,From 20 to 64 years,All ISCED 2011 levels,Bulgaria,2017,6.1,,
ESTAT:TEPSR_WC170(1.0),11/09/25 23:00:00,Annual,Percentage,Total,From 20 to 64 years,All ISCED 2011 levels,Bulgaria,2018,5.1,,
ESTAT:TEPSR_WC170(1.0),11/09/25 23:00:00,Annual,Percentage,Total,From 20 to 64 years,All ISCED 2011 levels,Bulgaria,2019,4.1,b,
ESTAT:TEPSR_WC170(1.0),11/09/25 23:00:00,Annual,Percentage,Total,From 20 to 64 years,All ISCED 2011 levels,Bulgaria,2020,5.0,,
ESTAT:TEPSR_WC170(1.0),11/09/25 23:00:00,Annual,Percentage,Total,From 20 to 64 years,All ISCED 2011 levels,Bulgaria,2021,5.1,b,
ESTAT:TEPSR_WC170(1.0),11/09/25 23:00:00,Annual,Percentage,Total,From 20 to 64 years,All ISCED 2011 levels,Bulgaria,2022,4.1,,
ESTAT:TEPSR_WC170(1.0),11/09/25 23:00:00,Annual,Percentage,Total,From 20 to 64 years,All ISCED 2011 levels,Bulgaria,2023,4.3,,
ESTAT:TEPSR_WC170(1.0),11/09/25 23:00:00,Annual,Percentage,Total,From 20 to 64 years,All ISCED 2011 levels,Bulgaria,2024,4.1,b,
ESTAT:TEPSR_WC170(1.0),11/09/25 23:00:00,Annual,Percentage,Total,From 20 to 64 years,All ISCED 2011 levels,Switzerland,2005,4.3,b,
ESTAT:TEPSR_WC170(1.0),11/09/25 23:00:00,Annual,Percentage,Total,From 20 to 64 years,All ISCED 2011 levels,Switzerland,2006,3.8,,
ESTAT:TEPSR_WC170(1.0),11/09/25 23:00:00,Annual,Percentage,Total,From 20 to 64 years,All ISCED 2011 levels,Switzerland,2007,3.5,,
ESTAT:TEPSR_WC170(1.0),11/09/25 23:00:00,Annual,Percentage,Total,From 20 to 64 years,All ISCED 2011 levels,Switzerland,2008,3.2,,
ESTAT:TEPSR_WC170(1.0),11/09/25 23:00:00,Annual,Percentage,Total,From 20 to 64 years,All ISCED 2011 levels,Switzerland,2009,4.0,,
ESTAT:TEPSR_WC170(1.0),11/09/25 23:00:00,Annual,Percentage,Total,From 20 to 64 years,All ISCED 2011 levels,Switzerland,2010,4.7,b,
ESTAT:TEPSR_WC170(1.0),11/09/25 23:00:00,Annual,Percentage,Total,From 20 to 64 years,All ISCED 2011 levels,Switzerland,2011,4.3,,
ESTAT:TEPSR_WC170(1.0),11/09/25 23:00:00,Annual,Percentage,Total,From 20 to 64 years,All ISCED 2011 levels,Switzerland,2012,4.4,,
ESTAT:TEPSR_WC170(1.0),11/09/25 23:00:00,Annual,Percentage,Total,From 20 to 64 years,All ISCED 2011 levels,Switzerland,2013,4.6,,
ESTAT:TEPSR_WC170(1.0),11/09/25 23:00:00,Annual,Percentage,Total,From 20 to 64 years,All ISCED 2011 levels,Switzerland,2014,4.8,b,
ESTAT:TEPSR_WC170(1.0),11/09/25 23:00:00,Annual,Percentage,Total,From 20 to 64 years,All ISCED 2011 levels,Switzerland,2015,4.7,,
ESTAT:TEPSR_WC170(1.0),11/09/25 23:00:00,Annual,Percentage,Total,From 20 to 64 years,All ISCED 2011 levels,Switzerland,2016,4.8,,
ESTAT:TEPSR_WC170(1.0),11/09/25 23:00:00,Annual,Percentage,Total,From 20 to 64 years,All ISCED 2011 levels,Switzerland,2017,4.8,,
ESTAT:TEPSR_WC170(1.0),11/09/25 23:00:00,Annual,Percentage,Total,From 20 to 64 years,All ISCED 2011 levels,Switzerland,2018,4.7,,
ESTAT:TEPSR_WC170(1.0),11/09/25 23:00:00,Annual,Percentage,Total,From 20 to 64 years,All ISCED 2011 levels,Switzerland,2019,4.3,,
ESTAT:TEPSR_WC170(1.0),11/09/25 23:00:00,Annual,Percentage,Total,From 20 to 64 years,All ISCED 2011 levels,Switzerland,2020,4.8,,
ESTAT:TEPSR_WC170(1.0),11/09/25 23:00:00,Annual,Percentage,Total,From 20 to 64 years,All ISCED 2011 levels,Switzerland,2021,5.0,b,
ESTAT:TEPSR_WC170(1.0),11/09/25 23:00:00,Annual,Percentage,Total,From 20 to 64 years,All ISCED 2011 levels,Switzerland,2022,4.1,,
ESTAT:TEPSR_WC170(1.0),11/09/25 23:00:00,Annual,Percentage,Total,From 20 to 64 years,All ISCED 2011 levels,Switzerland,2023,3.9,,
ESTAT:TEPSR_WC170(1.0),11/09/25 23:00:00,Annual,Percentage,Total,From 20 to 64 years,All ISCED 2011 levels,Switzerland,2024,4.2,,
ESTAT:TEPSR_WC170(1.0),11/09/25 23:00:00,Annual,Percentage,Total,From 20 to 64 years,All ISCED 2011 levels,Cyprus,2005,5.2,b,
ESTAT:TEPSR_WC170(1.0),11/09/25 23:00:00,Annual,Percentage,Total,From 20 to 64 years,All ISCED 2011 levels,Cyprus,2006,4.5,,
ESTAT:TEPSR_WC170(1.0),11/09/25 23:00:00,Annual,Percentage,Total,From 20 to 64 years,All ISCED 2011 levels,Cyprus,2007,3.9,,
ESTAT:TEPSR_WC170(1.0),11/09/25 23:00:00,Annual,Percentage,Total,From 20 to 64 years,All ISCED 2011 levels,Cyprus,2008,3.7,,
ESTAT:TEPSR_WC170(1.0),11/09/25 23:00:00,Annual,Percentage,Total,From 20 to 64 years,All ISCED 2011 levels,Cyprus,2009,5.4,b,
ESTAT:TEPSR_WC170(1.0),11/09/25 23:00:00,Annual,Percentage,Total,From 20 to 64 years,All ISCED 2011 levels,Cyprus,2010,6.2,,
ESTAT:TEPSR_WC170(1.0),11/09/25 23:00:00,Annual,Percentage,Total,From 20 to 64 years,All ISCED 2011 levels,Cyprus,2011,7.8,,
ESTAT:TEPSR_WC170(1.0),11/09/25 23:00:00,Annual,Percentage,Total,From 20 to 64 years,All ISCED 2011 levels,Cyprus,2012,11.8,,
ESTAT:TEPSR_WC170(1.0),11/09/25 23:00:00,Annual,Percentage,Total,From 20 to 64 years,All ISCED 2011 levels,Cyprus,2013,15.8,,
ESTAT:TEPSR_WC170(1.0),11/09/25 23:00:00,Annual,Percentage,Total,From 20 to 64 years,All ISCED 2011 levels,Cyprus,2014,16.0,b,
ESTAT:TEPSR_WC170(1.0),11/09/25 23:00:00,Annual,Percentage,Total,From 20 to 64 years,All ISCED 2011 levels,Cyprus,2015,14.9,,
ESTAT:TEPSR_WC170(1.0),11/09/25 23:00:00,Annual,Percentage,Total,From 20 to 64 years,All ISCED 2011 levels,Cyprus,2016,12.9,,
ESTAT:TEPSR_WC170(1.0),11/09/25 23:00:00,Annual,Percentage,Total,From 20 to 64 years,All ISCED 2011 levels,Cyprus,2017,11.1,,
ESTAT:TEPSR_WC170(1.0),11/09/25 23:00:00,Annual,Percentage,Total,From 20 to 64 years,All ISCED 2011 levels,Cyprus,2018,8.4,,
ESTAT:TEPSR_WC170(1.0),11/09/25 23:00:00,Annual,Percentage,Total,From 20 to 64 years,All ISCED 2011 levels,Cyprus,2019,7.1,,
ESTAT:TEPSR_WC170(1.0),11/09/25 23:00:00,Annual,Percentage,Total,From 20 to 64 years,All ISCED 2011 levels,Cyprus,2020,7.7,,
ESTAT:TEPSR_WC170(1.0),11/09/25 23:00:00,Annual,Percentage,Total,From 20 to 64 years,All ISCED 2011 levels,Cyprus,2021,7.2,b,
ESTAT:TEPSR_WC170(1.0),11/09/25 23:00:00,Annual,Percentage,Total,From 20 to 64 years,All ISCED 2011 levels,Cyprus,2022,6.2,,
ESTAT:TEPSR_WC170(1.0),11/09/25 23:00:00,Annual,Percentage,Total,From 20 to 64 years,All ISCED 2011 levels,Cyprus,2023,5.8,,
ESTAT:TEPSR_WC170(1.0),11/09/25 23:00:00,Annual,Percentage,Total,From 20 to 64 years,All ISCED 2011 levels,Cyprus,2024,4.9,,
ESTAT:TEPSR_WC170(1.0),11/09/25 23:00:00,Annual,Percentage,Total,From 20 to 64 years,All ISCED 2011 levels,Czechia,2005,7.6,b,
ESTAT:TEPSR_WC170(1.0),11/09/25 23:00:00,Annual,Percentage,Total,From 20 to 64 years,All ISCED 2011 levels,Czechia,2006,6.9,,
ESTAT:TEPSR_WC170(1.0),11/09/25 23:00:00,Annual,Percentage,Total,From 20 to 64 years,All ISCED 2011 levels,Czechia,2007,5.2,,
ESTAT:TEPSR_WC170(1.0),11/09/25 23:00:00,Annual,Percentage,Total,From 20 to 64 years,All ISCED 2011 levels,Czechia,2008,4.3,,
ESTAT:TEPSR_WC170(1.0),11/09/25 23:00:00,Annual,Percentage,Total,From 20 to 64 years,All ISCED 2011 levels,Czechia,2009,6.5,,
ESTAT:TEPSR_WC170(1.0),11/09/25 23:00:00,Annual,Percentage,Total,From 20 to 64 years,All ISCED 2011 levels,Czechia,2010,7.1,,
ESTAT:TEPSR_WC170(1.0),11/09/25 23:00:00,Annual,Percentage,Total,From 20 to 64 years,All ISCED 2011 levels,Czechia,2011,6.5,b,
ESTAT:TEPSR_WC170(1.0),11/09/25 23:00:00,Annual,Percentage,Total,From 20 to 64 years,All ISCED 2011 levels,Czechia,2012,6.8,,
ESTAT:TEPSR_WC170(1.0),11/09/25 23:00:00,Annual,Percentage,Total,From 20 to 64 years,All ISCED 2011 levels,Czechia,2013,6.8,,
ESTAT:TEPSR_WC170(1.0),11/09/25 23:00:00,Annual,Percentage,Total,From 20 to 64 years,All ISCED 2011 levels,Czechia,2014,6.0,b,
ESTAT:TEPSR_WC170(1.0),11/09/25 23:00:00,Annual,Percentage,Total,From 20 to 64 years,All ISCED 2011 levels,Czechia,2015,5.0,,
ESTAT:TEPSR_WC170(1.0),11/09/25 23:00:00,Annual,Percentage,Total,From 20 to 64 years,All ISCED 2011 levels,Czechia,2016,3.9,,
ESTAT:TEPSR_WC170(1.0),11/09/25 23:00:00,Annual,Percentage,Total,From 20 to 64 years,All ISCED 2011 levels,Czechia,2017,2.8,,
ESTAT:TEPSR_WC170(1.0),11/09/25 23:00:00,Annual,Percentage,Total,From 20 to 64 years,All ISCED 2011 levels,Czechia,2018,2.2,,
ESTAT:TEPSR_WC170(1.0),11/09/25 23:00:00,Annual,Percentage,Total,From 20 to 64 years,All ISCED 2011 levels,Czechia,2019,2.0,,
ESTAT:TEPSR_WC170(1.0),11/09/25 23:00:00,Annual,Percentage,Total,From 20 to 64 years,All ISCED 2011 levels,Czechia,2020,2.5,,
ESTAT:TEPSR_WC170(1.0),11/09/25 23:00:00,Annual,Percentage,Total,From 20 to 64 years,All ISCED 2011 levels,Czechia,2021,2.8,b,
ESTAT:TEPSR_WC170(1.0),11/09/25 23:00:00,Annual,Percentage,Total,From 20 to 64 years,All ISCED 2011 levels,Czechia,2022,2.2,,
ESTAT:TEPSR_WC170(1.0),11/09/25 23:00:00,Annual,Percentage,Total,From 20 to 64 years,All ISCED 2011 levels,Czechia,2023,2.5,,
ESTAT:TEPSR_WC170(1.0),11/09/25 23:00:00,Annual,Percentage,Total,From 20 to 64 years,All ISCED 2011 levels,Czechia,2024,2.5,,
ESTAT:TEPSR_WC170(1.0),11/09/25 23:00:00,Annual,Percentage,Total,From 20 to 64 years,All ISCED 2011 levels,Germany,2005,11.2,b,
ESTAT:TEPSR_WC170(1.0),11/09/25 23:00:00,Annual,Percentage,Total,From 20 to 64 years,All ISCED 2011 levels,Germany,2006,10.2,b,
ESTAT:TEPSR_WC170(1.0),11/09/25 23:00:00,Annual,Percentage,Total,From 20 to 64 years,All ISCED 2011 levels,Germany,2007,8.6,,
ESTAT:TEPSR_WC170(1.0),11/09/25 23:00:00,Annual,Percentage,Total,From 20 to 64 years,All ISCED 2011 levels,Germany,2008,7.5,,
ESTAT:TEPSR_WC170(1.0),11/09/25 23:00:00,Annual,Percentage,Total,From 20 to 64 years,All ISCED 2011 levels,Germany,2009,7.7,,
ESTAT:TEPSR_WC170(1.0),11/09/25 23:00:00,Annual,Percentage,Total,From 20 to 64 years,All ISCED 2011 levels,Germany,2010,7.0,b,
ESTAT:TEPSR_WC170(1.0),11/09/25 23:00:00,Annual,Percentage,Total,From 20 to 64 years,All ISCED 2011 levels,Germany,2011,5.8,b,
ESTAT:TEPSR_WC170(1.0),11/09/25 23:00:00,Annual,Percentage,Total,From 20 to 64 years,All ISCED 2011 levels,Germany,2012,5.4,b,
ESTAT:TEPSR_WC170(1.0),11/09/25 23:00:00,Annual,Percentage,Total,From 20 to 64 years,All ISCED 2011 levels,Germany,2013,5.2,,
ESTAT:TEPSR_WC170(1.0),11/09/25 23:00:00,Annual,Percentage,Total,From 20 to 64 years,All ISCED 2011 levels,Germany,2014,5.0,b,
ESTAT:TEPSR_WC170(1.0),11/09/25 23:00:00,Annual,Percentage,Total,From 20 to 64 years,All ISCED 2011 levels,Germany,2015,4.6,,
ESTAT:TEPSR_WC170(1.0),11/09/25 23:00:00,Annual,Percentage,Total,From 20 to 64 years,All ISCED 2011 levels,Germany,2016,4.1,,
ESTAT:TEPSR_WC170(1.0),11/09/25 23:00:00,Annual,Percentage,Total,From 20 to 64 years,All ISCED 2011 levels,Germany,2017,3.7,,
ESTAT:TEPSR_WC170(1.0),11/09/25 23:00:00,Annual,Percentage,Total,From 20 to 64 years,All ISCED 2011 levels,Germany,2018,3.3,,
ESTAT:TEPSR_WC170(1.0),11/09/25 23:00:00,Annual,Percentage,Total,From 20 to 64 years,All ISCED 2011 levels,Germany,2019,3.1,,
ESTAT:TEPSR_WC170(1.0),11/09/25 23:00:00,Annual,Percentage,Total,From 20 to 64 years,All ISCED 2011 levels,Germany,2020,3.8,b,
ESTAT:TEPSR_WC170(1.0),11/09/25 23:00:00,Annual,Percentage,Total,From 20 to 64 years,All ISCED 2011 levels,Germany,2021,3.5,b,
ESTAT:TEPSR_WC170(1.0),11/09/25 23:00:00,Annual,Percentage,Total,From 20 to 64 years,All ISCED 2011 levels,Germany,2022,3.1,,
ESTAT:TEPSR_WC170(1.0),11/09/25 23:00:00,Annual,Percentage,Total,From 20 to 64 years,All ISCED 2011 levels,Germany,2023,3.0,,
ESTAT:TEPSR_WC170(1.0),11/09/25 23:00:00,Annual,Percentage,Total,From 20 to 64 years,All ISCED 2011 levels,Germany,2024,3.3,,
ESTAT:TEPSR_WC170(1.0),11/09/25 23:00:00,Annual,Percentage,Total,From 20 to 64 years,All ISCED 2011 levels,Denmark,2005,4.6,b,
ESTAT:TEPSR_WC170(1.0),11/09/25 23:00:00,Annual,Percentage,Total,From 20 to 64 years,All ISCED 2011 levels,Denmark,2006,3.5,,
ESTAT:TEPSR_WC170(1.0),11/09/25 23:00:00,Annual,Percentage,Total,From 20 to 64 years,All ISCED 2011 levels,Denmark,2007,3.4,b,
ESTAT:TEPSR_WC170(1.0),11/09/25 23:00:00,Annual,Percentage,Total,From 20 to 64 years,All ISCED 2011 levels,Denmark,2008,3.1,b,
ESTAT:TEPSR_WC170(1.0),11/09/25 23:00:00,Annual,Percentage,Total,From 20 to 64 years,All ISCED 2011 levels,Denmark,2009,5.8,,
ESTAT:TEPSR_WC170(1.0),11/09/25 23:00:00,Annual,Percentage,Total,From 20 to 64 years,All ISCED 2011 levels,Denmark,2010,7.1,,
ESTAT:TEPSR_WC170(1.0),11/09/25 23:00:00,Annual,Percentage,Total,From 20 to 64 years,All ISCED 2011 levels,Denmark,2011,7.0,,
ESTAT:TEPSR_WC170(1.0),11/09/25 23:00:00,Annual,Percentage,Total,From 20 to 64 years,All ISCED 2011 levels,Denmark,2012,7.2,,
ESTAT:TEPSR_WC170(1.0),11/09/25 23:00:00,Annual,Percentage,Total,From 20 to 64 years,All ISCED 2011 levels,Denmark,2013,6.9,,
ESTAT:TEPSR_WC170(1.0),11/09/25 23:00:00,Annual,Percentage,Total,From 20 to 64 years,All ISCED 2011 levels,Denmark,2014,6.5,b,
ESTAT:TEPSR_WC170(1.0),11/09/25 23:00:00,Annual,Percentage,Total,From 20 to 64 years,All ISCED 2011 levels,Denmark,2015,6.0,,
ESTAT:TEPSR_WC170(1.0),11/09/25 23:00:00,Annual,Percentage,Total,From 20 to 64 years,All ISCED 2011 levels,Denmark,2016,5.6,b,
ESTAT:TEPSR_WC170(1.0),11/09/25 23:00:00,Annual,Percentage,Total,From 20 to 64 years,All ISCED 2011 levels,Denmark,2017,5.3,b,
ESTAT:TEPSR_WC170(1.0),11/09/25 23:00:00,Annual,Percentage,Total,From 20 to 64 years,All ISCED 2011 levels,Denmark,2018,4.8,,
ESTAT:TEPSR_WC170(1.0),11/09/25 23:00:00,Annual,Percentage,Total,From 20 to 64 years,All ISCED 2011 levels,Denmark,2019,4.7,,
ESTAT:TEPSR_WC170(1.0),11/09/25 23:00:00,Annual,Percentage,Total,From 20 to 64 years,All ISCED 2011 levels,Denmark,2020,5.2,,
ESTAT:TEPSR_WC170(1.0),11/09/25 23:00:00,Annual,Percentage,Total,From 20 to 64 years,All ISCED 2011 levels,Denmark,2021,4.7,b,
ESTAT:TEPSR_WC170(1.0),11/09/25 23:00:00,Annual,Percentage,Total,From 20 to 64 years,All ISCED 2011 levels,Denmark,2022,4.1,,
ESTAT:TEPSR_WC170(1.0),11/09/25 23:00:00,Annual,Percentage,Total,From 20 to 64 years,All ISCED 2011 levels,Denmark,2023,4.7,b,
ESTAT:TEPSR_WC170(1.0),11/09/25 23:00:00,Annual,Percentage,Total,From 20 to 64 years,All ISCED 2011 levels,Denmark,2024,5.5,,
ESTAT:TEPSR_WC170(1.0),11/09/25 23:00:00,Annual,Percentage,Total,From 20 to 64 years,All ISCED 2011 levels,Euro area – 20 countries (from 2023),2005,8.8,b,
ESTAT:TEPSR_WC170(1.0),11/09/25 23:00:00,Annual,Percentage,Total,From 20 to 64 years,All ISCED 2011 levels,Euro area – 20 countries (from 2023),2006,8.1,,
ESTAT:TEPSR_WC170(1.0),11/09/25 23:00:00,Annual,Percentage,Total,From 20 to 64 years,All ISCED 2011 levels,Euro area – 20 countries (from 2023),2007,7.2,,
ESTAT:TEPSR_WC170(1.0),11/09/25 23:00:00,Annual,Percentage,Total,From 20 to 64 years,All ISCED 2011 levels,Euro area – 20 countries (from 2023),2008,7.2,,
ESTAT:TEPSR_WC170(1.0),11/09/25 23:00:00,Annual,Percentage,Total,From 20 to 64 years,All ISCED 2011 levels,Euro area – 20 countries (from 2023),2009,9.3,,
ESTAT:TEPSR_WC170(1.0),11/09/25 23:00:00,Annual,Percentage,Total,From 20 to 64 years,All ISCED 2011 levels,Euro area – 20 countries (from 2023),2010,9.9,,
ESTAT:TEPSR_WC170(1.0),11/09/25 23:00:00,Annual,Percentage,Total,From 20 to 64 years,All ISCED 2011 levels,Euro area – 20 countries (from 2023),2011,10.0,,
ESTAT:TEPSR_WC170(1.0),11/09/25 23:00:00,Annual,Percentage,Total,From 20 to 64 years,All ISCED 2011 levels,Euro area – 20 countries (from 2023),2012,11.2,,
ESTAT:TEPSR_WC170(1.0),11/09/25 23:00:00,Annual,Percentage,Total,From 20 to 64 years,All ISCED 2011 levels,Euro area – 20 countries (from 2023),2013,11.8,,
ESTAT:TEPSR_WC170(1.0),11/09/25 23:00:00,Annual,Percentage,Total,From 20 to 64 years,All ISCED 2011 levels,Euro area – 20 countries (from 2023),2014,11.5,b,
ESTAT:TEPSR_WC170(1.0),11/09/25 23:00:00,Annual,Percentage,Total,From 20 to 64 years,All ISCED 2011 levels,Euro area – 20 countries (from 2023),2015,10.8,,
ESTAT:TEPSR_WC170(1.0),11/09/25 23:00:00,Annual,Percentage,Total,From 20 to 64 years,All ISCED 2011 levels,Euro area – 20 countries (from 2023),2016,9.9,,
ESTAT:TEPSR_WC170(1.0),11/09/25 23:00:00,Annual,Percentage,Total,From 20 to 64 years,All ISCED 2011 levels,Euro area – 20 countries (from 2023),2017,9.0,,
ESTAT:TEPSR_WC170(1.0),11/09/25 23:00:00,Annual,Percentage,Total,From 20 to 64 years,All ISCED 2011 levels,Euro area – 20 countries (from 2023),2018,8.1,,
ESTAT:TEPSR_WC170(1.0),11/09/25 23:00:00,Annual,Percentage,Total,From 20 to 64 years,All ISCED 2011 levels,Euro area – 20 countries (from 2023),2019,7.4,,
ESTAT:TEPSR_WC170(1.0),11/09/25 23:00:00,Annual,Percentage,Total,From 20 to 64 years,All ISCED 2011 levels,Euro area – 20 countries (from 2023),2020,7.7,,
ESTAT:TEPSR_WC170(1.0),11/09/25 23:00:00,Annual,Percentage,Total,From 20 to 64 years,All ISCED 2011 levels,Euro area – 20 countries (from 2023),2021,7.6,b,
ESTAT:TEPSR_WC170(1.0),11/09/25 23:00:00,Annual,Percentage,Total,From 20 to 64 years,All ISCED 2011 levels,Euro area – 20 countries (from 2023),2022,6.6,,
ESTAT:TEPSR_WC170(1.0),11/09/25 23:00:00,Annual,Percentage,Total,From 20 to 64 years,All ISCED 2011 levels,Euro area – 20 countries (from 2023),2023,6.4,,
ESTAT:TEPSR_WC170(1.0),11/09/25 23:00:00,Annual,Percentage,Total,From 20 to 64 years,All ISCED 2011 levels,Euro area – 20 countries (from 2023),2024,6.2,,
ESTAT:TEPSR_WC170(1.0),11/09/25 23:00:00,Annual,Percentage,Total,From 20 to 64 years,All ISCED 2011 levels,Estonia,2005,7.9,b,
ESTAT:TEPSR_WC170(1.0),11/09/25 23:00:00,Annual,Percentage,Total,From 20 to 64 years,All ISCED 2011 levels,Estonia,2006,5.7,,
ESTAT:TEPSR_WC170(1.0),11/09/25 23:00:00,Annual,Percentage,Total,From 20 to 64 years,All ISCED 2011 levels,Estonia,2007,4.4,,
ESTAT:TEPSR_WC170(1.0),11/09/25 23:00:00,Annual,Percentage,Total,From 20 to 64 years,All ISCED 2011 levels,Estonia,2008,5.2,,
ESTAT:TEPSR_WC170(1.0),11/09/25 23:00:00,Annual,Percentage,Total,From 20 to 64 years,All ISCED 2011 levels,Estonia,2009,13.3,,
ESTAT:TEPSR_WC170(1.0),11/09/25 23:00:00,Annual,Percentage,Total,From 20 to 64 years,All ISCED 2011 levels,Estonia,2010,16.7,,
ESTAT:TEPSR_WC170(1.0),11/09/25 23:00:00,Annual,Percentage,Total,From 20 to 64 years,All ISCED 2011 levels,Estonia,2011,12.2,,
ESTAT:TEPSR_WC170(1.0),11/09/25 23:00:00,Annual,Percentage,Total,From 20 to 64 years,All ISCED 2011 levels,Estonia,2012,10.0,,
ESTAT:TEPSR_WC170(1.0),11/09/25 23:00:00,Annual,Percentage,Total,From 20 to 64 years,All ISCED 2011 levels,Estonia,2013,8.6,,
ESTAT:TEPSR_WC170(1.0),11/09/25 23:00:00,Annual,Percentage,Total,From 20 to 64 years,All ISCED 2011 levels,Estonia,2014,7.3,b,
ESTAT:TEPSR_WC170(1.0),11/09/25 23:00:00,Annual,Percentage,Total,From 20 to 64 years,All ISCED 2011 levels,Estonia,2015,6.3,,
ESTAT:TEPSR_WC170(1.0),11/09/25 23:00:00,Annual,Percentage,Total,From 20 to 64 years,All ISCED 2011 levels,Estonia,2016,6.9,,
ESTAT:TEPSR_WC170(1.0),11/09/25 23:00:00,Annual,Percentage,Total,From 20 to 64 years,All ISCED 2011 levels,Estonia,2017,5.8,,
ESTAT:TEPSR_WC170(1.0),11/09/25 23:00:00,Annual,Percentage,Total,From 20 to 64 years,All ISCED 2011 levels,Estonia,2018,5.2,,
ESTAT:TEPSR_WC170(1.0),11/09/25 23:00:00,Annual,Percentage,Total,From 20 to 64 years,All ISCED 2011 levels,Estonia,2019,4.4,,
ESTAT:TEPSR_WC170(1.0),11/09/25 23:00:00,Annual,Percentage,Total,From 20 to 64 years,All ISCED 2011 levels,Estonia,2020,6.8,,
ESTAT:TEPSR_WC170(1.0),11/09/25 23:00:00,Annual,Percentage,Total,From 20 to 64 years,All ISCED 2011 levels,Estonia,2021,6.1,b,
ESTAT:TEPSR_WC170(1.0),11/09/25 23:00:00,Annual,Percentage,Total,From 20 to 64 years,All ISCED 2011 levels,Estonia,2022,5.5,,
ESTAT:TEPSR_WC170(1.0),11/09/25 23:00:00,Annual,Percentage,Total,From 20 to 64 years,All ISCED 2011 levels,Estonia,2023,6.2,,
ESTAT:TEPSR_WC170(1.0),11/09/25 23:00:00,Annual,Percentage,Total,From 20 to 64 years,All ISCED 2011 levels,Estonia,2024,7.4,,
ESTAT:TEPSR_WC170(1.0),11/09/25 23:00:00,Annual,Percentage,Total,From 20 to 64 years,All ISCED 2011 levels,Greece,2005,9.8,b,
ESTAT:TEPSR_WC170(1.0),11/09/25 23:00:00,Annual,Percentage,Total,From 20 to 64 years,All ISCED 2011 levels,Greece,2006,8.9,,
ESTAT:TEPSR_WC170(1.0),11/09/25 23:00:00,Annual,Percentage,Total,From 20 to 64 years,All ISCED 2011 levels,Greece,2007,8.3,,
ESTAT:TEPSR_WC170(1.0),11/09/25 23:00:00,Annual,Percentage,Total,From 20 to 64 years,All ISCED 2011 levels,Greece,2008,7.7,,
ESTAT:TEPSR_WC170(1.0),11/09/25 23:00:00,Annual,Percentage,Total,From 20 to 64 years,All ISCED 2011 levels,Greece,2009,9.5,b,
ESTAT:TEPSR_WC170(1.0),11/09/25 23:00:00,Annual,Percentage,Total,From 20 to 64 years,All ISCED 2011 levels,Greece,2010,12.7,,
ESTAT:TEPSR_WC170(1.0),11/09/25 23:00:00,Annual,Percentage,Total,From 20 to 64 years,All ISCED 2011 levels,Greece,2011,17.8,,
ESTAT:TEPSR_WC170(1.0),11/09/25 23:00:00,Annual,Percentage,Total,From 20 to 64 years,All ISCED 2011 levels,Greece,2012,24.3,,
ESTAT:TEPSR_WC170(1.0),11/09/25 23:00:00,Annual,Percentage,Total,From 20 to 64 years,All ISCED 2011 levels,Greece,2013,27.3,,
ESTAT:TEPSR_WC170(1.0),11/09/25 23:00:00,Annual,Percentage,Total,From 20 to 64 years,All ISCED 2011 levels,Greece,2014,26.4,b,
ESTAT:TEPSR_WC170(1.0),11/09/25 23:00:00,Annual,Percentage,Total,From 20 to 64 years,All ISCED 2011 levels,Greece,2015,24.9,,
ESTAT:TEPSR_WC170(1.0),11/09/25 23:00:00,Annual,Percentage,Total,From 20 to 64 years,All ISCED 2011 levels,Greece,2016,23.5,,
ESTAT:TEPSR_WC170(1.0),11/09/25 23:00:00,Annual,Percentage,Total,From 20 to 64 years,All ISCED 2011 levels,Greece,2017,21.4,,
ESTAT:TEPSR_WC170(1.0),11/09/25 23:00:00,Annual,Percentage,Total,From 20 to 64 years,All ISCED 2011 levels,Greece,2018,19.3,,
ESTAT:TEPSR_WC170(1.0),11/09/25 23:00:00,Annual,Percentage,Total,From 20 to 64 years,All ISCED 2011 levels,Greece,2019,17.3,,
ESTAT:TEPSR_WC170(1.0),11/09/25 23:00:00,Annual,Percentage,Total,From 20 to 64 years,All ISCED 2011 levels,Greece,2020,16.4,,
ESTAT:TEPSR_WC170(1.0),11/09/25 23:00:00,Annual,Percentage,Total,From 20 to 64 years,All ISCED 2011 levels,Greece,2021,14.7,b,
ESTAT:TEPSR_WC170(1.0),11/09/25 23:00:00,Annual,Percentage,Total,From 20 to 64 years,All ISCED 2011 levels,Greece,2022,12.3,,
ESTAT:TEPSR_WC170(1.0),11/09/25 23:00:00,Annual,Percentage,Total,From 20 to 64 years,All ISCED 2011 levels,Greece,2023,11.0,,
ESTAT:TEPSR_WC170(1.0),11/09/25 23:00:00,Annual,Percentage,Total,From 20 to 64 years,All ISCED 2011 levels,Greece,2024,10.0,,
ESTAT:TEPSR_WC170(1.0),11/09/25 23:00:00,Annual,Percentage,Total,From 20 to 64 years,All ISCED 2011 levels,Spain,2005,8.7,b,
ESTAT:TEPSR_WC170(1.0),11/09/25 23:00:00,Annual,Percentage,Total,From 20 to 64 years,All ISCED 2011 levels,Spain,2006,8.0,b,
ESTAT:TEPSR_WC170(1.0),11/09/25 23:00:00,Annual,Percentage,Total,From 20 to 64 years,All ISCED 2011 levels,Spain,2007,7.8,,
ESTAT:TEPSR_WC170(1.0),11/09/25 23:00:00,Annual,Percentage,Total,From 20 to 64 years,All ISCED 2011 levels,Spain,2008,10.6,,
ESTAT:TEPSR_WC170(1.0),11/09/25 23:00:00,Annual,Percentage,Total,From 20 to 64 years,All ISCED 2011 levels,Spain,2009,17.2,,
ESTAT:TEPSR_WC170(1.0),11/09/25 23:00:00,Annual,Percentage,Total,From 20 to 64 years,All ISCED 2011 levels,Spain,2010,19.3,,
ESTAT:TEPSR_WC170(1.0),11/09/25 23:00:00,Annual,Percentage,Total,From 20 to 64 years,All ISCED 2011 levels,Spain,2011,20.9,,
ESTAT:TEPSR_WC170(1.0),11/09/25 23:00:00,Annual,Percentage,Total,From 20 to 64 years,All ISCED 2011 levels,Spain,2012,24.3,,
ESTAT:TEPSR_WC170(1.0),11/09/25 23:00:00,Annual,Percentage,Total,From 20 to 64 years,All ISCED 2011 levels,Spain,2013,25.6,,
ESTAT:TEPSR_WC170(1.0),11/09/25 23:00:00,Annual,Percentage,Total,From 20 to 64 years,All ISCED 2011 levels,Spain,2014,24.1,b,
ESTAT:TEPSR_WC170(1.0),11/09/25 23:00:00,Annual,Percentage,Total,From 20 to 64 years,All ISCED 2011 levels,Spain,2015,21.7,,
ESTAT:TEPSR_WC170(1.0),11/09/25 23:00:00,Annual,Percentage,Total,From 20 to 64 years,All ISCED 2011 levels,Spain,2016,19.3,,
ESTAT:TEPSR_WC170(1.0),11/09/25 23:00:00,Annual,Percentage,Total,From 20 to 64 years,All ISCED 2011 levels,Spain,2017,16.9,,
ESTAT:TEPSR_WC170(1.0),11/09/25 23:00:00,Annual,Percentage,Total,From 20 to 64 years,All ISCED 2011 levels,Spain,2018,14.9,,
ESTAT:TEPSR_WC170(1.0),11/09/25 23:00:00,Annual,Percentage,Total,From 20 to 64 years,All ISCED 2011 levels,Spain,2019,13.8,,
ESTAT:TEPSR_WC170(1.0),11/09/25 23:00:00,Annual,Percentage,Total,From 20 to 64 years,All ISCED 2011 levels,Spain,2020,15.2,,
ESTAT:TEPSR_WC170(1.0),11/09/25 23:00:00,Annual,Percentage,Total,From 20 to 64 years,All ISCED 2011 levels,Spain,2021,14.6,bd,
ESTAT:TEPSR_WC170(1.0),11/09/25 23:00:00,Annual,Percentage,Total,From 20 to 64 years,All ISCED 2011 levels,Spain,2022,12.7,d,
ESTAT:TEPSR_WC170(1.0),11/09/25 23:00:00,Annual,Percentage,Total,From 20 to 64 years,All ISCED 2011 levels,Spain,2023,11.9,d,
ESTAT:TEPSR_WC170(1.0),11/09/25 23:00:00,Annual,Percentage,Total,From 20 to 64 years,All ISCED 2011 levels,Spain,2024,11.0,d,
ESTAT:TEPSR_WC170(1.0),11/09/25 23:00:00,Annual,Percentage,Total,From 20 to 64 years,All ISCED 2011 levels,European Union - 27 countries (from 2020),2005,9.3,b,
ESTAT:TEPSR_WC170(1.0),11/09/25 23:00:00,Annual,Percentage,Total,From 20 to 64 years,All ISCED 2011 levels,European Union - 27 countries (from 2020),2006,8.4,,
ESTAT:TEPSR_WC170(1.0),11/09/25 23:00:00,Annual,Percentage,Total,From 20 to 64 years,All ISCED 2011 levels,European Union - 27 countries (from 2020),2007,7.2,,
ESTAT:TEPSR_WC170(1.0),11/09/25 23:00:00,Annual,Percentage,Total,From 20 to 64 years,All ISCED 2011 levels,European Union - 27 countries (from 2020),2008,6.9,,
ESTAT:TEPSR_WC170(1.0),11/09/25 23:00:00,Annual,Percentage,Total,From 20 to 64 years,All ISCED 2011 levels,European Union - 27 countries (from 2020),2009,8.9,,
ESTAT:TEPSR_WC170(1.0),11/09/25 23:00:00,Annual,Percentage,Total,From 20 to 64 years,All ISCED 2011 levels,European Union - 27 countries (from 2020),2010,9.6,,
ESTAT:TEPSR_WC170(1.0),11/09/25 23:00:00,Annual,Percentage,Total,From 20 to 64 years,All ISCED 2011 levels,European Union - 27 countries (from 2020),2011,9.6,,
ESTAT:TEPSR_WC170(1.0),11/09/25 23:00:00,Annual,Percentage,Total,From 20 to 64 years,All ISCED 2011 levels,European Union - 27 countries (from 2020),2012,10.6,,
ESTAT:TEPSR_WC170(1.0),11/09/25 23:00:00,Annual,Percentage,Total,From 20 to 64 years,All ISCED 2011 levels,European Union - 27 countries (from 2020),2013,11.2,,
ESTAT:TEPSR_WC170(1.0),11/09/25 23:00:00,Annual,Percentage,Total,From 20 to 64 years,All ISCED 2011 levels,European Union - 27 countries (from 2020),2014,10.7,b,
ESTAT:TEPSR_WC170(1.0),11/09/25 23:00:00,Annual,Percentage,Total,From 20 to 64 years,All ISCED 2011 levels,European Union - 27 countries (from 2020),2015,9.9,,
ESTAT:TEPSR_WC170(1.0),11/09/25 23:00:00,Annual,Percentage,Total,From 20 to 64 years,All ISCED 2011 levels,European Union - 27 countries (from 2020),2016,9.0,,
ESTAT:TEPSR_WC170(1.0),11/09/25 23:00:00,Annual,Percentage,Total,From 20 to 64 years,All ISCED 2011 levels,European Union - 27 countries (from 2020),2017,8.0,,
ESTAT:TEPSR_WC170(1.0),11/09/25 23:00:00,Annual,Percentage,Total,From 20 to 64 years,All ISCED 2011 levels,European Union - 27 countries (from 2020),2018,7.1,,
ESTAT:TEPSR_WC170(1.0),11/09/25 23:00:00,Annual,Percentage,Total,From 20 to 64 years,All ISCED 2011 levels,European Union - 27 countries (from 2020),2019,6.6,,
ESTAT:TEPSR_WC170(1.0),11/09/25 23:00:00,Annual,Percentage,Total,From 20 to 64 years,All ISCED 2011 levels,European Union - 27 countries (from 2020),2020,6.9,,
ESTAT:TEPSR_WC170(1.0),11/09/25 23:00:00,Annual,Percentage,Total,From 20 to 64 years,All ISCED 2011 levels,European Union - 27 countries (from 2020),2021,6.9,b,
ESTAT:TEPSR_WC170(1.0),11/09/25 23:00:00,Annual,Percentage,Total,From 20 to 64 years,All ISCED 2011 levels,European Union - 27 countries (from 2020),2022,6.0,,
ESTAT:TEPSR_WC170(1.0),11/09/25 23:00:00,Annual,Percentage,Total,From 20 to 64 years,All ISCED 2011 levels,European Union - 27 countries (from 2020),2023,5.8,,
ESTAT:TEPSR_WC170(1.0),11/09/25 23:00:00,Annual,Percentage,Total,From 20 to 64 years,All ISCED 2011 levels,European Union - 27 countries (from 2020),2024,5.7,,
ESTAT:TEPSR_WC170(1.0),11/09/25 23:00:00,Annual,Percentage,Total,From 20 to 64 years,All ISCED 2011 levels,Finland,2005,7.7,b,
ESTAT:TEPSR_WC170(1.0),11/09/25 23:00:00,Annual,Percentage,Total,From 20 to 64 years,All ISCED 2011 levels,Finland,2006,7.0,,
ESTAT:TEPSR_WC170(1.0),11/09/25 23:00:00,Annual,Percentage,Total,From 20 to 64 years,All ISCED 2011 levels,Finland,2007,6.1,b,
ESTAT:TEPSR_WC170(1.0),11/09/25 23:00:00,Annual,Percentage,Total,From 20 to 64 years,All ISCED 2011 levels,Finland,2008,5.6,b,
ESTAT:TEPSR_WC170(1.0),11/09/25 23:00:00,Annual,Percentage,Total,From 20 to 64 years,All ISCED 2011 levels,Finland,2009,7.4,,
ESTAT:TEPSR_WC170(1.0),11/09/25 23:00:00,Annual,Percentage,Total,From 20 to 64 years,All ISCED 2011 levels,Finland,2010,7.6,,
ESTAT:TEPSR_WC170(1.0),11/09/25 23:00:00,Annual,Percentage,Total,From 20 to 64 years,All ISCED 2011 levels,Finland,2011,7.1,,
ESTAT:TEPSR_WC170(1.0),11/09/25 23:00:00,Annual,Percentage,Total,From 20 to 64 years,All ISCED 2011 levels,Finland,2012,7.0,,
ESTAT:TEPSR_WC170(1.0),11/09/25 23:00:00,Annual,Percentage,Total,From 20 to 64 years,All ISCED 2011 levels,Finland,2013,7.5,,
ESTAT:TEPSR_WC170(1.0),11/09/25 23:00:00,Annual,Percentage,Total,From 20 to 64 years,All ISCED 2011 levels,Finland,2014,8.0,b,
ESTAT:TEPSR_WC170(1.0),11/09/25 23:00:00,Annual,Percentage,Total,From 20 to 64 years,All ISCED 2011 levels,Finland,2015,8.8,,
ESTAT:TEPSR_WC170(1.0),11/09/25 23:00:00,Annual,Percentage,Total,From 20 to 64 years,All ISCED 2011 levels,Finland,2016,8.2,,
ESTAT:TEPSR_WC170(1.0),11/09/25 23:00:00,Annual,Percentage,Total,From 20 to 64 years,All ISCED 2011 levels,Finland,2017,8.1,,
ESTAT:TEPSR_WC170(1.0),11/09/25 23:00:00,Annual,Percentage,Total,From 20 to 64 years,All ISCED 2011 levels,Finland,2018,6.8,,
ESTAT:TEPSR_WC170(1.0),11/09/25 23:00:00,Annual,Percentage,Total,From 20 to 64 years,All ISCED 2011 levels,Finland,2019,6.1,,
ESTAT:TEPSR_WC170(1.0),11/09/25 23:00:00,Annual,Percentage,Total,From 20 to 64 years,All ISCED 2011 levels,Finland,2020,7.1,,
ESTAT:TEPSR_WC170(1.0),11/09/25 23:00:00,Annual,Percentage,Total,From 20 to 64 years,All ISCED 2011 levels,Finland,2021,7.1,b,
ESTAT:TEPSR_WC170(1.0),11/09/25 23:00:00,Annual,Percentage,Total,From 20 to 64 years,All ISCED 2011 levels,Finland,2022,6.3,,
ESTAT:TEPSR_WC170(1.0),11/09/25 23:00:00,Annual,Percentage,Total,From 20 to 64 years,All ISCED 2011 levels,Finland,2023,6.6,,
ESTAT:TEPSR_WC170(1.0),11/09/25 23:00:00,Annual,Percentage,Total,From 20 to 64 years,All ISCED 2011 levels,Finland,2024,7.8,,
ESTAT:TEPSR_WC170(1.0),11/09/25 23:00:00,Annual,Percentage,Total,From 20 to 64 years,All ISCED 2011 levels,France,2005,8.1,b,
ESTAT:TEPSR_WC170(1.0),11/09/25 23:00:00,Annual,Percentage,Total,From 20 to 64 years,All ISCED 2011 levels,France,2006,8.0,b,
ESTAT:TEPSR_WC170(1.0),11/09/25 23:00:00,Annual,Percentage,Total,From 20 to 64 years,All ISCED 2011 levels,France,2007,7.3,,
ESTAT:TEPSR_WC170(1.0),11/09/25 23:00:00,Annual,Percentage,Total,From 20 to 64 years,All ISCED 2011 levels,France,2008,6.7,,
ESTAT:TEPSR_WC170(1.0),11/09/25 23:00:00,Annual,Percentage,Total,From 20 to 64 years,All ISCED 2011 levels,France,2009,8.3,,
ESTAT:TEPSR_WC170(1.0),11/09/25 23:00:00,Annual,Percentage,Total,From 20 to 64 years,All ISCED 2011 levels,France,2010,8.5,,
ESTAT:TEPSR_WC170(1.0),11/09/25 23:00:00,Annual,Percentage,Total,From 20 to 64 years,All ISCED 2011 levels,France,2011,8.5,,
ESTAT:TEPSR_WC170(1.0),11/09/25 23:00:00,Annual,Percentage,Total,From 20 to 64 years,All ISCED 2011 levels,France,2012,9.0,,
ESTAT:TEPSR_WC170(1.0),11/09/25 23:00:00,Annual,Percentage,Total,From 20 to 64 years,All ISCED 2011 levels,France,2013,9.6,b,
ESTAT:TEPSR_WC170(1.0),11/09/25 23:00:00,Annual,Percentage,Total,From 20 to 64 years,All ISCED 2011 levels,France,2014,9.9,b,
ESTAT:TEPSR_WC170(1.0),11/09/25 23:00:00,Annual,Percentage,Total,From 20 to 64 years,All ISCED 2011 levels,France,2015,10.0,,
ESTAT:TEPSR_WC170(1.0),11/09/25 23:00:00,Annual,Percentage,Total,From 20 to 64 years,All ISCED 2011 levels,France,2016,9.7,,
ESTAT:TEPSR_WC170(1.0),11/09/25 23:00:00,Annual,Percentage,Total,From 20 to 64 years,All ISCED 2011 levels,France,2017,9.1,,
ESTAT:TEPSR_WC170(1.0),11/09/25 23:00:00,Annual,Percentage,Total,From 20 to 64 years,All ISCED 2011 levels,France,2018,8.8,,
ESTAT:TEPSR_WC170(1.0),11/09/25 23:00:00,Annual,Percentage,Total,From 20 to 64 years,All ISCED 2011 levels,France,2019,8.2,,
ESTAT:TEPSR_WC170(1.0),11/09/25 23:00:00,Annual,Percentage,Total,From 20 to 64 years,All ISCED 2011 levels,France,2020,7.7,,
ESTAT:TEPSR_WC170(1.0),11/09/25 23:00:00,Annual,Percentage,Total,From 20 to 64 years,All ISCED 2011 levels,France,2021,7.5,bd,
ESTAT:TEPSR_WC170(1.0),11/09/25 23:00:00,Annual,Percentage,Total,From 20 to 64 years,All ISCED 2011 levels,France,2022,6.9,d,
ESTAT:TEPSR_WC170(1.0),11/09/25 23:00:00,Annual,Percentage,Total,From 20 to 64 years,All ISCED 2011 levels,France,2023,7.0,d,
ESTAT:TEPSR_WC170(1.0),11/09/25 23:00:00,Annual,Percentage,Total,From 20 to 64 years,All ISCED 2011 levels,France,2024,7.0,d,
ESTAT:TEPSR_WC170(1.0),11/09/25 23:00:00,Annual,Percentage,Total,From 20 to 64 years,All ISCED 2011 levels,Croatia,2005,12.2,b,
ESTAT:TEPSR_WC170(1.0),11/09/25 23:00:00,Annual,Percentage,Total,From 20 to 64 years,All ISCED 2011 levels,Croatia,2006,10.8,b,
ESTAT:TEPSR_WC170(1.0),11/09/25 23:00:00,Annual,Percentage,Total,From 20 to 64 years,All ISCED 2011 levels,Croatia,2007,9.4,,
ESTAT:TEPSR_WC170(1.0),11/09/25 23:00:00,Annual,Percentage,Total,From 20 to 64 years,All ISCED 2011 levels,Croatia,2008,8.1,,
ESTAT:TEPSR_WC170(1.0),11/09/25 23:00:00,Annual,Percentage,Total,From 20 to 64 years,All ISCED 2011 levels,Croatia,2009,8.8,,
ESTAT:TEPSR_WC170(1.0),11/09/25 23:00:00,Annual,Percentage,Total,From 20 to 64 years,All ISCED 2011 levels,Croatia,2010,11.1,b,
ESTAT:TEPSR_WC170(1.0),11/09/25 23:00:00,Annual,Percentage,Total,From 20 to 64 years,All ISCED 2011 levels,Croatia,2011,13.2,,
ESTAT:TEPSR_WC170(1.0),11/09/25 23:00:00,Annual,Percentage,Total,From 20 to 64 years,All ISCED 2011 levels,Croatia,2012,15.6,b,
ESTAT:TEPSR_WC170(1.0),11/09/25 23:00:00,Annual,Percentage,Total,From 20 to 64 years,All ISCED 2011 levels,Croatia,2013,16.6,,
ESTAT:TEPSR_WC170(1.0),11/09/25 23:00:00,Annual,Percentage,Total,From 20 to 64 years,All ISCED 2011 levels,Croatia,2014,16.6,b,
ESTAT:TEPSR_WC170(1.0),11/09/25 23:00:00,Annual,Percentage,Total,From 20 to 64 years,All ISCED 2011 levels,Croatia,2015,15.5,,
ESTAT:TEPSR_WC170(1.0),11/09/25 23:00:00,Annual,Percentage,Total,From 20 to 64 years,All ISCED 2011 levels,Croatia,2016,12.4,,
ESTAT:TEPSR_WC170(1.0),11/09/25 23:00:00,Annual,Percentage,Total,From 20 to 64 years,All ISCED 2011 levels,Croatia,2017,10.6,,
ESTAT:TEPSR_WC170(1.0),11/09/25 23:00:00,Annual,Percentage,Total,From 20 to 64 years,All ISCED 2011 levels,Croatia,2018,8.1,,
ESTAT:TEPSR_WC170(1.0),11/09/25 23:00:00,Annual,Percentage,Total,From 20 to 64 years,All ISCED 2011 levels,Croatia,2019,6.3,,
ESTAT:TEPSR_WC170(1.0),11/09/25 23:00:00,Annual,Percentage,Total,From 20 to 64 years,All ISCED 2011 levels,Croatia,2020,6.9,,
ESTAT:TEPSR_WC170(1.0),11/09/25 23:00:00,Annual,Percentage,Total,From 20 to 64 years,All ISCED 2011 levels,Croatia,2021,7.1,b,
ESTAT:TEPSR_WC170(1.0),11/09/25 23:00:00,Annual,Percentage,Total,From 20 to 64 years,All ISCED 2011 levels,Croatia,2022,6.5,,
ESTAT:TEPSR_WC170(1.0),11/09/25 23:00:00,Annual,Percentage,Total,From 20 to 64 years,All ISCED 2011 levels,Croatia,2023,5.8,,
ESTAT:TEPSR_WC170(1.0),11/09/25 23:00:00,Annual,Percentage,Total,From 20 to 64 years,All ISCED 2011 levels,Croatia,2024,4.7,,
ESTAT:TEPSR_WC170(1.0),11/09/25 23:00:00,Annual,Percentage,Total,From 20 to 64 years,All ISCED 2011 levels,Hungary,2005,7.0,b,
ESTAT:TEPSR_WC170(1.0),11/09/25 23:00:00,Annual,Percentage,Total,From 20 to 64 years,All ISCED 2011 levels,Hungary,2006,7.3,,
ESTAT:TEPSR_WC170(1.0),11/09/25 23:00:00,Annual,Percentage,Total,From 20 to 64 years,All ISCED 2011 levels,Hungary,2007,7.3,,
ESTAT:TEPSR_WC170(1.0),11/09/25 23:00:00,Annual,Percentage,Total,From 20 to 64 years,All ISCED 2011 levels,Hungary,2008,7.7,,
ESTAT:TEPSR_WC170(1.0),11/09/25 23:00:00,Annual,Percentage,Total,From 20 to 64 years,All ISCED 2011 levels,Hungary,2009,9.9,,
ESTAT:TEPSR_WC170(1.0),11/09/25 23:00:00,Annual,Percentage,Total,From 20 to 64 years,All ISCED 2011 levels,Hungary,2010,11.1,,
ESTAT:TEPSR_WC170(1.0),11/09/25 23:00:00,Annual,Percentage,Total,From 20 to 64 years,All ISCED 2011 levels,Hungary,2011,11.0,,
ESTAT:TEPSR_WC170(1.0),11/09/25 23:00:00,Annual,Percentage,Total,From 20 to 64 years,All ISCED 2011 levels,Hungary,2012,10.9,,
ESTAT:TEPSR_WC170(1.0),11/09/25 23:00:00,Annual,Percentage,Total,From 20 to 64 years,All ISCED 2011 levels,Hungary,2013,10.0,,
ESTAT:TEPSR_WC170(1.0),11/09/25 23:00:00,Annual,Percentage,Total,From 20 to 64 years,All ISCED 2011 levels,Hungary,2014,7.6,b,
ESTAT:TEPSR_WC170(1.0),11/09/25 23:00:00,Annual,Percentage,Total,From 20 to 64 years,All ISCED 2011 levels,Hungary,2015,6.7,,
ESTAT:TEPSR_WC170(1.0),11/09/25 23:00:00,Annual,Percentage,Total,From 20 to 64 years,All ISCED 2011 levels,Hungary,2016,5.0,,
ESTAT:TEPSR_WC170(1.0),11/09/25 23:00:00,Annual,Percentage,Total,From 20 to 64 years,All ISCED 2011 levels,Hungary,2017,4.0,,
ESTAT:TEPSR_WC170(1.0),11/09/25 23:00:00,Annual,Percentage,Total,From 20 to 64 years,All ISCED 2011 levels,Hungary,2018,3.6,b,
ESTAT:TEPSR_WC170(1.0),11/09/25 23:00:00,Annual,Percentage,Total,From 20 to 64 years,All ISCED 2011 levels,Hungary,2019,3.3,,
ESTAT:TEPSR_WC170(1.0),11/09/25 23:00:00,Annual,Percentage,Total,From 20 to 64 years,All ISCED 2011 levels,Hungary,2020,4.2,,
ESTAT:TEPSR_WC170(1.0),11/09/25 23:00:00,Annual,Percentage,Total,From 20 to 64 years,All ISCED 2011 levels,Hungary,2021,3.9,b,
ESTAT:TEPSR_WC170(1.0),11/09/25 23:00:00,Annual,Percentage,Total,From 20 to 64 years,All ISCED 2011 levels,Hungary,2022,3.5,,
ESTAT:TEPSR_WC170(1.0),11/09/25 23:00:00,Annual,Percentage,Total,From 20 to 64 years,All ISCED 2011 levels,Hungary,2023,4.0,,
ESTAT:TEPSR_WC170(1.0),11/09/25 23:00:00,Annual,Percentage,Total,From 20 to 64 years,All ISCED 2011 levels,Hungary,2024,4.3,,
ESTAT:TEPSR_WC170(1.0),11/09/25 23:00:00,Annual,Percentage,Total,From 20 to 64 years,All ISCED 2011 levels,Ireland,2005,4.1,b,
ESTAT:TEPSR_WC170(1.0),11/09/25 23:00:00,Annual,Percentage,Total,From 20 to 64 years,All ISCED 2011 levels,Ireland,2006,4.1,,
ESTAT:TEPSR_WC170(1.0),11/09/25 23:00:00,Annual,Percentage,Total,From 20 to 64 years,All ISCED 2011 levels,Ireland,2007,4.5,b,
ESTAT:TEPSR_WC170(1.0),11/09/25 23:00:00,Annual,Percentage,Total,From 20 to 64 years,All ISCED 2011 levels,Ireland,2008,6.2,,
ESTAT:TEPSR_WC170(1.0),11/09/25 23:00:00,Annual,Percentage,Total,From 20 to 64 years,All ISCED 2011 levels,Ireland,2009,12.0,,
ESTAT:TEPSR_WC170(1.0),11/09/25 23:00:00,Annual,Percentage,Total,From 20 to 64 years,All ISCED 2011 levels,Ireland,2010,14.0,,
ESTAT:TEPSR_WC170(1.0),11/09/25 23:00:00,Annual,Percentage,Total,From 20 to 64 years,All ISCED 2011 levels,Ireland,2011,14.9,,
ESTAT:TEPSR_WC170(1.0),11/09/25 23:00:00,Annual,Percentage,Total,From 20 to 64 years,All ISCED 2011 levels,Ireland,2012,14.9,,
ESTAT:TEPSR_WC170(1.0),11/09/25 23:00:00,Annual,Percentage,Total,From 20 to 64 years,All ISCED 2011 levels,Ireland,2013,13.3,,
ESTAT:TEPSR_WC170(1.0),11/09/25 23:00:00,Annual,Percentage,Total,From 20 to 64 years,All ISCED 2011 levels,Ireland,2014,11.5,b,
ESTAT:TEPSR_WC170(1.0),11/09/25 23:00:00,Annual,Percentage,Total,From 20 to 64 years,All ISCED 2011 levels,Ireland,2015,9.6,,
ESTAT:TEPSR_WC170(1.0),11/09/25 23:00:00,Annual,Percentage,Total,From 20 to 64 years,All ISCED 2011 levels,Ireland,2016,8.1,,
ESTAT:TEPSR_WC170(1.0),11/09/25 23:00:00,Annual,Percentage,Total,From 20 to 64 years,All ISCED 2011 levels,Ireland,2017,6.4,b,
ESTAT:TEPSR_WC170(1.0),11/09/25 23:00:00,Annual,Percentage,Total,From 20 to 64 years,All ISCED 2011 levels,Ireland,2018,5.4,,
ESTAT:TEPSR_WC170(1.0),11/09/25 23:00:00,Annual,Percentage,Total,From 20 to 64 years,All ISCED 2011 levels,Ireland,2019,4.6,,
ESTAT:TEPSR_WC170(1.0),11/09/25 23:00:00,Annual,Percentage,Total,From 20 to 64 years,All ISCED 2011 levels,Ireland,2020,5.3,,
ESTAT:TEPSR_WC170(1.0),11/09/25 23:00:00,Annual,Percentage,Total,From 20 to 64 years,All ISCED 2011 levels,Ireland,2021,5.7,b,
ESTAT:TEPSR_WC170(1.0),11/09/25 23:00:00,Annual,Percentage,Total,From 20 to 64 years,All ISCED 2011 levels,Ireland,2022,4.1,,
ESTAT:TEPSR_WC170(1.0),11/09/25 23:00:00,Annual,Percentage,Total,From 20 to 64 years,All ISCED 2011 levels,Ireland,2023,3.9,,
ESTAT:TEPSR_WC170(1.0),11/09/25 23:00:00,Annual,Percentage,Total,From 20 to 64 years,All ISCED 2011 levels,Ireland,2024,3.9,,
ESTAT:TEPSR_WC170(1.0),11/09/25 23:00:00,Annual,Percentage,Total,From 20 to 64 years,All ISCED 2011 levels,Iceland,2005,2.1,b,
ESTAT:TEPSR_WC170(1.0),11/09/25 23:00:00,Annual,Percentage,Total,From 20 to 64 years,All ISCED 2011 levels,Iceland,2006,2.0,,
ESTAT:TEPSR_WC170(1.0),11/09/25 23:00:00,Annual,Percentage,Total,From 20 to 64 years,All ISCED 2011 levels,Iceland,2007,1.6,,
ESTAT:TEPSR_WC170(1.0),11/09/25 23:00:00,Annual,Percentage,Total,From 20 to 64 years,All ISCED 2011 levels,Iceland,2008,2.2,,
ESTAT:TEPSR_WC170(1.0),11/09/25 23:00:00,Annual,Percentage,Total,From 20 to 64 years,All ISCED 2011 levels,Iceland,2009,6.6,,
ESTAT:TEPSR_WC170(1.0),11/09/25 23:00:00,Annual,Percentage,Total,From 20 to 64 years,All ISCED 2011 levels,Iceland,2010,6.8,,
ESTAT:TEPSR_WC170(1.0),11/09/25 23:00:00,Annual,Percentage,Total,From 20 to 64 years,All ISCED 2011 levels,Iceland,2011,6.4,,
ESTAT:TEPSR_WC170(1.0),11/09/25 23:00:00,Annual,Percentage,Total,From 20 to 64 years,All ISCED 2011 levels,Iceland,2012,5.3,,
ESTAT:TEPSR_WC170(1.0),11/09/25 23:00:00,Annual,Percentage,Total,From 20 to 64 years,All ISCED 2011 levels,Iceland,2013,4.8,,
ESTAT:TEPSR_WC170(1.0),11/09/25 23:00:00,Annual,Percentage,Total,From 20 to 64 years,All ISCED 2011 levels,Iceland,2014,4.4,b,
ESTAT:TEPSR_WC170(1.0),11/09/25 23:00:00,Annual,Percentage,Total,From 20 to 64 years,All ISCED 2011 levels,Iceland,2015,3.5,,
ESTAT:TEPSR_WC170(1.0),11/09/25 23:00:00,Annual,Percentage,Total,From 20 to 64 years,All ISCED 2011 levels,Iceland,2016,2.8,,
ESTAT:TEPSR_WC170(1.0),11/09/25 23:00:00,Annual,Percentage,Total,From 20 to 64 years,All ISCED 2011 levels,Iceland,2017,2.4,,
ESTAT:TEPSR_WC170(1.0),11/09/25 23:00:00,Annual,Percentage,Total,From 20 to 64 years,All ISCED 2011 levels,Iceland,2018,2.3,,
ESTAT:TEPSR_WC170(1.0),11/09/25 23:00:00,Annual,Percentage,Total,From 20 to 64 years,All ISCED 2011 levels,Iceland,2019,3.1,,
ESTAT:TEPSR_WC170(1.0),11/09/25 23:00:00,Annual,Percentage,Total,From 20 to 64 years,All ISCED 2011 levels,Iceland,2020,5.2,b,
ESTAT:TEPSR_WC170(1.0),11/09/25 23:00:00,Annual,Percentage,Total,From 20 to 64 years,All ISCED 2011 levels,Iceland,2021,5.8,b,
ESTAT:TEPSR_WC170(1.0),11/09/25 23:00:00,Annual,Percentage,Total,From 20 to 64 years,All ISCED 2011 levels,Iceland,2022,3.3,,
ESTAT:TEPSR_WC170(1.0),11/09/25 23:00:00,Annual,Percentage,Total,From 20 to 64 years,All ISCED 2011 levels,Iceland,2023,3.0,,
ESTAT:TEPSR_WC170(1.0),11/09/25 23:00:00,Annual,Percentage,Total,From 20 to 64 years,All ISCED 2011 levels,Iceland,2024,3.0,,
ESTAT:TEPSR_WC170(1.0),11/09/25 23:00:00,Annual,Percentage,Total,From 20 to 64 years,All ISCED 2011 levels,Italy,2005,7.4,b,
ESTAT:TEPSR_WC170(1.0),11/09/25 23:00:00,Annual,Percentage,Total,From 20 to 64 years,All ISCED 2011 levels,Italy,2006,6.5,,
ESTAT:TEPSR_WC170(1.0),11/09/25 23:00:00,Annual,Percentage,Total,From 20 to 64 years,All ISCED 2011 levels,Italy,2007,5.8,,
ESTAT:TEPSR_WC170(1.0),11/09/25 23:00:00,Annual,Percentage,Total,From 20 to 64 years,All ISCED 2011 levels,Italy,2008,6.4,,
ESTAT:TEPSR_WC170(1.0),11/09/25 23:00:00,Annual,Percentage,Total,From 20 to 64 years,All ISCED 2011 levels,Italy,2009,7.5,,
ESTAT:TEPSR_WC170(1.0),11/09/25 23:00:00,Annual,Percentage,Total,From 20 to 64 years,All ISCED 2011 levels,Italy,2010,8.1,,
ESTAT:TEPSR_WC170(1.0),11/09/25 23:00:00,Annual,Percentage,Total,From 20 to 64 years,All ISCED 2011 levels,Italy,2011,8.1,,
ESTAT:TEPSR_WC170(1.0),11/09/25 23:00:00,Annual,Percentage,Total,From 20 to 64 years,All ISCED 2011 levels,Italy,2012,10.3,,
ESTAT:TEPSR_WC170(1.0),11/09/25 23:00:00,Annual,Percentage,Total,From 20 to 64 years,All ISCED 2011 levels,Italy,2013,11.9,,
ESTAT:TEPSR_WC170(1.0),11/09/25 23:00:00,Annual,Percentage,Total,From 20 to 64 years,All ISCED 2011 levels,Italy,2014,12.5,b,
ESTAT:TEPSR_WC170(1.0),11/09/25 23:00:00,Annual,Percentage,Total,From 20 to 64 years,All ISCED 2011 levels,Italy,2015,11.7,,
ESTAT:TEPSR_WC170(1.0),11/09/25 23:00:00,Annual,Percentage,Total,From 20 to 64 years,All ISCED 2011 levels,Italy,2016,11.5,,
ESTAT:TEPSR_WC170(1.0),11/09/25 23:00:00,Annual,Percentage,Total,From 20 to 64 years,All ISCED 2011 levels,Italy,2017,11.1,,
ESTAT:TEPSR_WC170(1.0),11/09/25 23:00:00,Annual,Percentage,Total,From 20 to 64 years,All ISCED 2011 levels,Italy,2018,10.4,b,
ESTAT:TEPSR_WC170(1.0),11/09/25 23:00:00,Annual,Percentage,Total,From 20 to 64 years,All ISCED 2011 levels,Italy,2019,9.8,,
ESTAT:TEPSR_WC170(1.0),11/09/25 23:00:00,Annual,Percentage,Total,From 20 to 64 years,All ISCED 2011 levels,Italy,2020,9.1,,
ESTAT:TEPSR_WC170(1.0),11/09/25 23:00:00,Annual,Percentage,Total,From 20 to 64 years,All ISCED 2011 levels,Italy,2021,9.4,b,
ESTAT:TEPSR_WC170(1.0),11/09/25 23:00:00,Annual,Percentage,Total,From 20 to 64 years,All ISCED 2011 levels,Italy,2022,8.0,,
ESTAT:TEPSR_WC170(1.0),11/09/25 23:00:00,Annual,Percentage,Total,From 20 to 64 years,All ISCED 2011 levels,Italy,2023,7.6,,
ESTAT:TEPSR_WC170(1.0),11/09/25 23:00:00,Annual,Percentage,Total,From 20 to 64 years,All ISCED 2011 levels,Italy,2024,6.4,,
ESTAT:TEPSR_WC170(1.0),11/09/25 23:00:00,Annual,Percentage,Total,From 20 to 64 years,All ISCED 2011 levels,Lithuania,2005,8.3,b,
ESTAT:TEPSR_WC170(1.0),11/09/25 23:00:00,Annual,Percentage,Total,From 20 to 64 years,All ISCED 2011 levels,Lithuania,2006,5.7,,
ESTAT:TEPSR_WC170(1.0),11/09/25 23:00:00,Annual,Percentage,Total,From 20 to 64 years,All ISCED 2011 levels,Lithuania,2007,4.2,,
ESTAT:TEPSR_WC170(1.0),11/09/25 23:00:00,Annual,Percentage,Total,From 20 to 64 years,All ISCED 2011 levels,Lithuania,2008,5.7,,
ESTAT:TEPSR_WC170(1.0),11/09/25 23:00:00,Annual,Percentage,Total,From 20 to 64 years,All ISCED 2011 levels,Lithuania,2009,13.7,,
ESTAT:TEPSR_WC170(1.0),11/09/25 23:00:00,Annual,Percentage,Total,From 20 to 64 years,All ISCED 2011 levels,Lithuania,2010,17.8,,
ESTAT:TEPSR_WC170(1.0),11/09/25 23:00:00,Annual,Percentage,Total,From 20 to 64 years,All ISCED 2011 levels,Lithuania,2011,15.4,,
ESTAT:TEPSR_WC170(1.0),11/09/25 23:00:00,Annual,Percentage,Total,From 20 to 64 years,All ISCED 2011 levels,Lithuania,2012,13.5,,
ESTAT:TEPSR_WC170(1.0),11/09/25 23:00:00,Annual,Percentage,Total,From 20 to 64 years,All ISCED 2011 levels,Lithuania,2013,11.9,,
ESTAT:TEPSR_WC170(1.0),11/09/25 23:00:00,Annual,Percentage,Total,From 20 to 64 years,All ISCED 2011 levels,Lithuania,2014,10.8,b,
ESTAT:TEPSR_WC170(1.0),11/09/25 23:00:00,Annual,Percentage,Total,From 20 to 64 years,All ISCED 2011 levels,Lithuania,2015,9.2,,
ESTAT:TEPSR_WC170(1.0),11/09/25 23:00:00,Annual,Percentage,Total,From 20 to 64 years,All ISCED 2011 levels,Lithuania,2016,8.0,,
ESTAT:TEPSR_WC170(1.0),11/09/25 23:00:00,Annual,Percentage,Total,From 20 to 64 years,All ISCED 2011 levels,Lithuania,2017,7.2,,
ESTAT:TEPSR_WC170(1.0),11/09/25 23:00:00,Annual,Percentage,Total,From 20 to 64 years,All ISCED 2011 levels,Lithuania,2018,6.3,,
ESTAT:TEPSR_WC170(1.0),11/09/25 23:00:00,Annual,Percentage,Total,From 20 to 64 years,All ISCED 2011 levels,Lithuania,2019,6.4,,
ESTAT:TEPSR_WC170(1.0),11/09/25 23:00:00,Annual,Percentage,Total,From 20 to 64 years,All ISCED 2011 levels,Lithuania,2020,8.7,,
ESTAT:TEPSR_WC170(1.0),11/09/25 23:00:00,Annual,Percentage,Total,From 20 to 64 years,All ISCED 2011 levels,Lithuania,2021,7.3,b,
ESTAT:TEPSR_WC170(1.0),11/09/25 23:00:00,Annual,Percentage,Total,From 20 to 64 years,All ISCED 2011 levels,Lithuania,2022,6.1,,
ESTAT:TEPSR_WC170(1.0),11/09/25 23:00:00,Annual,Percentage,Total,From 20 to 64 years,All ISCED 2011 levels,Lithuania,2023,7.0,,
ESTAT:TEPSR_WC170(1.0),11/09/25 23:00:00,Annual,Percentage,Total,From 20 to 64 years,All ISCED 2011 levels,Lithuania,2024,7.2,,
ESTAT:TEPSR_WC170(1.0),11/09/25 23:00:00,Annual,Percentage,Total,From 20 to 64 years,All ISCED 2011 levels,Luxembourg,2005,4.3,b,
ESTAT:TEPSR_WC170(1.0),11/09/25 23:00:00,Annual,Percentage,Total,From 20 to 64 years,All ISCED 2011 levels,Luxembourg,2006,4.4,,
ESTAT:TEPSR_WC170(1.0),11/09/25 23:00:00,Annual,Percentage,Total,From 20 to 64 years,All ISCED 2011 levels,Luxembourg,2007,3.8,b,
ESTAT:TEPSR_WC170(1.0),11/09/25 23:00:00,Annual,Percentage,Total,From 20 to 64 years,All ISCED 2011 levels,Luxembourg,2008,4.9,,
ESTAT:TEPSR_WC170(1.0),11/09/25 23:00:00,Annual,Percentage,Total,From 20 to 64 years,All ISCED 2011 levels,Luxembourg,2009,4.9,b,
ESTAT:TEPSR_WC170(1.0),11/09/25 23:00:00,Annual,Percentage,Total,From 20 to 64 years,All ISCED 2011 levels,Luxembourg,2010,4.2,,
ESTAT:TEPSR_WC170(1.0),11/09/25 23:00:00,Annual,Percentage,Total,From 20 to 64 years,All ISCED 2011 levels,Luxembourg,2011,4.8,,
ESTAT:TEPSR_WC170(1.0),11/09/25 23:00:00,Annual,Percentage,Total,From 20 to 64 years,All ISCED 2011 levels,Luxembourg,2012,5.0,,
ESTAT:TEPSR_WC170(1.0),11/09/25 23:00:00,Annual,Percentage,Total,From 20 to 64 years,All ISCED 2011 levels,Luxembourg,2013,5.7,,
ESTAT:TEPSR_WC170(1.0),11/09/25 23:00:00,Annual,Percentage,Total,From 20 to 64 years,All ISCED 2011 levels,Luxembourg,2014,5.6,b,
ESTAT:TEPSR_WC170(1.0),11/09/25 23:00:00,Annual,Percentage,Total,From 20 to 64 years,All ISCED 2011 levels,Luxembourg,2015,6.3,b,
ESTAT:TEPSR_WC170(1.0),11/09/25 23:00:00,Annual,Percentage,Total,From 20 to 64 years,All ISCED 2011 levels,Luxembourg,2016,5.9,,
ESTAT:TEPSR_WC170(1.0),11/09/25 23:00:00,Annual,Percentage,Total,From 20 to 64 years,All ISCED 2011 levels,Luxembourg,2017,5.3,,
ESTAT:TEPSR_WC170(1.0),11/09/25 23:00:00,Annual,Percentage,Total,From 20 to 64 years,All ISCED 2011 levels,Luxembourg,2018,5.3,,
ESTAT:TEPSR_WC170(1.0),11/09/25 23:00:00,Annual,Percentage,Total,From 20 to 64 years,All ISCED 2011 levels,Luxembourg,2019,5.3,,
ESTAT:TEPSR_WC170(1.0),11/09/25 23:00:00,Annual,Percentage,Total,From 20 to 64 years,All ISCED 2011 levels,Luxembourg,2020,6.5,,
ESTAT:TEPSR_WC170(1.0),11/09/25 23:00:00,Annual,Percentage,Total,From 20 to 64 years,All ISCED 2011 levels,Luxembourg,2021,4.8,b,
ESTAT:TEPSR_WC170(1.0),11/09/25 23:00:00,Annual,Percentage,Total,From 20 to 64 years,All ISCED 2011 levels,Luxembourg,2022,4.1,,
ESTAT:TEPSR_WC170(1.0),11/09/25 23:00:00,Annual,Percentage,Total,From 20 to 64 years,All ISCED 2011 levels,Luxembourg,2023,4.6,,
ESTAT:TEPSR_WC170(1.0),11/09/25 23:00:00,Annual,Percentage,Total,From 20 to 64 years,All ISCED 2011 levels,Luxembourg,2024,5.8,,
ESTAT:TEPSR_WC170(1.0),11/09/25 23:00:00,Annual,Percentage,Total,From 20 to 64 years,All ISCED 2011 levels,Latvia,2005,9.7,b,
ESTAT:TEPSR_WC170(1.0),11/09/25 23:00:00,Annual,Percentage,Total,From 20 to 64 years,All ISCED 2011 levels,Latvia,2006,6.7,,
ESTAT:TEPSR_WC170(1.0),11/09/25 23:00:00,Annual,Percentage,Total,From 20 to 64 years,All ISCED 2011 levels,Latvia,2007,5.8,,
ESTAT:TEPSR_WC170(1.0),11/09/25 23:00:00,Annual,Percentage,Total,From 20 to 64 years,All ISCED 2011 levels,Latvia,2008,7.6,,
ESTAT:TEPSR_WC170(1.0),11/09/25 23:00:00,Annual,Percentage,Total,From 20 to 64 years,All ISCED 2011 levels,Latvia,2009,17.3,,
ESTAT:TEPSR_WC170(1.0),11/09/25 23:00:00,Annual,Percentage,Total,From 20 to 64 years,All ISCED 2011 levels,Latvia,2010,19.3,,
ESTAT:TEPSR_WC170(1.0),11/09/25 23:00:00,Annual,Percentage,Total,From 20 to 64 years,All ISCED 2011 levels,Latvia,2011,16.1,,
ESTAT:TEPSR_WC170(1.0),11/09/25 23:00:00,Annual,Percentage,Total,From 20 to 64 years,All ISCED 2011 levels,Latvia,2012,14.9,,
ESTAT:TEPSR_WC170(1.0),11/09/25 23:00:00,Annual,Percentage,Total,From 20 to 64 years,All ISCED 2011 levels,Latvia,2013,11.9,,
ESTAT:TEPSR_WC170(1.0),11/09/25 23:00:00,Annual,Percentage,Total,From 20 to 64 years,All ISCED 2011 levels,Latvia,2014,10.9,b,
ESTAT:TEPSR_WC170(1.0),11/09/25 23:00:00,Annual,Percentage,Total,From 20 to 64 years,All ISCED 2011 levels,Latvia,2015,9.9,,
ESTAT:TEPSR_WC170(1.0),11/09/25 23:00:00,Annual,Percentage,Total,From 20 to 64 years,All ISCED 2011 levels,Latvia,2016,9.8,,
ESTAT:TEPSR_WC170(1.0),11/09/25 23:00:00,Annual,Percentage,Total,From 20 to 64 years,All ISCED 2011 levels,Latvia,2017,8.8,,
ESTAT:TEPSR_WC170(1.0),11/09/25 23:00:00,Annual,Percentage,Total,From 20 to 64 years,All ISCED 2011 levels,Latvia,2018,7.5,,
ESTAT:TEPSR_WC170(1.0),11/09/25 23:00:00,Annual,Percentage,Total,From 20 to 64 years,All ISCED 2011 levels,Latvia,2019,6.4,,
ESTAT:TEPSR_WC170(1.0),11/09/25 23:00:00,Annual,Percentage,Total,From 20 to 64 years,All ISCED 2011 levels,Latvia,2020,8.3,,
ESTAT:TEPSR_WC170(1.0),11/09/25 23:00:00,Annual,Percentage,Total,From 20 to 64 years,All ISCED 2011 levels,Latvia,2021,7.7,b,
ESTAT:TEPSR_WC170(1.0),11/09/25 23:00:00,Annual,Percentage,Total,From 20 to 64 years,All ISCED 2011 levels,Latvia,2022,6.9,,
ESTAT:TEPSR_WC170(1.0),11/09/25 23:00:00,Annual,Percentage,Total,From 20 to 64 years,All ISCED 2011 levels,Latvia,2023,6.7,,
ESTAT:TEPSR_WC170(1.0),11/09/25 23:00:00,Annual,Percentage,Total,From 20 to 64 years,All ISCED 2011 levels,Latvia,2024,7.1,,
ESTAT:TEPSR_WC170(1.0),11/09/25 23:00:00,Annual,Percentage,Total,From 20 to 64 years,All ISCED 2011 levels,Montenegro,2011,19.6,,
ESTAT:TEPSR_WC170(1.0),11/09/25 23:00:00,Annual,Percentage,Total,From 20 to 64 years,All ISCED 2011 levels,Montenegro,2012,19.6,,
ESTAT:TEPSR_WC170(1.0),11/09/25 23:00:00,Annual,Percentage,Total,From 20 to 64 years,All ISCED 2011 levels,Montenegro,2013,19.0,,
ESTAT:TEPSR_WC170(1.0),11/09/25 23:00:00,Annual,Percentage,Total,From 20 to 64 years,All ISCED 2011 levels,Montenegro,2014,17.8,b,
ESTAT:TEPSR_WC170(1.0),11/09/25 23:00:00,Annual,Percentage,Total,From 20 to 64 years,All ISCED 2011 levels,Montenegro,2015,17.2,,
ESTAT:TEPSR_WC170(1.0),11/09/25 23:00:00,Annual,Percentage,Total,From 20 to 64 years,All ISCED 2011 levels,Montenegro,2016,17.3,,
ESTAT:TEPSR_WC170(1.0),11/09/25 23:00:00,Annual,Percentage,Total,From 20 to 64 years,All ISCED 2011 levels,Montenegro,2017,16.0,,
ESTAT:TEPSR_WC170(1.0),11/09/25 23:00:00,Annual,Percentage,Total,From 20 to 64 years,All ISCED 2011 levels,Montenegro,2018,15.2,,
ESTAT:TEPSR_WC170(1.0),11/09/25 23:00:00,Annual,Percentage,Total,From 20 to 64 years,All ISCED 2011 levels,Montenegro,2019,15.2,,
ESTAT:TEPSR_WC170(1.0),11/09/25 23:00:00,Annual,Percentage,Total,From 20 to 64 years,All ISCED 2011 levels,Montenegro,2020,17.8,,
ESTAT:TEPSR_WC170(1.0),11/09/25 23:00:00,Annual,Percentage,Total,From 20 to 64 years,All ISCED 2011 levels,North Macedonia,2006,35.4,,
ESTAT:TEPSR_WC170(1.0),11/09/25 23:00:00,Annual,Percentage,Total,From 20 to 64 years,All ISCED 2011 levels,North Macedonia,2007,34.3,,
ESTAT:TEPSR_WC170(1.0),11/09/25 23:00:00,Annual,Percentage,Total,From 20 to 64 years,All ISCED 2011 levels,North Macedonia,2008,33.3,,
ESTAT:TEPSR_WC170(1.0),11/09/25 23:00:00,Annual,Percentage,Total,From 20 to 64 years,All ISCED 2011 levels,North Macedonia,2009,31.7,,
ESTAT:TEPSR_WC170(1.0),11/09/25 23:00:00,Annual,Percentage,Total,From 20 to 64 years,All ISCED 2011 levels,North Macedonia,2010,31.6,,
ESTAT:TEPSR_WC170(1.0),11/09/25 23:00:00,Annual,Percentage,Total,From 20 to 64 years,All ISCED 2011 levels,North Macedonia,2011,31.0,,
ESTAT:TEPSR_WC170(1.0),11/09/25 23:00:00,Annual,Percentage,Total,From 20 to 64 years,All ISCED 2011 levels,North Macedonia,2012,30.7,,
ESTAT:TEPSR_WC170(1.0),11/09/25 23:00:00,Annual,Percentage,Total,From 20 to 64 years,All ISCED 2011 levels,North Macedonia,2013,28.5,,
ESTAT:TEPSR_WC170(1.0),11/09/25 23:00:00,Annual,Percentage,Total,From 20 to 64 years,All ISCED 2011 levels,North Macedonia,2014,27.5,b,
ESTAT:TEPSR_WC170(1.0),11/09/25 23:00:00,Annual,Percentage,Total,From 20 to 64 years,All ISCED 2011 levels,North Macedonia,2015,26.0,,
ESTAT:TEPSR_WC170(1.0),11/09/25 23:00:00,Annual,Percentage,Total,From 20 to 64 years,All ISCED 2011 levels,North Macedonia,2016,23.4,,
ESTAT:TEPSR_WC170(1.0),11/09/25 23:00:00,Annual,Percentage,Total,From 20 to 64 years,All ISCED 2011 levels,North Macedonia,2017,22.0,,
ESTAT:TEPSR_WC170(1.0),11/09/25 23:00:00,Annual,Percentage,Total,From 20 to 64 years,All ISCED 2011 levels,North Macedonia,2018,20.4,,
ESTAT:TEPSR_WC170(1.0),11/09/25 23:00:00,Annual,Percentage,Total,From 20 to 64 years,All ISCED 2011 levels,North Macedonia,2019,17.2,,
ESTAT:TEPSR_WC170(1.0),11/09/25 23:00:00,Annual,Percentage,Total,From 20 to 64 years,All ISCED 2011 levels,North Macedonia,2020,16.3,,
ESTAT:TEPSR_WC170(1.0),11/09/25 23:00:00,Annual,Percentage,Total,From 20 to 64 years,All ISCED 2011 levels,Malta,2005,5.6,b,
ESTAT:TEPSR_WC170(1.0),11/09/25 23:00:00,Annual,Percentage,Total,From 20 to 64 years,All ISCED 2011 levels,Malta,2006,5.6,,
ESTAT:TEPSR_WC170(1.0),11/09/25 23:00:00,Annual,Percentage,Total,From 20 to 64 years,All ISCED 2011 levels,Malta,2007,5.4,,
ESTAT:TEPSR_WC170(1.0),11/09/25 23:00:00,Annual,Percentage,Total,From 20 to 64 years,All ISCED 2011 levels,Malta,2008,4.9,,
ESTAT:TEPSR_WC170(1.0),11/09/25 23:00:00,Annual,Percentage,Total,From 20 to 64 years,All ISCED 2011 levels,Malta,2009,5.9,,
ESTAT:TEPSR_WC170(1.0),11/09/25 23:00:00,Annual,Percentage,Total,From 20 to 64 years,All ISCED 2011 levels,Malta,2010,6.0,,
ESTAT:TEPSR_WC170(1.0),11/09/25 23:00:00,Annual,Percentage,Total,From 20 to 64 years,All ISCED 2011 levels,Malta,2011,5.6,b,
ESTAT:TEPSR_WC170(1.0),11/09/25 23:00:00,Annual,Percentage,Total,From 20 to 64 years,All ISCED 2011 levels,Malta,2012,5.3,,
ESTAT:TEPSR_WC170(1.0),11/09/25 23:00:00,Annual,Percentage,Total,From 20 to 64 years,All ISCED 2011 levels,Malta,2013,5.5,,
ESTAT:TEPSR_WC170(1.0),11/09/25 23:00:00,Annual,Percentage,Total,From 20 to 64 years,All ISCED 2011 levels,Malta,2014,5.3,b,
ESTAT:TEPSR_WC170(1.0),11/09/25 23:00:00,Annual,Percentage,Total,From 20 to 64 years,All ISCED 2011 levels,Malta,2015,4.9,,
ESTAT:TEPSR_WC170(1.0),11/09/25 23:00:00,Annual,Percentage,Total,From 20 to 64 years,All ISCED 2011 levels,Malta,2016,4.3,,
ESTAT:TEPSR_WC170(1.0),11/09/25 23:00:00,Annual,Percentage,Total,From 20 to 64 years,All ISCED 2011 levels,Malta,2017,3.6,,
ESTAT:TEPSR_WC170(1.0),11/09/25 23:00:00,Annual,Percentage,Total,From 20 to 64 years,All ISCED 2011 levels,Malta,2018,3.6,,
ESTAT:TEPSR_WC170(1.0),11/09/25 23:00:00,Annual,Percentage,Total,From 20 to 64 years,All ISCED 2011 levels,Malta,2019,3.8,,
ESTAT:TEPSR_WC170(1.0),11/09/25 23:00:00,Annual,Percentage,Total,From 20 to 64 years,All ISCED 2011 levels,Malta,2020,4.7,,
ESTAT:TEPSR_WC170(1.0),11/09/25 23:00:00,Annual,Percentage,Total,From 20 to 64 years,All ISCED 2011 levels,Malta,2021,3.5,b,
ESTAT:TEPSR_WC170(1.0),11/09/25 23:00:00,Annual,Percentage,Total,From 20 to 64 years,All ISCED 2011 levels,Malta,2022,3.2,,
ESTAT:TEPSR_WC170(1.0),11/09/25 23:00:00,Annual,Percentage,Total,From 20 to 64 years,All ISCED 2011 levels,Malta,2023,3.2,,
ESTAT:TEPSR_WC170(1.0),11/09/25 23:00:00,Annual,Percentage,Total,From 20 to 64 years,All ISCED 2011 levels,Malta,2024,2.9,,
ESTAT:TEPSR_WC170(1.0),11/09/25 23:00:00,Annual,Percentage,Total,From 20 to 64 years,All ISCED 2011 levels,Netherlands,2005,5.4,b,
ESTAT:TEPSR_WC170(1.0),11/09/25 23:00:00,Annual,Percentage,Total,From 20 to 64 years,All ISCED 2011 levels,Netherlands,2006,4.5,b,
ESTAT:TEPSR_WC170(1.0),11/09/25 23:00:00,Annual,Percentage,Total,From 20 to 64 years,All ISCED 2011 levels,Netherlands,2007,3.6,,
ESTAT:TEPSR_WC170(1.0),11/09/25 23:00:00,Annual,Percentage,Total,From 20 to 64 years,All ISCED 2011 levels,Netherlands,2008,3.1,,
ESTAT:TEPSR_WC170(1.0),11/09/25 23:00:00,Annual,Percentage,Total,From 20 to 64 years,All ISCED 2011 levels,Netherlands,2009,3.8,,
ESTAT:TEPSR_WC170(1.0),11/09/25 23:00:00,Annual,Percentage,Total,From 20 to 64 years,All ISCED 2011 levels,Netherlands,2010,4.4,,
ESTAT:TEPSR_WC170(1.0),11/09/25 23:00:00,Annual,Percentage,Total,From 20 to 64 years,All ISCED 2011 levels,Netherlands,2011,4.4,,
ESTAT:TEPSR_WC170(1.0),11/09/25 23:00:00,Annual,Percentage,Total,From 20 to 64 years,All ISCED 2011 levels,Netherlands,2012,5.2,,
ESTAT:TEPSR_WC170(1.0),11/09/25 23:00:00,Annual,Percentage,Total,From 20 to 64 years,All ISCED 2011 levels,Netherlands,2013,6.7,b,
ESTAT:TEPSR_WC170(1.0),11/09/25 23:00:00,Annual,Percentage,Total,From 20 to 64 years,All ISCED 2011 levels,Netherlands,2014,6.9,b,
ESTAT:TEPSR_WC170(1.0),11/09/25 23:00:00,Annual,Percentage,Total,From 20 to 64 years,All ISCED 2011 levels,Netherlands,2015,6.4,,
ESTAT:TEPSR_WC170(1.0),11/09/25 23:00:00,Annual,Percentage,Total,From 20 to 64 years,All ISCED 2011 levels,Netherlands,2016,5.5,,
ESTAT:TEPSR_WC170(1.0),11/09/25 23:00:00,Annual,Percentage,Total,From 20 to 64 years,All ISCED 2011 levels,Netherlands,2017,4.4,,
ESTAT:TEPSR_WC170(1.0),11/09/25 23:00:00,Annual,Percentage,Total,From 20 to 64 years,All ISCED 2011 levels,Netherlands,2018,3.4,,
ESTAT:TEPSR_WC170(1.0),11/09/25 23:00:00,Annual,Percentage,Total,From 20 to 64 years,All ISCED 2011 levels,Netherlands,2019,3.0,b,
ESTAT:TEPSR_WC170(1.0),11/09/25 23:00:00,Annual,Percentage,Total,From 20 to 64 years,All ISCED 2011 levels,Netherlands,2020,3.3,,
ESTAT:TEPSR_WC170(1.0),11/09/25 23:00:00,Annual,Percentage,Total,From 20 to 64 years,All ISCED 2011 levels,Netherlands,2021,3.5,b,
ESTAT:TEPSR_WC170(1.0),11/09/25 23:00:00,Annual,Percentage,Total,From 20 to 64 years,All ISCED 2011 levels,Netherlands,2022,2.9,,
ESTAT:TEPSR_WC170(1.0),11/09/25 23:00:00,Annual,Percentage,Total,From 20 to 64 years,All ISCED 2011 levels,Netherlands,2023,2.9,,
ESTAT:TEPSR_WC170(1.0),11/09/25 23:00:00,Annual,Percentage,Total,From 20 to 64 years,All ISCED 2011 levels,Netherlands,2024,3.0,,
ESTAT:TEPSR_WC170(1.0),11/09/25 23:00:00,Annual,Percentage,Total,From 20 to 64 years,All ISCED 2011 levels,Norway,2005,3.8,b,
ESTAT:TEPSR_WC170(1.0),11/09/25 23:00:00,Annual,Percentage,Total,From 20 to 64 years,All ISCED 2011 levels,Norway,2006,3.0,b,
ESTAT:TEPSR_WC170(1.0),11/09/25 23:00:00,Annual,Percentage,Total,From 20 to 64 years,All ISCED 2011 levels,Norway,2007,2.1,,
ESTAT:TEPSR_WC170(1.0),11/09/25 23:00:00,Annual,Percentage,Total,From 20 to 64 years,All ISCED 2011 levels,Norway,2008,2.0,,
ESTAT:TEPSR_WC170(1.0),11/09/25 23:00:00,Annual,Percentage,Total,From 20 to 64 years,All ISCED 2011 levels,Norway,2009,2.6,,
ESTAT:TEPSR_WC170(1.0),11/09/25 23:00:00,Annual,Percentage,Total,From 20 to 64 years,All ISCED 2011 levels,Norway,2010,3.1,,
ESTAT:TEPSR_WC170(1.0),11/09/25 23:00:00,Annual,Percentage,Total,From 20 to 64 years,All ISCED 2011 levels,Norway,2011,2.9,,
ESTAT:TEPSR_WC170(1.0),11/09/25 23:00:00,Annual,Percentage,Total,From 20 to 64 years,All ISCED 2011 levels,Norway,2012,2.8,,
ESTAT:TEPSR_WC170(1.0),11/09/25 23:00:00,Annual,Percentage,Total,From 20 to 64 years,All ISCED 2011 levels,Norway,2013,3.0,,
ESTAT:TEPSR_WC170(1.0),11/09/25 23:00:00,Annual,Percentage,Total,From 20 to 64 years,All ISCED 2011 levels,Norway,2014,3.3,b,
ESTAT:TEPSR_WC170(1.0),11/09/25 23:00:00,Annual,Percentage,Total,From 20 to 64 years,All ISCED 2011 levels,Norway,2015,4.0,,
ESTAT:TEPSR_WC170(1.0),11/09/25 23:00:00,Annual,Percentage,Total,From 20 to 64 years,All ISCED 2011 levels,Norway,2016,4.3,,
ESTAT:TEPSR_WC170(1.0),11/09/25 23:00:00,Annual,Percentage,Total,From 20 to 64 years,All ISCED 2011 levels,Norway,2017,3.8,,
ESTAT:TEPSR_WC170(1.0),11/09/25 23:00:00,Annual,Percentage,Total,From 20 to 64 years,All ISCED 2011 levels,Norway,2018,3.4,,
ESTAT:TEPSR_WC170(1.0),11/09/25 23:00:00,Annual,Percentage,Total,From 20 to 64 years,All ISCED 2011 levels,Norway,2019,3.3,,
ESTAT:TEPSR_WC170(1.0),11/09/25 23:00:00,Annual,Percentage,Total,From 20 to 64 years,All ISCED 2011 levels,Norway,2020,4.0,,
ESTAT:TEPSR_WC170(1.0),11/09/25 23:00:00,Annual,Percentage,Total,From 20 to 64 years,All ISCED 2011 levels,Norway,2021,3.7,b,
ESTAT:TEPSR_WC170(1.0),11/09/25 23:00:00,Annual,Percentage,Total,From 20 to 64 years,All ISCED 2011 levels,Norway,2022,2.6,,
ESTAT:TEPSR_WC170(1.0),11/09/25 23:00:00,Annual,Percentage,Total,From 20 to 64 years,All ISCED 2011 levels,Norway,2023,2.8,,
ESTAT:TEPSR_WC170(1.0),11/09/25 23:00:00,Annual,Percentage,Total,From 20 to 64 years,All ISCED 2011 levels,Norway,2024,3.1,,
ESTAT:TEPSR_WC170(1.0),11/09/25 23:00:00,Annual,Percentage,Total,From 20 to 64 years,All ISCED 2011 levels,Poland,2005,17.7,b,
ESTAT:TEPSR_WC170(1.0),11/09/25 23:00:00,Annual,Percentage,Total,From 20 to 64 years,All ISCED 2011 levels,Poland,2006,13.8,,
ESTAT:TEPSR_WC170(1.0),11/09/25 23:00:00,Annual,Percentage,Total,From 20 to 64 years,All ISCED 2011 levels,Poland,2007,9.6,,
ESTAT:TEPSR_WC170(1.0),11/09/25 23:00:00,Annual,Percentage,Total,From 20 to 64 years,All ISCED 2011 levels,Poland,2008,7.0,,
ESTAT:TEPSR_WC170(1.0),11/09/25 23:00:00,Annual,Percentage,Total,From 20 to 64 years,All ISCED 2011 levels,Poland,2009,8.1,,
ESTAT:TEPSR_WC170(1.0),11/09/25 23:00:00,Annual,Percentage,Total,From 20 to 64 years,All ISCED 2011 levels,Poland,2010,9.5,b,
ESTAT:TEPSR_WC170(1.0),11/09/25 23:00:00,Annual,Percentage,Total,From 20 to 64 years,All ISCED 2011 levels,Poland,2011,9.5,,
ESTAT:TEPSR_WC170(1.0),11/09/25 23:00:00,Annual,Percentage,Total,From 20 to 64 years,All ISCED 2011 levels,Poland,2012,10.0,,
ESTAT:TEPSR_WC170(1.0),11/09/25 23:00:00,Annual,Percentage,Total,From 20 to 64 years,All ISCED 2011 levels,Poland,2013,10.2,,
ESTAT:TEPSR_WC170(1.0),11/09/25 23:00:00,Annual,Percentage,Total,From 20 to 64 years,All ISCED 2011 levels,Poland,2014,8.9,b,
ESTAT:TEPSR_WC170(1.0),11/09/25 23:00:00,Annual,Percentage,Total,From 20 to 64 years,All ISCED 2011 levels,Poland,2015,7.4,,
ESTAT:TEPSR_WC170(1.0),11/09/25 23:00:00,Annual,Percentage,Total,From 20 to 64 years,All ISCED 2011 levels,Poland,2016,6.1,,
ESTAT:TEPSR_WC170(1.0),11/09/25 23:00:00,Annual,Percentage,Total,From 20 to 64 years,All ISCED 2011 levels,Poland,2017,4.8,,
ESTAT:TEPSR_WC170(1.0),11/09/25 23:00:00,Annual,Percentage,Total,From 20 to 64 years,All ISCED 2011 levels,Poland,2018,3.8,,
ESTAT:TEPSR_WC170(1.0),11/09/25 23:00:00,Annual,Percentage,Total,From 20 to 64 years,All ISCED 2011 levels,Poland,2019,3.2,b,
ESTAT:TEPSR_WC170(1.0),11/09/25 23:00:00,Annual,Percentage,Total,From 20 to 64 years,All ISCED 2011 levels,Poland,2020,3.1,,
ESTAT:TEPSR_WC170(1.0),11/09/25 23:00:00,Annual,Percentage,Total,From 20 to 64 years,All ISCED 2011 levels,Poland,2021,3.4,b,
ESTAT:TEPSR_WC170(1.0),11/09/25 23:00:00,Annual,Percentage,Total,From 20 to 64 years,All ISCED 2011 levels,Poland,2022,2.8,,
ESTAT:TEPSR_WC170(1.0),11/09/25 23:00:00,Annual,Percentage,Total,From 20 to 64 years,All ISCED 2011 levels,Poland,2023,2.8,,
ESTAT:TEPSR_WC170(1.0),11/09/25 23:00:00,Annual,Percentage,Total,From 20 to 64 years,All ISCED 2011 levels,Poland,2024,2.8,,
ESTAT:TEPSR_WC170(1.0),11/09/25 23:00:00,Annual,Percentage,Total,From 20 to 64 years,All ISCED 2011 levels,Portugal,2005,7.8,b,
ESTAT:TEPSR_WC170(1.0),11/09/25 23:00:00,Annual,Percentage,Total,From 20 to 64 years,All ISCED 2011 levels,Portugal,2006,7.8,,
ESTAT:TEPSR_WC170(1.0),11/09/25 23:00:00,Annual,Percentage,Total,From 20 to 64 years,All ISCED 2011 levels,Portugal,2007,8.2,,
ESTAT:TEPSR_WC170(1.0),11/09/25 23:00:00,Annual,Percentage,Total,From 20 to 64 years,All ISCED 2011 levels,Portugal,2008,7.7,,
ESTAT:TEPSR_WC170(1.0),11/09/25 23:00:00,Annual,Percentage,Total,From 20 to 64 years,All ISCED 2011 levels,Portugal,2009,9.7,,
ESTAT:TEPSR_WC170(1.0),11/09/25 23:00:00,Annual,Percentage,Total,From 20 to 64 years,All ISCED 2011 levels,Portugal,2010,11.1,,
ESTAT:TEPSR_WC170(1.0),11/09/25 23:00:00,Annual,Percentage,Total,From 20 to 64 years,All ISCED 2011 levels,Portugal,2011,12.8,b,
ESTAT:TEPSR_WC170(1.0),11/09/25 23:00:00,Annual,Percentage,Total,From 20 to 64 years,All ISCED 2011 levels,Portugal,2012,15.8,,
ESTAT:TEPSR_WC170(1.0),11/09/25 23:00:00,Annual,Percentage,Total,From 20 to 64 years,All ISCED 2011 levels,Portugal,2013,16.6,,
ESTAT:TEPSR_WC170(1.0),11/09/25 23:00:00,Annual,Percentage,Total,From 20 to 64 years,All ISCED 2011 levels,Portugal,2014,14.0,b,
ESTAT:TEPSR_WC170(1.0),11/09/25 23:00:00,Annual,Percentage,Total,From 20 to 64 years,All ISCED 2011 levels,Portugal,2015,12.5,,
ESTAT:TEPSR_WC170(1.0),11/09/25 23:00:00,Annual,Percentage,Total,From 20 to 64 years,All ISCED 2011 levels,Portugal,2016,11.2,,
ESTAT:TEPSR_WC170(1.0),11/09/25 23:00:00,Annual,Percentage,Total,From 20 to 64 years,All ISCED 2011 levels,Portugal,2017,8.9,,
ESTAT:TEPSR_WC170(1.0),11/09/25 23:00:00,Annual,Percentage,Total,From 20 to 64 years,All ISCED 2011 levels,Portugal,2018,6.9,,
ESTAT:TEPSR_WC170(1.0),11/09/25 23:00:00,Annual,Percentage,Total,From 20 to 64 years,All ISCED 2011 levels,Portugal,2019,6.4,,
ESTAT:TEPSR_WC170(1.0),11/09/25 23:00:00,Annual,Percentage,Total,From 20 to 64 years,All ISCED 2011 levels,Portugal,2020,6.9,,
ESTAT:TEPSR_WC170(1.0),11/09/25 23:00:00,Annual,Percentage,Total,From 20 to 64 years,All ISCED 2011 levels,Portugal,2021,6.7,b,
ESTAT:TEPSR_WC170(1.0),11/09/25 23:00:00,Annual,Percentage,Total,From 20 to 64 years,All ISCED 2011 levels,Portugal,2022,6.1,,
ESTAT:TEPSR_WC170(1.0),11/09/25 23:00:00,Annual,Percentage,Total,From 20 to 64 years,All ISCED 2011 levels,Portugal,2023,6.4,,
ESTAT:TEPSR_WC170(1.0),11/09/25 23:00:00,Annual,Percentage,Total,From 20 to 64 years,All ISCED 2011 levels,Portugal,2024,6.3,,
ESTAT:TEPSR_WC170(1.0),11/09/25 23:00:00,Annual,Percentage,Total,From 20 to 64 years,All ISCED 2011 levels,Romania,2005,7.0,b,
ESTAT:TEPSR_WC170(1.0),11/09/25 23:00:00,Annual,Percentage,Total,From 20 to 64 years,All ISCED 2011 levels,Romania,2006,7.0,,
ESTAT:TEPSR_WC170(1.0),11/09/25 23:00:00,Annual,Percentage,Total,From 20 to 64 years,All ISCED 2011 levels,Romania,2007,6.3,,
ESTAT:TEPSR_WC170(1.0),11/09/25 23:00:00,Annual,Percentage,Total,From 20 to 64 years,All ISCED 2011 levels,Romania,2008,5.6,,
ESTAT:TEPSR_WC170(1.0),11/09/25 23:00:00,Annual,Percentage,Total,From 20 to 64 years,All ISCED 2011 levels,Romania,2009,6.7,,
ESTAT:TEPSR_WC170(1.0),11/09/25 23:00:00,Annual,Percentage,Total,From 20 to 64 years,All ISCED 2011 levels,Romania,2010,7.0,b,
ESTAT:TEPSR_WC170(1.0),11/09/25 23:00:00,Annual,Percentage,Total,From 20 to 64 years,All ISCED 2011 levels,Romania,2011,7.2,,
ESTAT:TEPSR_WC170(1.0),11/09/25 23:00:00,Annual,Percentage,Total,From 20 to 64 years,All ISCED 2011 levels,Romania,2012,6.7,,
ESTAT:TEPSR_WC170(1.0),11/09/25 23:00:00,Annual,Percentage,Total,From 20 to 64 years,All ISCED 2011 levels,Romania,2013,7.1,,
ESTAT:TEPSR_WC170(1.0),11/09/25 23:00:00,Annual,Percentage,Total,From 20 to 64 years,All ISCED 2011 levels,Romania,2014,6.7,b,
ESTAT:TEPSR_WC170(1.0),11/09/25 23:00:00,Annual,Percentage,Total,From 20 to 64 years,All ISCED 2011 levels,Romania,2015,6.7,,
ESTAT:TEPSR_WC170(1.0),11/09/25 23:00:00,Annual,Percentage,Total,From 20 to 64 years,All ISCED 2011 levels,Romania,2016,5.7,,
ESTAT:TEPSR_WC170(1.0),11/09/25 23:00:00,Annual,Percentage,Total,From 20 to 64 years,All ISCED 2011 levels,Romania,2017,4.8,,
ESTAT:TEPSR_WC170(1.0),11/09/25 23:00:00,Annual,Percentage,Total,From 20 to 64 years,All ISCED 2011 levels,Romania,2018,4.0,,
ESTAT:TEPSR_WC170(1.0),11/09/25 23:00:00,Annual,Percentage,Total,From 20 to 64 years,All ISCED 2011 levels,Romania,2019,3.7,,
ESTAT:TEPSR_WC170(1.0),11/09/25 23:00:00,Annual,Percentage,Total,From 20 to 64 years,All ISCED 2011 levels,Romania,2020,4.8,,
ESTAT:TEPSR_WC170(1.0),11/09/25 23:00:00,Annual,Percentage,Total,From 20 to 64 years,All ISCED 2011 levels,Romania,2021,5.3,b,
ESTAT:TEPSR_WC170(1.0),11/09/25 23:00:00,Annual,Percentage,Total,From 20 to 64 years,All ISCED 2011 levels,Romania,2022,5.2,,
ESTAT:TEPSR_WC170(1.0),11/09/25 23:00:00,Annual,Percentage,Total,From 20 to 64 years,All ISCED 2011 levels,Romania,2023,5.2,,
ESTAT:TEPSR_WC170(1.0),11/09/25 23:00:00,Annual,Percentage,Total,From 20 to 64 years,All ISCED 2011 levels,Romania,2024,4.9,,
ESTAT:TEPSR_WC170(1.0),11/09/25 23:00:00,Annual,Percentage,Total,From 20 to 64 years,All ISCED 2011 levels,Serbia,2010,19.5,,
ESTAT:TEPSR_WC170(1.0),11/09/25 23:00:00,Annual,Percentage,Total,From 20 to 64 years,All ISCED 2011 levels,Serbia,2011,23.1,,
ESTAT:TEPSR_WC170(1.0),11/09/25 23:00:00,Annual,Percentage,Total,From 20 to 64 years,All ISCED 2011 levels,Serbia,2012,24.0,,
ESTAT:TEPSR_WC170(1.0),11/09/25 23:00:00,Annual,Percentage,Total,From 20 to 64 years,All ISCED 2011 levels,Serbia,2013,22.4,,
ESTAT:TEPSR_WC170(1.0),11/09/25 23:00:00,Annual,Percentage,Total,From 20 to 64 years,All ISCED 2011 levels,Serbia,2014,19.4,b,
ESTAT:TEPSR_WC170(1.0),11/09/25 23:00:00,Annual,Percentage,Total,From 20 to 64 years,All ISCED 2011 levels,Serbia,2015,17.8,,
ESTAT:TEPSR_WC170(1.0),11/09/25 23:00:00,Annual,Percentage,Total,From 20 to 64 years,All ISCED 2011 levels,Serbia,2016,15.6,,
ESTAT:TEPSR_WC170(1.0),11/09/25 23:00:00,Annual,Percentage,Total,From 20 to 64 years,All ISCED 2011 levels,Serbia,2017,13.7,,
ESTAT:TEPSR_WC170(1.0),11/09/25 23:00:00,Annual,Percentage,Total,From 20 to 64 years,All ISCED 2011 levels,Serbia,2018,12.9,,
ESTAT:TEPSR_WC170(1.0),11/09/25 23:00:00,Annual,Percentage,Total,From 20 to 64 years,All ISCED 2011 levels,Serbia,2019,10.6,,
ESTAT:TEPSR_WC170(1.0),11/09/25 23:00:00,Annual,Percentage,Total,From 20 to 64 years,All ISCED 2011 levels,Serbia,2020,9.2,,
ESTAT:TEPSR_WC170(1.0),11/09/25 23:00:00,Annual,Percentage,Total,From 20 to 64 years,All ISCED 2011 levels,Serbia,2021,11.1,b,
ESTAT:TEPSR_WC170(1.0),11/09/25 23:00:00,Annual,Percentage,Total,From 20 to 64 years,All ISCED 2011 levels,Serbia,2022,9.4,,
ESTAT:TEPSR_WC170(1.0),11/09/25 23:00:00,Annual,Percentage,Total,From 20 to 64 years,All ISCED 2011 levels,Serbia,2023,9.4,,
ESTAT:TEPSR_WC170(1.0),11/09/25 23:00:00,Annual,Percentage,Total,From 20 to 64 years,All ISCED 2011 levels,Serbia,2024,8.6,,
ESTAT:TEPSR_WC170(1.0),11/09/25 23:00:00,Annual,Percentage,Total,From 20 to 64 years,All ISCED 2011 levels,Sweden,2005,6.6,b,
ESTAT:TEPSR_WC170(1.0),11/09/25 23:00:00,Annual,Percentage,Total,From 20 to 64 years,All ISCED 2011 levels,Sweden,2006,6.1,b,
ESTAT:TEPSR_WC170(1.0),11/09/25 23:00:00,Annual,Percentage,Total,From 20 to 64 years,All ISCED 2011 levels,Sweden,2007,5.1,,
ESTAT:TEPSR_WC170(1.0),11/09/25 23:00:00,Annual,Percentage,Total,From 20 to 64 years,All ISCED 2011 levels,Sweden,2008,5.1,,
ESTAT:TEPSR_WC170(1.0),11/09/25 23:00:00,Annual,Percentage,Total,From 20 to 64 years,All ISCED 2011 levels,Sweden,2009,7.3,,
ESTAT:TEPSR_WC170(1.0),11/09/25 23:00:00,Annual,Percentage,Total,From 20 to 64 years,All ISCED 2011 levels,Sweden,2010,7.6,,
ESTAT:TEPSR_WC170(1.0),11/09/25 23:00:00,Annual,Percentage,Total,From 20 to 64 years,All ISCED 2011 levels,Sweden,2011,6.9,,
ESTAT:TEPSR_WC170(1.0),11/09/25 23:00:00,Annual,Percentage,Total,From 20 to 64 years,All ISCED 2011 levels,Sweden,2012,7.1,,
ESTAT:TEPSR_WC170(1.0),11/09/25 23:00:00,Annual,Percentage,Total,From 20 to 64 years,All ISCED 2011 levels,Sweden,2013,7.1,,
ESTAT:TEPSR_WC170(1.0),11/09/25 23:00:00,Annual,Percentage,Total,From 20 to 64 years,All ISCED 2011 levels,Sweden,2014,7.1,b,
ESTAT:TEPSR_WC170(1.0),11/09/25 23:00:00,Annual,Percentage,Total,From 20 to 64 years,All ISCED 2011 levels,Sweden,2015,6.7,,
ESTAT:TEPSR_WC170(1.0),11/09/25 23:00:00,Annual,Percentage,Total,From 20 to 64 years,All ISCED 2011 levels,Sweden,2016,6.3,,
ESTAT:TEPSR_WC170(1.0),11/09/25 23:00:00,Annual,Percentage,Total,From 20 to 64 years,All ISCED 2011 levels,Sweden,2017,6.0,,
ESTAT:TEPSR_WC170(1.0),11/09/25 23:00:00,Annual,Percentage,Total,From 20 to 64 years,All ISCED 2011 levels,Sweden,2018,5.6,b,
ESTAT:TEPSR_WC170(1.0),11/09/25 23:00:00,Annual,Percentage,Total,From 20 to 64 years,All ISCED 2011 levels,Sweden,2019,6.0,,
ESTAT:TEPSR_WC170(1.0),11/09/25 23:00:00,Annual,Percentage,Total,From 20 to 64 years,All ISCED 2011 levels,Sweden,2020,7.4,,
ESTAT:TEPSR_WC170(1.0),11/09/25 23:00:00,Annual,Percentage,Total,From 20 to 64 years,All ISCED 2011 levels,Sweden,2021,7.9,b,
ESTAT:TEPSR_WC170(1.0),11/09/25 23:00:00,Annual,Percentage,Total,From 20 to 64 years,All ISCED 2011 levels,Sweden,2022,6.3,,
ESTAT:TEPSR_WC170(1.0),11/09/25 23:00:00,Annual,Percentage,Total,From 20 to 64 years,All ISCED 2011 levels,Sweden,2023,6.5,,
ESTAT:TEPSR_WC170(1.0),11/09/25 23:00:00,Annual,Percentage,Total,From 20 to 64 years,All ISCED 2011 levels,Sweden,2024,7.1,,
ESTAT:TEPSR_WC170(1.0),11/09/25 23:00:00,Annual,Percentage,Total,From 20 to 64 years,All ISCED 2011 levels,Slovenia,2005,6.5,b,
ESTAT:TEPSR_WC170(1.0),11/09/25 23:00:00,Annual,Percentage,Total,From 20 to 64 years,All ISCED 2011 levels,Slovenia,2006,5.9,,
ESTAT:TEPSR_WC170(1.0),11/09/25 23:00:00,Annual,Percentage,Total,From 20 to 64 years,All ISCED 2011 levels,Slovenia,2007,4.8,,
ESTAT:TEPSR_WC170(1.0),11/09/25 23:00:00,Annual,Percentage,Total,From 20 to 64 years,All ISCED 2011 levels,Slovenia,2008,4.3,,
ESTAT:TEPSR_WC170(1.0),11/09/25 23:00:00,Annual,Percentage,Total,From 20 to 64 years,All ISCED 2011 levels,Slovenia,2009,5.8,,
ESTAT:TEPSR_WC170(1.0),11/09/25 23:00:00,Annual,Percentage,Total,From 20 to 64 years,All ISCED 2011 levels,Slovenia,2010,7.3,,
ESTAT:TEPSR_WC170(1.0),11/09/25 23:00:00,Annual,Percentage,Total,From 20 to 64 years,All ISCED 2011 levels,Slovenia,2011,8.2,,
ESTAT:TEPSR_WC170(1.0),11/09/25 23:00:00,Annual,Percentage,Total,From 20 to 64 years,All ISCED 2011 levels,Slovenia,2012,8.9,,
ESTAT:TEPSR_WC170(1.0),11/09/25 23:00:00,Annual,Percentage,Total,From 20 to 64 years,All ISCED 2011 levels,Slovenia,2013,10.2,,
ESTAT:TEPSR_WC170(1.0),11/09/25 23:00:00,Annual,Percentage,Total,From 20 to 64 years,All ISCED 2011 levels,Slovenia,2014,9.8,b,
ESTAT:TEPSR_WC170(1.0),11/09/25 23:00:00,Annual,Percentage,Total,From 20 to 64 years,All ISCED 2011 levels,Slovenia,2015,9.0,,
ESTAT:TEPSR_WC170(1.0),11/09/25 23:00:00,Annual,Percentage,Total,From 20 to 64 years,All ISCED 2011 levels,Slovenia,2016,8.1,,
ESTAT:TEPSR_WC170(1.0),11/09/25 23:00:00,Annual,Percentage,Total,From 20 to 64 years,All ISCED 2011 levels,Slovenia,2017,6.6,,
ESTAT:TEPSR_WC170(1.0),11/09/25 23:00:00,Annual,Percentage,Total,From 20 to 64 years,All ISCED 2011 levels,Slovenia,2018,5.1,,
ESTAT:TEPSR_WC170(1.0),11/09/25 23:00:00,Annual,Percentage,Total,From 20 to 64 years,All ISCED 2011 levels,Slovenia,2019,4.4,,
ESTAT:TEPSR_WC170(1.0),11/09/25 23:00:00,Annual,Percentage,Total,From 20 to 64 years,All ISCED 2011 levels,Slovenia,2020,4.9,,
ESTAT:TEPSR_WC170(1.0),11/09/25 23:00:00,Annual,Percentage,Total,From 20 to 64 years,All ISCED 2011 levels,Slovenia,2021,4.6,b,
ESTAT:TEPSR_WC170(1.0),11/09/25 23:00:00,Annual,Percentage,Total,From 20 to 64 years,All ISCED 2011 levels,Slovenia,2022,3.9,,
ESTAT:TEPSR_WC170(1.0),11/09/25 23:00:00,Annual,Percentage,Total,From 20 to 64 years,All ISCED 2011 levels,Slovenia,2023,3.4,b,
ESTAT:TEPSR_WC170(1.0),11/09/25 23:00:00,Annual,Percentage,Total,From 20 to 64 years,All ISCED 2011 levels,Slovenia,2024,3.3,,
ESTAT:TEPSR_WC170(1.0),11/09/25 23:00:00,Annual,Percentage,Total,From 20 to 64 years,All ISCED 2011 levels,Slovakia,2005,15.7,b,
ESTAT:TEPSR_WC170(1.0),11/09/25 23:00:00,Annual,Percentage,Total,From 20 to 64 years,All ISCED 2011 levels,Slovakia,2006,12.8,,
ESTAT:TEPSR_WC170(1.0),11/09/25 23:00:00,Annual,Percentage,Total,From 20 to 64 years,All ISCED 2011 levels,Slovakia,2007,10.7,,
ESTAT:TEPSR_WC170(1.0),11/09/25 23:00:00,Annual,Percentage,Total,From 20 to 64 years,All ISCED 2011 levels,Slovakia,2008,9.2,,
ESTAT:TEPSR_WC170(1.0),11/09/25 23:00:00,Annual,Percentage,Total,From 20 to 64 years,All ISCED 2011 levels,Slovakia,2009,11.7,,
ESTAT:TEPSR_WC170(1.0),11/09/25 23:00:00,Annual,Percentage,Total,From 20 to 64 years,All ISCED 2011 levels,Slovakia,2010,14.0,,
ESTAT:TEPSR_WC170(1.0),11/09/25 23:00:00,Annual,Percentage,Total,From 20 to 64 years,All ISCED 2011 levels,Slovakia,2011,13.2,b,
ESTAT:TEPSR_WC170(1.0),11/09/25 23:00:00,Annual,Percentage,Total,From 20 to 64 years,All ISCED 2011 levels,Slovakia,2012,13.6,,
ESTAT:TEPSR_WC170(1.0),11/09/25 23:00:00,Annual,Percentage,Total,From 20 to 64 years,All ISCED 2011 levels,Slovakia,2013,13.9,,
ESTAT:TEPSR_WC170(1.0),11/09/25 23:00:00,Annual,Percentage,Total,From 20 to 64 years,All ISCED 2011 levels,Slovakia,2014,12.9,b,
ESTAT:TEPSR_WC170(1.0),11/09/25 23:00:00,Annual,Percentage,Total,From 20 to 64 years,All ISCED 2011 levels,Slovakia,2015,11.3,,
ESTAT:TEPSR_WC170(1.0),11/09/25 23:00:00,Annual,Percentage,Total,From 20 to 64 years,All ISCED 2011 levels,Slovakia,2016,9.5,,
ESTAT:TEPSR_WC170(1.0),11/09/25 23:00:00,Annual,Percentage,Total,From 20 to 64 years,All ISCED 2011 levels,Slovakia,2017,7.9,,
ESTAT:TEPSR_WC170(1.0),11/09/25 23:00:00,Annual,Percentage,Total,From 20 to 64 years,All ISCED 2011 levels,Slovakia,2018,6.4,,
ESTAT:TEPSR_WC170(1.0),11/09/25 23:00:00,Annual,Percentage,Total,From 20 to 64 years,All ISCED 2011 levels,Slovakia,2019,5.6,,
ESTAT:TEPSR_WC170(1.0),11/09/25 23:00:00,Annual,Percentage,Total,From 20 to 64 years,All ISCED 2011 levels,Slovakia,2020,6.6,,
ESTAT:TEPSR_WC170(1.0),11/09/25 23:00:00,Annual,Percentage,Total,From 20 to 64 years,All ISCED 2011 levels,Slovakia,2021,6.7,b,
ESTAT:TEPSR_WC170(1.0),11/09/25 23:00:00,Annual,Percentage,Total,From 20 to 64 years,All ISCED 2011 levels,Slovakia,2022,6.0,,
ESTAT:TEPSR_WC170(1.0),11/09/25 23:00:00,Annual,Percentage,Total,From 20 to 64 years,All ISCED 2011 levels,Slovakia,2023,5.7,,
ESTAT:TEPSR_WC170(1.0),11/09/25 23:00:00,Annual,Percentage,Total,From 20 to 64 years,All ISCED 2011 levels,Slovakia,2024,5.1,,
ESTAT:TEPSR_WC170(1.0),11/09/25 23:00:00,Annual,Percentage,Total,From 20 to 64 years,All ISCED 2011 levels,Türkiye,2006,8.4,,
ESTAT:TEPSR_WC170(1.0),11/09/25 23:00:00,Annual,Percentage,Total,From 20 to 64 years,All ISCED 2011 levels,Türkiye,2007,8.5,,
ESTAT:TEPSR_WC170(1.0),11/09/25 23:00:00,Annual,Percentage,Total,From 20 to 64 years,All ISCED 2011 levels,Türkiye,2008,9.4,,
ESTAT:TEPSR_WC170(1.0),11/09/25 23:00:00,Annual,Percentage,Total,From 20 to 64 years,All ISCED 2011 levels,Türkiye,2009,12.2,,
ESTAT:TEPSR_WC170(1.0),11/09/25 23:00:00,Annual,Percentage,Total,From 20 to 64 years,All ISCED 2011 levels,Türkiye,2010,10.5,,
ESTAT:TEPSR_WC170(1.0),11/09/25 23:00:00,Annual,Percentage,Total,From 20 to 64 years,All ISCED 2011 levels,Türkiye,2011,8.6,,
ESTAT:TEPSR_WC170(1.0),11/09/25 23:00:00,Annual,Percentage,Total,From 20 to 64 years,All ISCED 2011 levels,Türkiye,2012,8.0,,
ESTAT:TEPSR_WC170(1.0),11/09/25 23:00:00,Annual,Percentage,Total,From 20 to 64 years,All ISCED 2011 levels,Türkiye,2013,8.6,,
ESTAT:TEPSR_WC170(1.0),11/09/25 23:00:00,Annual,Percentage,Total,From 20 to 64 years,All ISCED 2011 levels,Türkiye,2014,9.7,b,
ESTAT:TEPSR_WC170(1.0),11/09/25 23:00:00,Annual,Percentage,Total,From 20 to 64 years,All ISCED 2011 levels,Türkiye,2015,10.0,,
ESTAT:TEPSR_WC170(1.0),11/09/25 23:00:00,Annual,Percentage,Total,From 20 to 64 years,All ISCED 2011 levels,Türkiye,2016,10.7,,
ESTAT:TEPSR_WC170(1.0),11/09/25 23:00:00,Annual,Percentage,Total,From 20 to 64 years,All ISCED 2011 levels,Türkiye,2017,10.7,,
ESTAT:TEPSR_WC170(1.0),11/09/25 23:00:00,Annual,Percentage,Total,From 20 to 64 years,All ISCED 2011 levels,Türkiye,2018,10.8,,
ESTAT:TEPSR_WC170(1.0),11/09/25 23:00:00,Annual,Percentage,Total,From 20 to 64 years,All ISCED 2011 levels,Türkiye,2019,13.5,,
ESTAT:TEPSR_WC170(1.0),11/09/25 23:00:00,Annual,Percentage,Total,From 20 to 64 years,All ISCED 2011 levels,Türkiye,2020,13.0,,
ESTAT:TEPSR_WC170(1.0),11/09/25 23:00:00,Annual,Percentage,Total,From 20 to 64 years,All ISCED 2011 levels,Türkiye,2021,11.9,b,
ESTAT:TEPSR_WC170(1.0),11/09/25 23:00:00,Annual,Percentage,Total,From 20 to 64 years,All ISCED 2011 levels,Türkiye,2022,10.4,,
ESTAT:TEPSR_WC170(1.0),11/09/25 23:00:00,Annual,Percentage,Total,From 20 to 64 years,All ISCED 2011 levels,Türkiye,2023,9.3,,
ESTAT:TEPSR_WC170(1.0),11/09/25 23:00:00,Annual,Percentage,Total,From 20 to 64 years,All ISCED 2011 levels,Türkiye,2024,8.6,,
ESTAT:TEPSR_WC170(1.0),11/09/25 23:00:00,Annual,Percentage,Total,From 20 to 64 years,All ISCED 2011 levels,United Kingdom,2005,4.0,b,
ESTAT:TEPSR_WC170(1.0),11/09/25 23:00:00,Annual,Percentage,Total,From 20 to 64 years,All ISCED 2011 levels,United Kingdom,2006,4.5,,
ESTAT:TEPSR_WC170(1.0),11/09/25 23:00:00,Annual,Percentage,Total,From 20 to 64 years,All ISCED 2011 levels,United Kingdom,2007,4.4,b,
ESTAT:TEPSR_WC170(1.0),11/09/25 23:00:00,Annual,Percentage,Total,From 20 to 64 years,All ISCED 2011 levels,United Kingdom,2008,4.8,b,
ESTAT:TEPSR_WC170(1.0),11/09/25 23:00:00,Annual,Percentage,Total,From 20 to 64 years,All ISCED 2011 levels,United Kingdom,2009,6.6,,
ESTAT:TEPSR_WC170(1.0),11/09/25 23:00:00,Annual,Percentage,Total,From 20 to 64 years,All ISCED 2011 levels,United Kingdom,2010,6.8,b,
ESTAT:TEPSR_WC170(1.0),11/09/25 23:00:00,Annual,Percentage,Total,From 20 to 64 years,All ISCED 2011 levels,United Kingdom,2011,7.0,b,
ESTAT:TEPSR_WC170(1.0),11/09/25 23:00:00,Annual,Percentage,Total,From 20 to 64 years,All ISCED 2011 levels,United Kingdom,2012,6.9,,
ESTAT:TEPSR_WC170(1.0),11/09/25 23:00:00,Annual,Percentage,Total,From 20 to 64 years,All ISCED 2011 levels,United Kingdom,2013,6.7,,
ESTAT:TEPSR_WC170(1.0),11/09/25 23:00:00,Annual,Percentage,Total,From 20 to 64 years,All ISCED 2011 levels,United Kingdom,2014,5.4,b,
ESTAT:TEPSR_WC170(1.0),11/09/25 23:00:00,Annual,Percentage,Total,From 20 to 64 years,All ISCED 2011 levels,United Kingdom,2015,4.6,,
ESTAT:TEPSR_WC170(1.0),11/09/25 23:00:00,Annual,Percentage,Total,From 20 to 64 years,All ISCED 2011 levels,United Kingdom,2016,4.3,,
ESTAT:TEPSR_WC170(1.0),11/09/25 23:00:00,Annual,Percentage,Total,From 20 to 64 years,All ISCED 2011 levels,United Kingdom,2017,3.8,,
ESTAT:TEPSR_WC170(1.0),11/09/25 23:00:00,Annual,Percentage,Total,From 20 to 64 years,All ISCED 2011 levels,United Kingdom,2018,3.6,,
ESTAT:TEPSR_WC170(1.0),11/09/25 23:00:00,Annual,Percentage,Total,From 20 to 64 years,All ISCED 2011 levels,United Kingdom,2019,3.4,,
ESTAT:TEPSR_WC170(1.0),11/09/25 23:00:00,Annual,Percentage,Total,From 25 to 29 years,All ISCED 2011 levels,Austria,2005,6.5,b,
ESTAT:TEPSR_WC170(1.0),11/09/25 23:00:00,Annual,Percentage,Total,From 25 to 29 years,All ISCED 2011 levels,Austria,2006,6.2,b,
ESTAT:TEPSR_WC170(1.0),11/09/25 23:00:00,Annual,Percentage,Total,From 25 to 29 years,All ISCED 2011 levels,Austria,2007,5.9,b,
ESTAT:TEPSR_WC170(1.0),11/09/25 23:00:00,Annual,Percentage,Total,From 25 to 29 years,All ISCED 2011 levels,Austria,2008,5.1,,
ESTAT:TEPSR_WC170(1.0),11/09/25 23:00:00,Annual,Percentage,Total,From 25 to 29 years,All ISCED 2011 levels,Austria,2009,7.0,,
ESTAT:TEPSR_WC170(1.0),11/09/25 23:00:00,Annual,Percentage,Total,From 25 to 29 years,All ISCED 2011 levels,Austria,2010,6.5,,
ESTAT:TEPSR_WC170(1.0),11/09/25 23:00:00,Annual,Percentage,Total,From 25 to 29 years,All ISCED 2011 levels,Austria,2011,5.8,,
ESTAT:TEPSR_WC170(1.0),11/09/25 23:00:00,Annual,Percentage,Total,From 25 to 29 years,All ISCED 2011 levels,Austria,2012,6.5,,
ESTAT:TEPSR_WC170(1.0),11/09/25 23:00:00,Annual,Percentage,Total,From 25 to 29 years,All ISCED 2011 levels,Austria,2013,7.3,,
ESTAT:TEPSR_WC170(1.0),11/09/25 23:00:00,Annual,Percentage,Total,From 25 to 29 years,All ISCED 2011 levels,Austria,2014,7.2,b,
ESTAT:TEPSR_WC170(1.0),11/09/25 23:00:00,Annual,Percentage,Total,From 25 to 29 years,All ISCED 2011 levels,Austria,2015,6.3,,
ESTAT:TEPSR_WC170(1.0),11/09/25 23:00:00,Annual,Percentage,Total,From 25 to 29 years,All ISCED 2011 levels,Austria,2016,7.0,,
ESTAT:TEPSR_WC170(1.0),11/09/25 23:00:00,Annual,Percentage,Total,From 25 to 29 years,All ISCED 2011 levels,Austria,2017,6.4,,
ESTAT:TEPSR_WC170(1.0),11/09/25 23:00:00,Annual,Percentage,Total,From 25 to 29 years,All ISCED 2011 levels,Austria,2018,5.5,,
ESTAT:TEPSR_WC170(1.0),11/09/25 23:00:00,Annual,Percentage,Total,From 25 to 29 years,All ISCED 2011 levels,Austria,2019,5.0,,
ESTAT:TEPSR_WC170(1.0),11/09/25 23:00:00,Annual,Percentage,Total,From 25 to 29 years,All ISCED 2011 levels,Austria,2020,6.5,,
ESTAT:TEPSR_WC170(1.0),11/09/25 23:00:00,Annual,Percentage,Total,From 25 to 29 years,All ISCED 2011 levels,Austria,2021,6.8,b,
ESTAT:TEPSR_WC170(1.0),11/09/25 23:00:00,Annual,Percentage,Total,From 25 to 29 years,All ISCED 2011 levels,Austria,2022,5.5,,
ESTAT:TEPSR_WC170(1.0),11/09/25 23:00:00,Annual,Percentage,Total,From 25 to 29 years,All ISCED 2011 levels,Austria,2023,5.9,,
ESTAT:TEPSR_WC170(1.0),11/09/25 23:00:00,Annual,Percentage,Total,From 25 to 29 years,All ISCED 2011 levels,Austria,2024,6.1,,
ESTAT:TEPSR_WC170(1.0),11/09/25 23:00:00,Annual,Percentage,Total,From 25 to 29 years,All ISCED 2011 levels,Bosnia and Herzegovina,2021,24.3,b,
ESTAT:TEPSR_WC170(1.0),11/09/25 23:00:00,Annual,Percentage,Total,From 25 to 29 years,All ISCED 2011 levels,Bosnia and Herzegovina,2022,22.8,,
ESTAT:TEPSR_WC170(1.0),11/09/25 23:00:00,Annual,Percentage,Total,From 25 to 29 years,All ISCED 2011 levels,Bosnia and Herzegovina,2023,19.2,,
ESTAT:TEPSR_WC170(1.0),11/09/25 23:00:00,Annual,Percentage,Total,From 25 to 29 years,All ISCED 2011 levels,Bosnia and Herzegovina,2024,16.7,,
ESTAT:TEPSR_WC170(1.0),11/09/25 23:00:00,Annual,Percentage,Total,From 25 to 29 years,All ISCED 2011 levels,Belgium,2005,10.4,b,
ESTAT:TEPSR_WC170(1.0),11/09/25 23:00:00,Annual,Percentage,Total,From 25 to 29 years,All ISCED 2011 levels,Belgium,2006,10.1,,
ESTAT:TEPSR_WC170(1.0),11/09/25 23:00:00,Annual,Percentage,Total,From 25 to 29 years,All ISCED 2011 levels,Belgium,2007,10.0,,
ESTAT:TEPSR_WC170(1.0),11/09/25 23:00:00,Annual,Percentage,Total,From 25 to 29 years,All ISCED 2011 levels,Belgium,2008,9.0,b,
ESTAT:TEPSR_WC170(1.0),11/09/25 23:00:00,Annual,Percentage,Total,From 25 to 29 years,All ISCED 2011 levels,Belgium,2009,10.3,,
ESTAT:TEPSR_WC170(1.0),11/09/25 23:00:00,Annual,Percentage,Total,From 25 to 29 years,All ISCED 2011 levels,Belgium,2010,11.6,,
ESTAT:TEPSR_WC170(1.0),11/09/25 23:00:00,Annual,Percentage,Total,From 25 to 29 years,All ISCED 2011 levels,Belgium,2011,9.9,b,
ESTAT:TEPSR_WC170(1.0),11/09/25 23:00:00,Annual,Percentage,Total,From 25 to 29 years,All ISCED 2011 levels,Belgium,2012,11.1,,
ESTAT:TEPSR_WC170(1.0),11/09/25 23:00:00,Annual,Percentage,Total,From 25 to 29 years,All ISCED 2011 levels,Belgium,2013,11.5,,
ESTAT:TEPSR_WC170(1.0),11/09/25 23:00:00,Annual,Percentage,Total,From 25 to 29 years,All ISCED 2011 levels,Belgium,2014,11.9,b,
ESTAT:TEPSR_WC170(1.0),11/09/25 23:00:00,Annual,Percentage,Total,From 25 to 29 years,All ISCED 2011 levels,Belgium,2015,11.4,,
ESTAT:TEPSR_WC170(1.0),11/09/25 23:00:00,Annual,Percentage,Total,From 25 to 29 years,All ISCED 2011 levels,Belgium,2016,10.8,,
ESTAT:TEPSR_WC170(1.0),11/09/25 23:00:00,Annual,Percentage,Total,From 25 to 29 years,All ISCED 2011 levels,Belgium,2017,10.1,b,
ESTAT:TEPSR_WC170(1.0),11/09/25 23:00:00,Annual,Percentage,Total,From 25 to 29 years,All ISCED 2011 levels,Belgium,2018,7.8,,
ESTAT:TEPSR_WC170(1.0),11/09/25 23:00:00,Annual,Percentage,Total,From 25 to 29 years,All ISCED 2011 levels,Belgium,2019,6.9,,
ESTAT:TEPSR_WC170(1.0),11/09/25 23:00:00,Annual,Percentage,Total,From 25 to 29 years,All ISCED 2011 levels,Belgium,2020,7.8,,
ESTAT:TEPSR_WC170(1.0),11/09/25 23:00:00,Annual,Percentage,Total,From 25 to 29 years,All ISCED 2011 levels,Belgium,2021,8.4,b,
ESTAT:TEPSR_WC170(1.0),11/09/25 23:00:00,Annual,Percentage,Total,From 25 to 29 years,All ISCED 2011 levels,Belgium,2022,8.0,,
ESTAT:TEPSR_WC170(1.0),11/09/25 23:00:00,Annual,Percentage,Total,From 25 to 29 years,All ISCED 2011 levels,Belgium,2023,8.4,,
ESTAT:TEPSR_WC170(1.0),11/09/25 23:00:00,Annual,Percentage,Total,From 25 to 29 years,All ISCED 2011 levels,Belgium,2024,8.8,,
ESTAT:TEPSR_WC170(1.0),11/09/25 23:00:00,Annual,Percentage,Total,From 25 to 29 years,All ISCED 2011 levels,Bulgaria,2005,11.0,b,
ESTAT:TEPSR_WC170(1.0),11/09/25 23:00:00,Annual,Percentage,Total,From 25 to 29 years,All ISCED 2011 levels,Bulgaria,2006,10.3,b,
ESTAT:TEPSR_WC170(1.0),11/09/25 23:00:00,Annual,Percentage,Total,From 25 to 29 years,All ISCED 2011 levels,Bulgaria,2007,7.5,,
ESTAT:TEPSR_WC170(1.0),11/09/25 23:00:00,Annual,Percentage,Total,From 25 to 29 years,All ISCED 2011 levels,Bulgaria,2008,6.4,b,
ESTAT:TEPSR_WC170(1.0),11/09/25 23:00:00,Annual,Percentage,Total,From 25 to 29 years,All ISCED 2011 levels,Bulgaria,2009,8.1,,
ESTAT:TEPSR_WC170(1.0),11/09/25 23:00:00,Annual,Percentage,Total,From 25 to 29 years,All ISCED 2011 levels,Bulgaria,2010,12.7,b,
ESTAT:TEPSR_WC170(1.0),11/09/25 23:00:00,Annual,Percentage,Total,From 25 to 29 years,All ISCED 2011 levels,Bulgaria,2011,15.0,b,
ESTAT:TEPSR_WC170(1.0),11/09/25 23:00:00,Annual,Percentage,Total,From 25 to 29 years,All ISCED 2011 levels,Bulgaria,2012,15.9,,
ESTAT:TEPSR_WC170(1.0),11/09/25 23:00:00,Annual,Percentage,Total,From 25 to 29 years,All ISCED 2011 levels,Bulgaria,2013,17.6,,
ESTAT:TEPSR_WC170(1.0),11/09/25 23:00:00,Annual,Percentage,Total,From 25 to 29 years,All ISCED 2011 levels,Bulgaria,2014,14.4,b,
ESTAT:TEPSR_WC170(1.0),11/09/25 23:00:00,Annual,Percentage,Total,From 25 to 29 years,All ISCED 2011 levels,Bulgaria,2015,10.7,,
ESTAT:TEPSR_WC170(1.0),11/09/25 23:00:00,Annual,Percentage,Total,From 25 to 29 years,All ISCED 2011 levels,Bulgaria,2016,9.9,,
ESTAT:TEPSR_WC170(1.0),11/09/25 23:00:00,Annual,Percentage,Total,From 25 to 29 years,All ISCED 2011 levels,Bulgaria,2017,8.4,,
ESTAT:TEPSR_WC170(1.0),11/09/25 23:00:00,Annual,Percentage,Total,From 25 to 29 years,All ISCED 2011 levels,Bulgaria,2018,6.2,,
ESTAT:TEPSR_WC170(1.0),11/09/25 23:00:00,Annual,Percentage,Total,From 25 to 29 years,All ISCED 2011 levels,Bulgaria,2019,5.9,b,
ESTAT:TEPSR_WC170(1.0),11/09/25 23:00:00,Annual,Percentage,Total,From 25 to 29 years,All ISCED 2011 levels,Bulgaria,2020,6.2,,
ESTAT:TEPSR_WC170(1.0),11/09/25 23:00:00,Annual,Percentage,Total,From 25 to 29 years,All ISCED 2011 levels,Bulgaria,2021,7.9,b,
ESTAT:TEPSR_WC170(1.0),11/09/25 23:00:00,Annual,Percentage,Total,From 25 to 29 years,All ISCED 2011 levels,Bulgaria,2022,6.4,,
ESTAT:TEPSR_WC170(1.0),11/09/25 23:00:00,Annual,Percentage,Total,From 25 to 29 years,All ISCED 2011 levels,Bulgaria,2023,5.7,,
ESTAT:TEPSR_WC170(1.0),11/09/25 23:00:00,Annual,Percentage,Total,From 25 to 29 years,All ISCED 2011 levels,Bulgaria,2024,5.2,b,
ESTAT:TEPSR_WC170(1.0),11/09/25 23:00:00,Annual,Percentage,Total,From 25 to 29 years,All ISCED 2011 levels,Switzerland,2005,5.2,b,
ESTAT:TEPSR_WC170(1.0),11/09/25 23:00:00,Annual,Percentage,Total,From 25 to 29 years,All ISCED 2011 levels,Switzerland,2006,4.7,,
ESTAT:TEPSR_WC170(1.0),11/09/25 23:00:00,Annual,Percentage,Total,From 25 to 29 years,All ISCED 2011 levels,Switzerland,2007,4.7,,
ESTAT:TEPSR_WC170(1.0),11/09/25 23:00:00,Annual,Percentage,Total,From 25 to 29 years,All ISCED 2011 levels,Switzerland,2008,3.8,,
ESTAT:TEPSR_WC170(1.0),11/09/25 23:00:00,Annual,Percentage,Total,From 25 to 29 years,All ISCED 2011 levels,Switzerland,2009,6.9,,
ESTAT:TEPSR_WC170(1.0),11/09/25 23:00:00,Annual,Percentage,Total,From 25 to 29 years,All ISCED 2011 levels,Switzerland,2010,6.6,b,
ESTAT:TEPSR_WC170(1.0),11/09/25 23:00:00,Annual,Percentage,Total,From 25 to 29 years,All ISCED 2011 levels,Switzerland,2011,6.2,,
ESTAT:TEPSR_WC170(1.0),11/09/25 23:00:00,Annual,Percentage,Total,From 25 to 29 years,All ISCED 2011 levels,Switzerland,2012,5.9,,
ESTAT:TEPSR_WC170(1.0),11/09/25 23:00:00,Annual,Percentage,Total,From 25 to 29 years,All ISCED 2011 levels,Switzerland,2013,6.6,,
ESTAT:TEPSR_WC170(1.0),11/09/25 23:00:00,Annual,Percentage,Total,From 25 to 29 years,All ISCED 2011 levels,Switzerland,2014,6.3,b,
ESTAT:TEPSR_WC170(1.0),11/09/25 23:00:00,Annual,Percentage,Total,From 25 to 29 years,All ISCED 2011 levels,Switzerland,2015,5.5,,
ESTAT:TEPSR_WC170(1.0),11/09/25 23:00:00,Annual,Percentage,Total,From 25 to 29 years,All ISCED 2011 levels,Switzerland,2016,6.1,,
ESTAT:TEPSR_WC170(1.0),11/09/25 23:00:00,Annual,Percentage,Total,From 25 to 29 years,All ISCED 2011 levels,Switzerland,2017,5.7,,
ESTAT:TEPSR_WC170(1.0),11/09/25 23:00:00,Annual,Percentage,Total,From 25 to 29 years,All ISCED 2011 levels,Switzerland,2018,5.5,,
ESTAT:TEPSR_WC170(1.0),11/09/25 23:00:00,Annual,Percentage,Total,From 25 to 29 years,All ISCED 2011 levels,Switzerland,2019,5.0,,
ESTAT:TEPSR_WC170(1.0),11/09/25 23:00:00,Annual,Percentage,Total,From 25 to 29 years,All ISCED 2011 levels,Switzerland,2020,4.9,,
ESTAT:TEPSR_WC170(1.0),11/09/25 23:00:00,Annual,Percentage,Total,From 25 to 29 years,All ISCED 2011 levels,Switzerland,2021,5.5,b,
ESTAT:TEPSR_WC170(1.0),11/09/25 23:00:00,Annual,Percentage,Total,From 25 to 29 years,All ISCED 2011 levels,Switzerland,2022,4.9,,
ESTAT:TEPSR_WC170(1.0),11/09/25 23:00:00,Annual,Percentage,Total,From 25 to 29 years,All ISCED 2011 levels,Switzerland,2023,4.4,,
ESTAT:TEPSR_WC170(1.0),11/09/25 23:00:00,Annual,Percentage,Total,From 25 to 29 years,All ISCED 2011 levels,Switzerland,2024,5.2,,
ESTAT:TEPSR_WC170(1.0),11/09/25 23:00:00,Annual,Percentage,Total,From 25 to 29 years,All ISCED 2011 levels,Cyprus,2005,6.9,b,
ESTAT:TEPSR_WC170(1.0),11/09/25 23:00:00,Annual,Percentage,Total,From 25 to 29 years,All ISCED 2011 levels,Cyprus,2006,5.9,,
ESTAT:TEPSR_WC170(1.0),11/09/25 23:00:00,Annual,Percentage,Total,From 25 to 29 years,All ISCED 2011 levels,Cyprus,2007,4.6,,
ESTAT:TEPSR_WC170(1.0),11/09/25 23:00:00,Annual,Percentage,Total,From 25 to 29 years,All ISCED 2011 levels,Cyprus,2008,4.8,,
ESTAT:TEPSR_WC170(1.0),11/09/25 23:00:00,Annual,Percentage,Total,From 25 to 29 years,All ISCED 2011 levels,Cyprus,2009,6.9,b,
ESTAT:TEPSR_WC170(1.0),11/09/25 23:00:00,Annual,Percentage,Total,From 25 to 29 years,All ISCED 2011 levels,Cyprus,2010,8.7,,
ESTAT:TEPSR_WC170(1.0),11/09/25 23:00:00,Annual,Percentage,Total,From 25 to 29 years,All ISCED 2011 levels,Cyprus,2011,10.0,,
ESTAT:TEPSR_WC170(1.0),11/09/25 23:00:00,Annual,Percentage,Total,From 25 to 29 years,All ISCED 2011 levels,Cyprus,2012,15.7,,
ESTAT:TEPSR_WC170(1.0),11/09/25 23:00:00,Annual,Percentage,Total,From 25 to 29 years,All ISCED 2011 levels,Cyprus,2013,20.6,,
ESTAT:TEPSR_WC170(1.0),11/09/25 23:00:00,Annual,Percentage,Total,From 25 to 29 years,All ISCED 2011 levels,Cyprus,2014,19.9,b,
ESTAT:TEPSR_WC170(1.0),11/09/25 23:00:00,Annual,Percentage,Total,From 25 to 29 years,All ISCED 2011 levels,Cyprus,2015,19.6,,
ESTAT:TEPSR_WC170(1.0),11/09/25 23:00:00,Annual,Percentage,Total,From 25 to 29 years,All ISCED 2011 levels,Cyprus,2016,17.6,,
ESTAT:TEPSR_WC170(1.0),11/09/25 23:00:00,Annual,Percentage,Total,From 25 to 29 years,All ISCED 2011 levels,Cyprus,2017,15.4,,
ESTAT:TEPSR_WC170(1.0),11/09/25 23:00:00,Annual,Percentage,Total,From 25 to 29 years,All ISCED 2011 levels,Cyprus,2018,11.4,,
ESTAT:TEPSR_WC170(1.0),11/09/25 23:00:00,Annual,Percentage,Total,From 25 to 29 years,All ISCED 2011 levels,Cyprus,2019,9.4,,
ESTAT:TEPSR_WC170(1.0),11/09/25 23:00:00,Annual,Percentage,Total,From 25 to 29 years,All ISCED 2011 levels,Cyprus,2020,10.9,,
ESTAT:TEPSR_WC170(1.0),11/09/25 23:00:00,Annual,Percentage,Total,From 25 to 29 years,All ISCED 2011 levels,Cyprus,2021,12.2,b,
ESTAT:TEPSR_WC170(1.0),11/09/25 23:00:00,Annual,Percentage,Total,From 25 to 29 years,All ISCED 2011 levels,Cyprus,2022,11.0,,
ESTAT:TEPSR_WC170(1.0),11/09/25 23:00:00,Annual,Percentage,Total,From 25 to 29 years,All ISCED 2011 levels,Cyprus,2023,9.2,,
ESTAT:TEPSR_WC170(1.0),11/09/25 23:00:00,Annual,Percentage,Total,From 25 to 29 years,All ISCED 2011 levels,Cyprus,2024,8.3,,
ESTAT:TEPSR_WC170(1.0),11/09/25 23:00:00,Annual,Percentage,Total,From 25 to 29 years,All ISCED 2011 levels,Czechia,2005,8.5,b,
ESTAT:TEPSR_WC170(1.0),11/09/25 23:00:00,Annual,Percentage,Total,From 25 to 29 years,All ISCED 2011 levels,Czechia,2006,6.6,,
ESTAT:TEPSR_WC170(1.0),11/09/25 23:00:00,Annual,Percentage,Total,From 25 to 29 years,All ISCED 2011 levels,Czechia,2007,5.2,,
ESTAT:TEPSR_WC170(1.0),11/09/25 23:00:00,Annual,Percentage,Total,From 25 to 29 years,All ISCED 2011 levels,Czechia,2008,4.1,,
ESTAT:TEPSR_WC170(1.0),11/09/25 23:00:00,Annual,Percentage,Total,From 25 to 29 years,All ISCED 2011 levels,Czechia,2009,8.2,,
ESTAT:TEPSR_WC170(1.0),11/09/25 23:00:00,Annual,Percentage,Total,From 25 to 29 years,All ISCED 2011 levels,Czechia,2010,9.4,,
ESTAT:TEPSR_WC170(1.0),11/09/25 23:00:00,Annual,Percentage,Total,From 25 to 29 years,All ISCED 2011 levels,Czechia,2011,7.9,b,
ESTAT:TEPSR_WC170(1.0),11/09/25 23:00:00,Annual,Percentage,Total,From 25 to 29 years,All ISCED 2011 levels,Czechia,2012,8.9,,
ESTAT:TEPSR_WC170(1.0),11/09/25 23:00:00,Annual,Percentage,Total,From 25 to 29 years,All ISCED 2011 levels,Czechia,2013,8.1,,
ESTAT:TEPSR_WC170(1.0),11/09/25 23:00:00,Annual,Percentage,Total,From 25 to 29 years,All ISCED 2011 levels,Czechia,2014,7.4,b,
ESTAT:TEPSR_WC170(1.0),11/09/25 23:00:00,Annual,Percentage,Total,From 25 to 29 years,All ISCED 2011 levels,Czechia,2015,6.7,,
ESTAT:TEPSR_WC170(1.0),11/09/25 23:00:00,Annual,Percentage,Total,From 25 to 29 years,All ISCED 2011 levels,Czechia,2016,5.5,,
ESTAT:TEPSR_WC170(1.0),11/09/25 23:00:00,Annual,Percentage,Total,From 25 to 29 years,All ISCED 2011 levels,Czechia,2017,3.5,,
ESTAT:TEPSR_WC170(1.0),11/09/25 23:00:00,Annual,Percentage,Total,From 25 to 29 years,All ISCED 2011 levels,Czechia,2018,3.1,,
ESTAT:TEPSR_WC170(1.0),11/09/25 23:00:00,Annual,Percentage,Total,From 25 to 29 years,All ISCED 2011 levels,Czechia,2019,2.6,,
ESTAT:TEPSR_WC170(1.0),11/09/25 23:00:00,Annual,Percentage,Total,From 25 to 29 years,All ISCED 2011 levels,Czechia,2020,3.9,,
ESTAT:TEPSR_WC170(1.0),11/09/25 23:00:00,Annual,Percentage,Total,From 25 to 29 years,All ISCED 2011 levels,Czechia,2021,3.6,b,
ESTAT:TEPSR_WC170(1.0),11/09/25 23:00:00,Annual,Percentage,Total,From 25 to 29 years,All ISCED 2011 levels,Czechia,2022,2.6,,
ESTAT:TEPSR_WC170(1.0),11/09/25 23:00:00,Annual,Percentage,Total,From 25 to 29 years,All ISCED 2011 levels,Czechia,2023,3.3,,
ESTAT:TEPSR_WC170(1.0),11/09/25 23:00:00,Annual,Percentage,Total,From 25 to 29 years,All ISCED 2011 levels,Czechia,2024,3.6,,
ESTAT:TEPSR_WC170(1.0),11/09/25 23:00:00,Annual,Percentage,Total,From 25 to 29 years,All ISCED 2011 levels,Germany,2005,12.5,b,
ESTAT:TEPSR_WC170(1.0),11/09/25 23:00:00,Annual,Percentage,Total,From 25 to 29 years,All ISCED 2011 levels,Germany,2006,11.5,b,
ESTAT:TEPSR_WC170(1.0),11/09/25 23:00:00,Annual,Percentage,Total,From 25 to 29 years,All ISCED 2011 levels,Germany,2007,9.9,,
ESTAT:TEPSR_WC170(1.0),11/09/25 23:00:00,Annual,Percentage,Total,From 25 to 29 years,All ISCED 2011 levels,Germany,2008,8.4,,
ESTAT:TEPSR_WC170(1.0),11/09/25 23:00:00,Annual,Percentage,Total,From 25 to 29 years,All ISCED 2011 levels,Germany,2009,9.3,,
ESTAT:TEPSR_WC170(1.0),11/09/25 23:00:00,Annual,Percentage,Total,From 25 to 29 years,All ISCED 2011 levels,Germany,2010,8.4,b,
ESTAT:TEPSR_WC170(1.0),11/09/25 23:00:00,Annual,Percentage,Total,From 25 to 29 years,All ISCED 2011 levels,Germany,2011,6.9,b,
ESTAT:TEPSR_WC170(1.0),11/09/25 23:00:00,Annual,Percentage,Total,From 25 to 29 years,All ISCED 2011 levels,Germany,2012,6.5,b,
ESTAT:TEPSR_WC170(1.0),11/09/25 23:00:00,Annual,Percentage,Total,From 25 to 29 years,All ISCED 2011 levels,Germany,2013,6.7,,
ESTAT:TEPSR_WC170(1.0),11/09/25 23:00:00,Annual,Percentage,Total,From 25 to 29 years,All ISCED 2011 levels,Germany,2014,6.1,b,
ESTAT:TEPSR_WC170(1.0),11/09/25 23:00:00,Annual,Percentage,Total,From 25 to 29 years,All ISCED 2011 levels,Germany,2015,5.8,,
ESTAT:TEPSR_WC170(1.0),11/09/25 23:00:00,Annual,Percentage,Total,From 25 to 29 years,All ISCED 2011 levels,Germany,2016,5.3,,
ESTAT:TEPSR_WC170(1.0),11/09/25 23:00:00,Annual,Percentage,Total,From 25 to 29 years,All ISCED 2011 levels,Germany,2017,5.0,,
ESTAT:TEPSR_WC170(1.0),11/09/25 23:00:00,Annual,Percentage,Total,From 25 to 29 years,All ISCED 2011 levels,Germany,2018,4.6,,
ESTAT:TEPSR_WC170(1.0),11/09/25 23:00:00,Annual,Percentage,Total,From 25 to 29 years,All ISCED 2011 levels,Germany,2019,4.1,,
ESTAT:TEPSR_WC170(1.0),11/09/25 23:00:00,Annual,Percentage,Total,From 25 to 29 years,All ISCED 2011 levels,Germany,2020,5.4,b,
ESTAT:TEPSR_WC170(1.0),11/09/25 23:00:00,Annual,Percentage,Total,From 25 to 29 years,All ISCED 2011 levels,Germany,2021,4.9,b,
ESTAT:TEPSR_WC170(1.0),11/09/25 23:00:00,Annual,Percentage,Total,From 25 to 29 years,All ISCED 2011 levels,Germany,2022,4.0,,
ESTAT:TEPSR_WC170(1.0),11/09/25 23:00:00,Annual,Percentage,Total,From 25 to 29 years,All ISCED 2011 levels,Germany,2023,4.0,,
ESTAT:TEPSR_WC170(1.0),11/09/25 23:00:00,Annual,Percentage,Total,From 25 to 29 years,All ISCED 2011 levels,Germany,2024,4.5,,
ESTAT:TEPSR_WC170(1.0),11/09/25 23:00:00,Annual,Percentage,Total,From 25 to 29 years,All ISCED 2011 levels,Denmark,2005,5.5,b,
ESTAT:TEPSR_WC170(1.0),11/09/25 23:00:00,Annual,Percentage,Total,From 25 to 29 years,All ISCED 2011 levels,Denmark,2006,5.1,,
ESTAT:TEPSR_WC170(1.0),11/09/25 23:00:00,Annual,Percentage,Total,From 25 to 29 years,All ISCED 2011 levels,Denmark,2007,4.6,b,
ESTAT:TEPSR_WC170(1.0),11/09/25 23:00:00,Annual,Percentage,Total,From 25 to 29 years,All ISCED 2011 levels,Denmark,2008,3.6,b,
ESTAT:TEPSR_WC170(1.0),11/09/25 23:00:00,Annual,Percentage,Total,From 25 to 29 years,All ISCED 2011 levels,Denmark,2009,8.3,,
ESTAT:TEPSR_WC170(1.0),11/09/25 23:00:00,Annual,Percentage,Total,From 25 to 29 years,All ISCED 2011 levels,Denmark,2010,11.2,,
ESTAT:TEPSR_WC170(1.0),11/09/25 23:00:00,Annual,Percentage,Total,From 25 to 29 years,All ISCED 2011 levels,Denmark,2011,11.2,,
ESTAT:TEPSR_WC170(1.0),11/09/25 23:00:00,Annual,Percentage,Total,From 25 to 29 years,All ISCED 2011 levels,Denmark,2012,11.4,,
ESTAT:TEPSR_WC170(1.0),11/09/25 23:00:00,Annual,Percentage,Total,From 25 to 29 years,All ISCED 2011 levels,Denmark,2013,10.4,,
ESTAT:TEPSR_WC170(1.0),11/09/25 23:00:00,Annual,Percentage,Total,From 25 to 29 years,All ISCED 2011 levels,Denmark,2014,9.9,b,
ESTAT:TEPSR_WC170(1.0),11/09/25 23:00:00,Annual,Percentage,Total,From 25 to 29 years,All ISCED 2011 levels,Denmark,2015,9.1,,
ESTAT:TEPSR_WC170(1.0),11/09/25 23:00:00,Annual,Percentage,Total,From 25 to 29 years,All ISCED 2011 levels,Denmark,2016,9.4,b,
ESTAT:TEPSR_WC170(1.0),11/09/25 23:00:00,Annual,Percentage,Total,From 25 to 29 years,All ISCED 2011 levels,Denmark,2017,9.6,b,
ESTAT:TEPSR_WC170(1.0),11/09/25 23:00:00,Annual,Percentage,Total,From 25 to 29 years,All ISCED 2011 levels,Denmark,2018,8.9,,
ESTAT:TEPSR_WC170(1.0),11/09/25 23:00:00,Annual,Percentage,Total,From 25 to 29 years,All ISCED 2011 levels,Denmark,2019,9.3,,
ESTAT:TEPSR_WC170(1.0),11/09/25 23:00:00,Annual,Percentage,Total,From 25 to 29 years,All ISCED 2011 levels,Denmark,2020,10.2,,
ESTAT:TEPSR_WC170(1.0),11/09/25 23:00:00,Annual,Percentage,Total,From 25 to 29 years,All ISCED 2011 levels,Denmark,2021,7.7,b,
ESTAT:TEPSR_WC170(1.0),11/09/25 23:00:00,Annual,Percentage,Total,From 25 to 29 years,All ISCED 2011 levels,Denmark,2022,5.9,,
ESTAT:TEPSR_WC170(1.0),11/09/25 23:00:00,Annual,Percentage,Total,From 25 to 29 years,All ISCED 2011 levels,Denmark,2023,8.2,b,
ESTAT:TEPSR_WC170(1.0),11/09/25 23:00:00,Annual,Percentage,Total,From 25 to 29 years,All ISCED 2011 levels,Denmark,2024,8.3,,
ESTAT:TEPSR_WC170(1.0),11/09/25 23:00:00,Annual,Percentage,Total,From 25 to 29 years,All ISCED 2011 levels,Euro area – 20 countries (from 2023),2005,11.2,b,
ESTAT:TEPSR_WC170(1.0),11/09/25 23:00:00,Annual,Percentage,Total,From 25 to 29 years,All ISCED 2011 levels,Euro area – 20 countries (from 2023),2006,10.3,,
ESTAT:TEPSR_WC170(1.0),11/09/25 23:00:00,Annual,Percentage,Total,From 25 to 29 years,All ISCED 2011 levels,Euro area – 20 countries (from 2023),2007,9.5,,
ESTAT:TEPSR_WC170(1.0),11/09/25 23:00:00,Annual,Percentage,Total,From 25 to 29 years,All ISCED 2011 levels,Euro area – 20 countries (from 2023),2008,9.6,,
ESTAT:TEPSR_WC170(1.0),11/09/25 23:00:00,Annual,Percentage,Total,From 25 to 29 years,All ISCED 2011 levels,Euro area – 20 countries (from 2023),2009,12.7,,
ESTAT:TEPSR_WC170(1.0),11/09/25 23:00:00,Annual,Percentage,Total,From 25 to 29 years,All ISCED 2011 levels,Euro area – 20 countries (from 2023),2010,13.8,,
ESTAT:TEPSR_WC170(1.0),11/09/25 23:00:00,Annual,Percentage,Total,From 25 to 29 years,All ISCED 2011 levels,Euro area – 20 countries (from 2023),2011,14.0,,
ESTAT:TEPSR_WC170(1.0),11/09/25 23:00:00,Annual,Percentage,Total,From 25 to 29 years,All ISCED 2011 levels,Euro area – 20 countries (from 2023),2012,15.7,,
ESTAT:TEPSR_WC170(1.0),11/09/25 23:00:00,Annual,Percentage,Total,From 25 to 29 years,All ISCED 2011 levels,Euro area – 20 countries (from 2023),2013,16.9,,
ESTAT:TEPSR_WC170(1.0),11/09/25 23:00:00,Annual,Percentage,Total,From 25 to 29 years,All ISCED 2011 levels,Euro area – 20 countries (from 2023),2014,16.1,b,
ESTAT:TEPSR_WC170(1.0),11/09/25 23:00:00,Annual,Percentage,Total,From 25 to 29 years,All ISCED 2011 levels,Euro area – 20 countries (from 2023),2015,14.9,,
ESTAT:TEPSR_WC170(1.0),11/09/25 23:00:00,Annual,Percentage,Total,From 25 to 29 years,All ISCED 2011 levels,Euro area – 20 countries (from 2023),2016,13.7,,
ESTAT:TEPSR_WC170(1.0),11/09/25 23:00:00,Annual,Percentage,Total,From 25 to 29 years,All ISCED 2011 levels,Euro area – 20 countries (from 2023),2017,12.5,,
ESTAT:TEPSR_WC170(1.0),11/09/25 23:00:00,Annual,Percentage,Total,From 25 to 29 years,All ISCED 2011 levels,Euro area – 20 countries (from 2023),2018,11.4,,
ESTAT:TEPSR_WC170(1.0),11/09/25 23:00:00,Annual,Percentage,Total,From 25 to 29 years,All ISCED 2011 levels,Euro area – 20 countries (from 2023),2019,10.4,,
ESTAT:TEPSR_WC170(1.0),11/09/25 23:00:00,Annual,Percentage,Total,From 25 to 29 years,All ISCED 2011 levels,Euro area – 20 countries (from 2023),2020,11.6,,
ESTAT:TEPSR_WC170(1.0),11/09/25 23:00:00,Annual,Percentage,Total,From 25 to 29 years,All ISCED 2011 levels,Euro area – 20 countries (from 2023),2021,11.1,b,
ESTAT:TEPSR_WC170(1.0),11/09/25 23:00:00,Annual,Percentage,Total,From 25 to 29 years,All ISCED 2011 levels,Euro area – 20 countries (from 2023),2022,9.3,,
ESTAT:TEPSR_WC170(1.0),11/09/25 23:00:00,Annual,Percentage,Total,From 25 to 29 years,All ISCED 2011 levels,Euro area – 20 countries (from 2023),2023,8.9,,
ESTAT:TEPSR_WC170(1.0),11/09/25 23:00:00,Annual,Percentage,Total,From 25 to 29 years,All ISCED 2011 levels,Euro area – 20 countries (from 2023),2024,8.8,,
ESTAT:TEPSR_WC170(1.0),11/09/25 23:00:00,Annual,Percentage,Total,From 25 to 29 years,All ISCED 2011 levels,Estonia,2005,8.0,b,
ESTAT:TEPSR_WC170(1.0),11/09/25 23:00:00,Annual,Percentage,Total,From 25 to 29 years,All ISCED 2011 levels,Estonia,2006,4.6,u,
ESTAT:TEPSR_WC170(1.0),11/09/25 23:00:00,Annual,Percentage,Total,From 25 to 29 years,All ISCED 2011 levels,Estonia,2007,4.4,,
ESTAT:TEPSR_WC170(1.0),11/09/25 23:00:00,Annual,Percentage,Total,From 25 to 29 years,All ISCED 2011 levels,Estonia,2008,5.2,,
ESTAT:TEPSR_WC170(1.0),11/09/25 23:00:00,Annual,Percentage,Total,From 25 to 29 years,All ISCED 2011 levels,Estonia,2009,15.0,,
ESTAT:TEPSR_WC170(1.0),11/09/25 23:00:00,Annual,Percentage,Total,From 25 to 29 years,All ISCED 2011 levels,Estonia,2010,17.7,,
ESTAT:TEPSR_WC170(1.0),11/09/25 23:00:00,Annual,Percentage,Total,From 25 to 29 years,All ISCED 2011 levels,Estonia,2011,13.7,,
ESTAT:TEPSR_WC170(1.0),11/09/25 23:00:00,Annual,Percentage,Total,From 25 to 29 years,All ISCED 2011 levels,Estonia,2012,10.8,,
ESTAT:TEPSR_WC170(1.0),11/09/25 23:00:00,Annual,Percentage,Total,From 25 to 29 years,All ISCED 2011 levels,Estonia,2013,10.0,,
ESTAT:TEPSR_WC170(1.0),11/09/25 23:00:00,Annual,Percentage,Total,From 25 to 29 years,All ISCED 2011 levels,Estonia,2014,9.2,b,
ESTAT:TEPSR_WC170(1.0),11/09/25 23:00:00,Annual,Percentage,Total,From 25 to 29 years,All ISCED 2011 levels,Estonia,2015,6.3,,
ESTAT:TEPSR_WC170(1.0),11/09/25 23:00:00,Annual,Percentage,Total,From 25 to 29 years,All ISCED 2011 levels,Estonia,2016,7.8,,
ESTAT:TEPSR_WC170(1.0),11/09/25 23:00:00,Annual,Percentage,Total,From 25 to 29 years,All ISCED 2011 levels,Estonia,2017,5.6,,
ESTAT:TEPSR_WC170(1.0),11/09/25 23:00:00,Annual,Percentage,Total,From 25 to 29 years,All ISCED 2011 levels,Estonia,2018,4.3,,
ESTAT:TEPSR_WC170(1.0),11/09/25 23:00:00,Annual,Percentage,Total,From 25 to 29 years,All ISCED 2011 levels,Estonia,2019,4.9,,
ESTAT:TEPSR_WC170(1.0),11/09/25 23:00:00,Annual,Percentage,Total,From 25 to 29 years,All ISCED 2011 levels,Estonia,2020,8.5,,
ESTAT:TEPSR_WC170(1.0),11/09/25 23:00:00,Annual,Percentage,Total,From 25 to 29 years,All ISCED 2011 levels,Estonia,2021,6.6,b,
ESTAT:TEPSR_WC170(1.0),11/09/25 23:00:00,Annual,Percentage,Total,From 25 to 29 years,All ISCED 2011 levels,Estonia,2022,4.5,,
ESTAT:TEPSR_WC170(1.0),11/09/25 23:00:00,Annual,Percentage,Total,From 25 to 29 years,All ISCED 2011 levels,Estonia,2023,6.5,,
ESTAT:TEPSR_WC170(1.0),11/09/25 23:00:00,Annual,Percentage,Total,From 25 to 29 years,All ISCED 2011 levels,Estonia,2024,9.6,,
ESTAT:TEPSR_WC170(1.0),11/09/25 23:00:00,Annual,Percentage,Total,From 25 to 29 years,All ISCED 2011 levels,Greece,2005,15.1,b,
ESTAT:TEPSR_WC170(1.0),11/09/25 23:00:00,Annual,Percentage,Total,From 25 to 29 years,All ISCED 2011 levels,Greece,2006,14.0,,
ESTAT:TEPSR_WC170(1.0),11/09/25 23:00:00,Annual,Percentage,Total,From 25 to 29 years,All ISCED 2011 levels,Greece,2007,14.2,,
ESTAT:TEPSR_WC170(1.0),11/09/25 23:00:00,Annual,Percentage,Total,From 25 to 29 years,All ISCED 2011 levels,Greece,2008,13.1,,
ESTAT:TEPSR_WC170(1.0),11/09/25 23:00:00,Annual,Percentage,Total,From 25 to 29 years,All ISCED 2011 levels,Greece,2009,15.1,b,
ESTAT:TEPSR_WC170(1.0),11/09/25 23:00:00,Annual,Percentage,Total,From 25 to 29 years,All ISCED 2011 levels,Greece,2010,19.7,,
ESTAT:TEPSR_WC170(1.0),11/09/25 23:00:00,Annual,Percentage,Total,From 25 to 29 years,All ISCED 2011 levels,Greece,2011,29.4,,
ESTAT:TEPSR_WC170(1.0),11/09/25 23:00:00,Annual,Percentage,Total,From 25 to 29 years,All ISCED 2011 levels,Greece,2012,37.4,,
ESTAT:TEPSR_WC170(1.0),11/09/25 23:00:00,Annual,Percentage,Total,From 25 to 29 years,All ISCED 2011 levels,Greece,2013,43.3,,
ESTAT:TEPSR_WC170(1.0),11/09/25 23:00:00,Annual,Percentage,Total,From 25 to 29 years,All ISCED 2011 levels,Greece,2014,40.8,b,
ESTAT:TEPSR_WC170(1.0),11/09/25 23:00:00,Annual,Percentage,Total,From 25 to 29 years,All ISCED 2011 levels,Greece,2015,36.7,,
ESTAT:TEPSR_WC170(1.0),11/09/25 23:00:00,Annual,Percentage,Total,From 25 to 29 years,All ISCED 2011 levels,Greece,2016,33.8,,
ESTAT:TEPSR_WC170(1.0),11/09/25 23:00:00,Annual,Percentage,Total,From 25 to 29 years,All ISCED 2011 levels,Greece,2017,31.2,,
ESTAT:TEPSR_WC170(1.0),11/09/25 23:00:00,Annual,Percentage,Total,From 25 to 29 years,All ISCED 2011 levels,Greece,2018,28.5,,
ESTAT:TEPSR_WC170(1.0),11/09/25 23:00:00,Annual,Percentage,Total,From 25 to 29 years,All ISCED 2011 levels,Greece,2019,25.8,,
ESTAT:TEPSR_WC170(1.0),11/09/25 23:00:00,Annual,Percentage,Total,From 25 to 29 years,All ISCED 2011 levels,Greece,2020,27.2,,
ESTAT:TEPSR_WC170(1.0),11/09/25 23:00:00,Annual,Percentage,Total,From 25 to 29 years,All ISCED 2011 levels,Greece,2021,25.0,b,
ESTAT:TEPSR_WC170(1.0),11/09/25 23:00:00,Annual,Percentage,Total,From 25 to 29 years,All ISCED 2011 levels,Greece,2022,20.5,,
ESTAT:TEPSR_WC170(1.0),11/09/25 23:00:00,Annual,Percentage,Total,From 25 to 29 years,All ISCED 2011 levels,Greece,2023,19.1,,
ESTAT:TEPSR_WC170(1.0),11/09/25 23:00:00,Annual,Percentage,Total,From 25 to 29 years,All ISCED 2011 levels,Greece,2024,17.3,,
ESTAT:TEPSR_WC170(1.0),11/09/25 23:00:00,Annual,Percentage,Total,From 25 to 29 years,All ISCED 2011 levels,Spain,2005,11.0,b,
ESTAT:TEPSR_WC170(1.0),11/09/25 23:00:00,Annual,Percentage,Total,From 25 to 29 years,All ISCED 2011 levels,Spain,2006,10.1,b,
ESTAT:TEPSR_WC170(1.0),11/09/25 23:00:00,Annual,Percentage,Total,From 25 to 29 years,All ISCED 2011 levels,Spain,2007,9.0,,
ESTAT:TEPSR_WC170(1.0),11/09/25 23:00:00,Annual,Percentage,Total,From 25 to 29 years,All ISCED 2011 levels,Spain,2008,13.3,,
ESTAT:TEPSR_WC170(1.0),11/09/25 23:00:00,Annual,Percentage,Total,From 25 to 29 years,All ISCED 2011 levels,Spain,2009,21.7,,
ESTAT:TEPSR_WC170(1.0),11/09/25 23:00:00,Annual,Percentage,Total,From 25 to 29 years,All ISCED 2011 levels,Spain,2010,24.7,,
ESTAT:TEPSR_WC170(1.0),11/09/25 23:00:00,Annual,Percentage,Total,From 25 to 29 years,All ISCED 2011 levels,Spain,2011,26.3,,
ESTAT:TEPSR_WC170(1.0),11/09/25 23:00:00,Annual,Percentage,Total,From 25 to 29 years,All ISCED 2011 levels,Spain,2012,31.5,,
ESTAT:TEPSR_WC170(1.0),11/09/25 23:00:00,Annual,Percentage,Total,From 25 to 29 years,All ISCED 2011 levels,Spain,2013,33.3,,
ESTAT:TEPSR_WC170(1.0),11/09/25 23:00:00,Annual,Percentage,Total,From 25 to 29 years,All ISCED 2011 levels,Spain,2014,30.3,b,
ESTAT:TEPSR_WC170(1.0),11/09/25 23:00:00,Annual,Percentage,Total,From 25 to 29 years,All ISCED 2011 levels,Spain,2015,28.5,,
ESTAT:TEPSR_WC170(1.0),11/09/25 23:00:00,Annual,Percentage,Total,From 25 to 29 years,All ISCED 2011 levels,Spain,2016,25.6,,
ESTAT:TEPSR_WC170(1.0),11/09/25 23:00:00,Annual,Percentage,Total,From 25 to 29 years,All ISCED 2011 levels,Spain,2017,23.0,,
ESTAT:TEPSR_WC170(1.0),11/09/25 23:00:00,Annual,Percentage,Total,From 25 to 29 years,All ISCED 2011 levels,Spain,2018,20.4,,
ESTAT:TEPSR_WC170(1.0),11/09/25 23:00:00,Annual,Percentage,Total,From 25 to 29 years,All ISCED 2011 levels,Spain,2019,19.0,,
ESTAT:TEPSR_WC170(1.0),11/09/25 23:00:00,Annual,Percentage,Total,From 25 to 29 years,All ISCED 2011 levels,Spain,2020,22.9,,
ESTAT:TEPSR_WC170(1.0),11/09/25 23:00:00,Annual,Percentage,Total,From 25 to 29 years,All ISCED 2011 levels,Spain,2021,21.7,bd,
ESTAT:TEPSR_WC170(1.0),11/09/25 23:00:00,Annual,Percentage,Total,From 25 to 29 years,All ISCED 2011 levels,Spain,2022,16.7,d,
ESTAT:TEPSR_WC170(1.0),11/09/25 23:00:00,Annual,Percentage,Total,From 25 to 29 years,All ISCED 2011 levels,Spain,2023,15.7,d,
ESTAT:TEPSR_WC170(1.0),11/09/25 23:00:00,Annual,Percentage,Total,From 25 to 29 years,All ISCED 2011 levels,Spain,2024,15.2,d,
ESTAT:TEPSR_WC170(1.0),11/09/25 23:00:00,Annual,Percentage,Total,From 25 to 29 years,All ISCED 2011 levels,European Union - 27 countries (from 2020),2005,11.8,b,
ESTAT:TEPSR_WC170(1.0),11/09/25 23:00:00,Annual,Percentage,Total,From 25 to 29 years,All ISCED 2011 levels,European Union - 27 countries (from 2020),2006,10.5,,
ESTAT:TEPSR_WC170(1.0),11/09/25 23:00:00,Annual,Percentage,Total,From 25 to 29 years,All ISCED 2011 levels,European Union - 27 countries (from 2020),2007,9.2,,
ESTAT:TEPSR_WC170(1.0),11/09/25 23:00:00,Annual,Percentage,Total,From 25 to 29 years,All ISCED 2011 levels,European Union - 27 countries (from 2020),2008,9.0,,
ESTAT:TEPSR_WC170(1.0),11/09/25 23:00:00,Annual,Percentage,Total,From 25 to 29 years,All ISCED 2011 levels,European Union - 27 countries (from 2020),2009,11.9,,
ESTAT:TEPSR_WC170(1.0),11/09/25 23:00:00,Annual,Percentage,Total,From 25 to 29 years,All ISCED 2011 levels,European Union - 27 countries (from 2020),2010,13.2,,
ESTAT:TEPSR_WC170(1.0),11/09/25 23:00:00,Annual,Percentage,Total,From 25 to 29 years,All ISCED 2011 levels,European Union - 27 countries (from 2020),2011,13.3,,
ESTAT:TEPSR_WC170(1.0),11/09/25 23:00:00,Annual,Percentage,Total,From 25 to 29 years,All ISCED 2011 levels,European Union - 27 countries (from 2020),2012,14.7,,
ESTAT:TEPSR_WC170(1.0),11/09/25 23:00:00,Annual,Percentage,Total,From 25 to 29 years,All ISCED 2011 levels,European Union - 27 countries (from 2020),2013,15.6,,
ESTAT:TEPSR_WC170(1.0),11/09/25 23:00:00,Annual,Percentage,Total,From 25 to 29 years,All ISCED 2011 levels,European Union - 27 countries (from 2020),2014,14.8,b,
ESTAT:TEPSR_WC170(1.0),11/09/25 23:00:00,Annual,Percentage,Total,From 25 to 29 years,All ISCED 2011 levels,European Union - 27 countries (from 2020),2015,13.5,,
ESTAT:TEPSR_WC170(1.0),11/09/25 23:00:00,Annual,Percentage,Total,From 25 to 29 years,All ISCED 2011 levels,European Union - 27 countries (from 2020),2016,12.3,,
ESTAT:TEPSR_WC170(1.0),11/09/25 23:00:00,Annual,Percentage,Total,From 25 to 29 years,All ISCED 2011 levels,European Union - 27 countries (from 2020),2017,11.0,,
ESTAT:TEPSR_WC170(1.0),11/09/25 23:00:00,Annual,Percentage,Total,From 25 to 29 years,All ISCED 2011 levels,European Union - 27 countries (from 2020),2018,10.0,,
ESTAT:TEPSR_WC170(1.0),11/09/25 23:00:00,Annual,Percentage,Total,From 25 to 29 years,All ISCED 2011 levels,European Union - 27 countries (from 2020),2019,9.1,,
ESTAT:TEPSR_WC170(1.0),11/09/25 23:00:00,Annual,Percentage,Total,From 25 to 29 years,All ISCED 2011 levels,European Union - 27 countries (from 2020),2020,10.3,,
ESTAT:TEPSR_WC170(1.0),11/09/25 23:00:00,Annual,Percentage,Total,From 25 to 29 years,All ISCED 2011 levels,European Union - 27 countries (from 2020),2021,9.9,b,
ESTAT:TEPSR_WC170(1.0),11/09/25 23:00:00,Annual,Percentage,Total,From 25 to 29 years,All ISCED 2011 levels,European Union - 27 countries (from 2020),2022,8.4,,
ESTAT:TEPSR_WC170(1.0),11/09/25 23:00:00,Annual,Percentage,Total,From 25 to 29 years,All ISCED 2011 levels,European Union - 27 countries (from 2020),2023,8.2,,
ESTAT:TEPSR_WC170(1.0),11/09/25 23:00:00,Annual,Percentage,Total,From 25 to 29 years,All ISCED 2011 levels,European Union - 27 countries (from 2020),2024,8.1,,
ESTAT:TEPSR_WC170(1.0),11/09/25 23:00:00,Annual,Percentage,Total,From 25 to 29 years,All ISCED 2011 levels,Finland,2005,8.6,b,
ESTAT:TEPSR_WC170(1.0),11/09/25 23:00:00,Annual,Percentage,Total,From 25 to 29 years,All ISCED 2011 levels,Finland,2006,7.7,,
ESTAT:TEPSR_WC170(1.0),11/09/25 23:00:00,Annual,Percentage,Total,From 25 to 29 years,All ISCED 2011 levels,Finland,2007,7.0,b,
ESTAT:TEPSR_WC170(1.0),11/09/25 23:00:00,Annual,Percentage,Total,From 25 to 29 years,All ISCED 2011 levels,Finland,2008,6.7,b,
ESTAT:TEPSR_WC170(1.0),11/09/25 23:00:00,Annual,Percentage,Total,From 25 to 29 years,All ISCED 2011 levels,Finland,2009,9.7,,
ESTAT:TEPSR_WC170(1.0),11/09/25 23:00:00,Annual,Percentage,Total,From 25 to 29 years,All ISCED 2011 levels,Finland,2010,9.2,,
ESTAT:TEPSR_WC170(1.0),11/09/25 23:00:00,Annual,Percentage,Total,From 25 to 29 years,All ISCED 2011 levels,Finland,2011,8.9,,
ESTAT:TEPSR_WC170(1.0),11/09/25 23:00:00,Annual,Percentage,Total,From 25 to 29 years,All ISCED 2011 levels,Finland,2012,8.9,,
ESTAT:TEPSR_WC170(1.0),11/09/25 23:00:00,Annual,Percentage,Total,From 25 to 29 years,All ISCED 2011 levels,Finland,2013,9.5,,
ESTAT:TEPSR_WC170(1.0),11/09/25 23:00:00,Annual,Percentage,Total,From 25 to 29 years,All ISCED 2011 levels,Finland,2014,10.1,b,
ESTAT:TEPSR_WC170(1.0),11/09/25 23:00:00,Annual,Percentage,Total,From 25 to 29 years,All ISCED 2011 levels,Finland,2015,11.3,,
ESTAT:TEPSR_WC170(1.0),11/09/25 23:00:00,Annual,Percentage,Total,From 25 to 29 years,All ISCED 2011 levels,Finland,2016,10.4,,
ESTAT:TEPSR_WC170(1.0),11/09/25 23:00:00,Annual,Percentage,Total,From 25 to 29 years,All ISCED 2011 levels,Finland,2017,9.3,,
ESTAT:TEPSR_WC170(1.0),11/09/25 23:00:00,Annual,Percentage,Total,From 25 to 29 years,All ISCED 2011 levels,Finland,2018,8.4,,
ESTAT:TEPSR_WC170(1.0),11/09/25 23:00:00,Annual,Percentage,Total,From 25 to 29 years,All ISCED 2011 levels,Finland,2019,7.0,,
ESTAT:TEPSR_WC170(1.0),11/09/25 23:00:00,Annual,Percentage,Total,From 25 to 29 years,All ISCED 2011 levels,Finland,2020,8.6,,
ESTAT:TEPSR_WC170(1.0),11/09/25 23:00:00,Annual,Percentage,Total,From 25 to 29 years,All ISCED 2011 levels,Finland,2021,8.9,b,
ESTAT:TEPSR_WC170(1.0),11/09/25 23:00:00,Annual,Percentage,Total,From 25 to 29 years,All ISCED 2011 levels,Finland,2022,7.9,,
ESTAT:TEPSR_WC170(1.0),11/09/25 23:00:00,Annual,Percentage,Total,From 25 to 29 years,All ISCED 2011 levels,Finland,2023,8.7,,
ESTAT:TEPSR_WC170(1.0),11/09/25 23:00:00,Annual,Percentage,Total,From 25 to 29 years,All ISCED 2011 levels,Finland,2024,10.5,,
ESTAT:TEPSR_WC170(1.0),11/09/25 23:00:00,Annual,Percentage,Total,From 25 to 29 years,All ISCED 2011 levels,France,2005,10.6,b,
ESTAT:TEPSR_WC170(1.0),11/09/25 23:00:00,Annual,Percentage,Total,From 25 to 29 years,All ISCED 2011 levels,France,2006,10.0,b,
ESTAT:TEPSR_WC170(1.0),11/09/25 23:00:00,Annual,Percentage,Total,From 25 to 29 years,All ISCED 2011 levels,France,2007,10.1,,
ESTAT:TEPSR_WC170(1.0),11/09/25 23:00:00,Annual,Percentage,Total,From 25 to 29 years,All ISCED 2011 levels,France,2008,8.9,,
ESTAT:TEPSR_WC170(1.0),11/09/25 23:00:00,Annual,Percentage,Total,From 25 to 29 years,All ISCED 2011 levels,France,2009,11.3,,
ESTAT:TEPSR_WC170(1.0),11/09/25 23:00:00,Annual,Percentage,Total,From 25 to 29 years,All ISCED 2011 levels,France,2010,11.8,,
ESTAT:TEPSR_WC170(1.0),11/09/25 23:00:00,Annual,Percentage,Total,From 25 to 29 years,All ISCED 2011 levels,France,2011,12.3,,
ESTAT:TEPSR_WC170(1.0),11/09/25 23:00:00,Annual,Percentage,Total,From 25 to 29 years,All ISCED 2011 levels,France,2012,12.6,,
ESTAT:TEPSR_WC170(1.0),11/09/25 23:00:00,Annual,Percentage,Total,From 25 to 29 years,All ISCED 2011 levels,France,2013,13.8,b,
ESTAT:TEPSR_WC170(1.0),11/09/25 23:00:00,Annual,Percentage,Total,From 25 to 29 years,All ISCED 2011 levels,France,2014,14.5,b,
ESTAT:TEPSR_WC170(1.0),11/09/25 23:00:00,Annual,Percentage,Total,From 25 to 29 years,All ISCED 2011 levels,France,2015,14.0,,
ESTAT:TEPSR_WC170(1.0),11/09/25 23:00:00,Annual,Percentage,Total,From 25 to 29 years,All ISCED 2011 levels,France,2016,13.3,,
ESTAT:TEPSR_WC170(1.0),11/09/25 23:00:00,Annual,Percentage,Total,From 25 to 29 years,All ISCED 2011 levels,France,2017,12.4,,
ESTAT:TEPSR_WC170(1.0),11/09/25 23:00:00,Annual,Percentage,Total,From 25 to 29 years,All ISCED 2011 levels,France,2018,12.5,,
ESTAT:TEPSR_WC170(1.0),11/09/25 23:00:00,Annual,Percentage,Total,From 25 to 29 years,All ISCED 2011 levels,France,2019,11.4,,
ESTAT:TEPSR_WC170(1.0),11/09/25 23:00:00,Annual,Percentage,Total,From 25 to 29 years,All ISCED 2011 levels,France,2020,11.4,,
ESTAT:TEPSR_WC170(1.0),11/09/25 23:00:00,Annual,Percentage,Total,From 25 to 29 years,All ISCED 2011 levels,France,2021,10.3,bd,
ESTAT:TEPSR_WC170(1.0),11/09/25 23:00:00,Annual,Percentage,Total,From 25 to 29 years,All ISCED 2011 levels,France,2022,9.7,d,
ESTAT:TEPSR_WC170(1.0),11/09/25 23:00:00,Annual,Percentage,Total,From 25 to 29 years,All ISCED 2011 levels,France,2023,9.9,d,
ESTAT:TEPSR_WC170(1.0),11/09/25 23:00:00,Annual,Percentage,Total,From 25 to 29 years,All ISCED 2011 levels,France,2024,9.9,d,
ESTAT:TEPSR_WC170(1.0),11/09/25 23:00:00,Annual,Percentage,Total,From 25 to 29 years,All ISCED 2011 levels,Croatia,2005,15.7,b,
ESTAT:TEPSR_WC170(1.0),11/09/25 23:00:00,Annual,Percentage,Total,From 25 to 29 years,All ISCED 2011 levels,Croatia,2006,13.8,b,
ESTAT:TEPSR_WC170(1.0),11/09/25 23:00:00,Annual,Percentage,Total,From 25 to 29 years,All ISCED 2011 levels,Croatia,2007,13.2,,
ESTAT:TEPSR_WC170(1.0),11/09/25 23:00:00,Annual,Percentage,Total,From 25 to 29 years,All ISCED 2011 levels,Croatia,2008,10.2,,
ESTAT:TEPSR_WC170(1.0),11/09/25 23:00:00,Annual,Percentage,Total,From 25 to 29 years,All ISCED 2011 levels,Croatia,2009,12.2,,
ESTAT:TEPSR_WC170(1.0),11/09/25 23:00:00,Annual,Percentage,Total,From 25 to 29 years,All ISCED 2011 levels,Croatia,2010,16.8,b,
ESTAT:TEPSR_WC170(1.0),11/09/25 23:00:00,Annual,Percentage,Total,From 25 to 29 years,All ISCED 2011 levels,Croatia,2011,22.5,,
ESTAT:TEPSR_WC170(1.0),11/09/25 23:00:00,Annual,Percentage,Total,From 25 to 29 years,All ISCED 2011 levels,Croatia,2012,24.8,b,
ESTAT:TEPSR_WC170(1.0),11/09/25 23:00:00,Annual,Percentage,Total,From 25 to 29 years,All ISCED 2011 levels,Croatia,2013,23.2,,
ESTAT:TEPSR_WC170(1.0),11/09/25 23:00:00,Annual,Percentage,Total,From 25 to 29 years,All ISCED 2011 levels,Croatia,2014,22.9,b,
ESTAT:TEPSR_WC170(1.0),11/09/25 23:00:00,Annual,Percentage,Total,From 25 to 29 years,All ISCED 2011 levels,Croatia,2015,20.8,,
ESTAT:TEPSR_WC170(1.0),11/09/25 23:00:00,Annual,Percentage,Total,From 25 to 29 years,All ISCED 2011 levels,Croatia,2016,19.0,,
ESTAT:TEPSR_WC170(1.0),11/09/25 23:00:00,Annual,Percentage,Total,From 25 to 29 years,All ISCED 2011 levels,Croatia,2017,17.3,,
ESTAT:TEPSR_WC170(1.0),11/09/25 23:00:00,Annual,Percentage,Total,From 25 to 29 years,All ISCED 2011 levels,Croatia,2018,12.9,,
ESTAT:TEPSR_WC170(1.0),11/09/25 23:00:00,Annual,Percentage,Total,From 25 to 29 years,All ISCED 2011 levels,Croatia,2019,10.8,,
ESTAT:TEPSR_WC170(1.0),11/09/25 23:00:00,Annual,Percentage,Total,From 25 to 29 years,All ISCED 2011 levels,Croatia,2020,12.9,,
ESTAT:TEPSR_WC170(1.0),11/09/25 23:00:00,Annual,Percentage,Total,From 25 to 29 years,All ISCED 2011 levels,Croatia,2021,12.5,b,
ESTAT:TEPSR_WC170(1.0),11/09/25 23:00:00,Annual,Percentage,Total,From 25 to 29 years,All ISCED 2011 levels,Croatia,2022,10.4,,
ESTAT:TEPSR_WC170(1.0),11/09/25 23:00:00,Annual,Percentage,Total,From 25 to 29 years,All ISCED 2011 levels,Croatia,2023,8.9,,
ESTAT:TEPSR_WC170(1.0),11/09/25 23:00:00,Annual,Percentage,Total,From 25 to 29 years,All ISCED 2011 levels,Croatia,2024,8.8,,
ESTAT:TEPSR_WC170(1.0),11/09/25 23:00:00,Annual,Percentage,Total,From 25 to 29 years,All ISCED 2011 levels,Hungary,2005,8.1,b,
ESTAT:TEPSR_WC170(1.0),11/09/25 23:00:00,Annual,Percentage,Total,From 25 to 29 years,All ISCED 2011 levels,Hungary,2006,8.6,,
ESTAT:TEPSR_WC170(1.0),11/09/25 23:00:00,Annual,Percentage,Total,From 25 to 29 years,All ISCED 2011 levels,Hungary,2007,8.5,,
ESTAT:TEPSR_WC170(1.0),11/09/25 23:00:00,Annual,Percentage,Total,From 25 to 29 years,All ISCED 2011 levels,Hungary,2008,9.0,,
ESTAT:TEPSR_WC170(1.0),11/09/25 23:00:00,Annual,Percentage,Total,From 25 to 29 years,All ISCED 2011 levels,Hungary,2009,12.1,,
ESTAT:TEPSR_WC170(1.0),11/09/25 23:00:00,Annual,Percentage,Total,From 25 to 29 years,All ISCED 2011 levels,Hungary,2010,14.2,,
ESTAT:TEPSR_WC170(1.0),11/09/25 23:00:00,Annual,Percentage,Total,From 25 to 29 years,All ISCED 2011 levels,Hungary,2011,12.6,,
ESTAT:TEPSR_WC170(1.0),11/09/25 23:00:00,Annual,Percentage,Total,From 25 to 29 years,All ISCED 2011 levels,Hungary,2012,13.8,,
ESTAT:TEPSR_WC170(1.0),11/09/25 23:00:00,Annual,Percentage,Total,From 25 to 29 years,All ISCED 2011 levels,Hungary,2013,11.9,,
ESTAT:TEPSR_WC170(1.0),11/09/25 23:00:00,Annual,Percentage,Total,From 25 to 29 years,All ISCED 2011 levels,Hungary,2014,9.4,b,
ESTAT:TEPSR_WC170(1.0),11/09/25 23:00:00,Annual,Percentage,Total,From 25 to 29 years,All ISCED 2011 levels,Hungary,2015,8.4,,
ESTAT:TEPSR_WC170(1.0),11/09/25 23:00:00,Annual,Percentage,Total,From 25 to 29 years,All ISCED 2011 levels,Hungary,2016,6.3,,
ESTAT:TEPSR_WC170(1.0),11/09/25 23:00:00,Annual,Percentage,Total,From 25 to 29 years,All ISCED 2011 levels,Hungary,2017,4.8,,
ESTAT:TEPSR_WC170(1.0),11/09/25 23:00:00,Annual,Percentage,Total,From 25 to 29 years,All ISCED 2011 levels,Hungary,2018,4.3,b,
ESTAT:TEPSR_WC170(1.0),11/09/25 23:00:00,Annual,Percentage,Total,From 25 to 29 years,All ISCED 2011 levels,Hungary,2019,4.6,,
ESTAT:TEPSR_WC170(1.0),11/09/25 23:00:00,Annual,Percentage,Total,From 25 to 29 years,All ISCED 2011 levels,Hungary,2020,6.1,,
ESTAT:TEPSR_WC170(1.0),11/09/25 23:00:00,Annual,Percentage,Total,From 25 to 29 years,All ISCED 2011 levels,Hungary,2021,5.0,b,
ESTAT:TEPSR_WC170(1.0),11/09/25 23:00:00,Annual,Percentage,Total,From 25 to 29 years,All ISCED 2011 levels,Hungary,2022,4.5,,
ESTAT:TEPSR_WC170(1.0),11/09/25 23:00:00,Annual,Percentage,Total,From 25 to 29 years,All ISCED 2011 levels,Hungary,2023,5.0,,
ESTAT:TEPSR_WC170(1.0),11/09/25 23:00:00,Annual,Percentage,Total,From 25 to 29 years,All ISCED 2011 levels,Hungary,2024,5.2,,
ESTAT:TEPSR_WC170(1.0),11/09/25 23:00:00,Annual,Percentage,Total,From 25 to 29 years,All ISCED 2011 levels,Ireland,2005,4.5,b,
ESTAT:TEPSR_WC170(1.0),11/09/25 23:00:00,Annual,Percentage,Total,From 25 to 29 years,All ISCED 2011 levels,Ireland,2006,4.9,,
ESTAT:TEPSR_WC170(1.0),11/09/25 23:00:00,Annual,Percentage,Total,From 25 to 29 years,All ISCED 2011 levels,Ireland,2007,5.3,b,
ESTAT:TEPSR_WC170(1.0),11/09/25 23:00:00,Annual,Percentage,Total,From 25 to 29 years,All ISCED 2011 levels,Ireland,2008,7.6,,
ESTAT:TEPSR_WC170(1.0),11/09/25 23:00:00,Annual,Percentage,Total,From 25 to 29 years,All ISCED 2011 levels,Ireland,2009,15.1,,
ESTAT:TEPSR_WC170(1.0),11/09/25 23:00:00,Annual,Percentage,Total,From 25 to 29 years,All ISCED 2011 levels,Ireland,2010,17.5,,
ESTAT:TEPSR_WC170(1.0),11/09/25 23:00:00,Annual,Percentage,Total,From 25 to 29 years,All ISCED 2011 levels,Ireland,2011,20.3,,
ESTAT:TEPSR_WC170(1.0),11/09/25 23:00:00,Annual,Percentage,Total,From 25 to 29 years,All ISCED 2011 levels,Ireland,2012,17.9,,
ESTAT:TEPSR_WC170(1.0),11/09/25 23:00:00,Annual,Percentage,Total,From 25 to 29 years,All ISCED 2011 levels,Ireland,2013,15.8,,
ESTAT:TEPSR_WC170(1.0),11/09/25 23:00:00,Annual,Percentage,Total,From 25 to 29 years,All ISCED 2011 levels,Ireland,2014,15.5,b,
ESTAT:TEPSR_WC170(1.0),11/09/25 23:00:00,Annual,Percentage,Total,From 25 to 29 years,All ISCED 2011 levels,Ireland,2015,12.7,,
ESTAT:TEPSR_WC170(1.0),11/09/25 23:00:00,Annual,Percentage,Total,From 25 to 29 years,All ISCED 2011 levels,Ireland,2016,10.6,,
ESTAT:TEPSR_WC170(1.0),11/09/25 23:00:00,Annual,Percentage,Total,From 25 to 29 years,All ISCED 2011 levels,Ireland,2017,8.1,b,
ESTAT:TEPSR_WC170(1.0),11/09/25 23:00:00,Annual,Percentage,Total,From 25 to 29 years,All ISCED 2011 levels,Ireland,2018,6.9,,
ESTAT:TEPSR_WC170(1.0),11/09/25 23:00:00,Annual,Percentage,Total,From 25 to 29 years,All ISCED 2011 levels,Ireland,2019,6.1,,
ESTAT:TEPSR_WC170(1.0),11/09/25 23:00:00,Annual,Percentage,Total,From 25 to 29 years,All ISCED 2011 levels,Ireland,2020,7.8,,
ESTAT:TEPSR_WC170(1.0),11/09/25 23:00:00,Annual,Percentage,Total,From 25 to 29 years,All ISCED 2011 levels,Ireland,2021,6.8,b,
ESTAT:TEPSR_WC170(1.0),11/09/25 23:00:00,Annual,Percentage,Total,From 25 to 29 years,All ISCED 2011 levels,Ireland,2022,6.1,,
ESTAT:TEPSR_WC170(1.0),11/09/25 23:00:00,Annual,Percentage,Total,From 25 to 29 years,All ISCED 2011 levels,Ireland,2023,5.8,,
ESTAT:TEPSR_WC170(1.0),11/09/25 23:00:00,Annual,Percentage,Total,From 25 to 29 years,All ISCED 2011 levels,Ireland,2024,6.0,,
ESTAT:TEPSR_WC170(1.0),11/09/25 23:00:00,Annual,Percentage,Total,From 25 to 29 years,All ISCED 2011 levels,Iceland,2005,,bu,
ESTAT:TEPSR_WC170(1.0),11/09/25 23:00:00,Annual,Percentage,Total,From 25 to 29 years,All ISCED 2011 levels,Iceland,2006,3.0,,
ESTAT:TEPSR_WC170(1.0),11/09/25 23:00:00,Annual,Percentage,Total,From 25 to 29 years,All ISCED 2011 levels,Iceland,2007,,u,
ESTAT:TEPSR_WC170(1.0),11/09/25 23:00:00,Annual,Percentage,Total,From 25 to 29 years,All ISCED 2011 levels,Iceland,2008,,u,
ESTAT:TEPSR_WC170(1.0),11/09/25 23:00:00,Annual,Percentage,Total,From 25 to 29 years,All ISCED 2011 levels,Iceland,2009,10.7,,
ESTAT:TEPSR_WC170(1.0),11/09/25 23:00:00,Annual,Percentage,Total,From 25 to 29 years,All ISCED 2011 levels,Iceland,2010,9.4,,
ESTAT:TEPSR_WC170(1.0),11/09/25 23:00:00,Annual,Percentage,Total,From 25 to 29 years,All ISCED 2011 levels,Iceland,2011,8.5,,
ESTAT:TEPSR_WC170(1.0),11/09/25 23:00:00,Annual,Percentage,Total,From 25 to 29 years,All ISCED 2011 levels,Iceland,2012,7.5,,
ESTAT:TEPSR_WC170(1.0),11/09/25 23:00:00,Annual,Percentage,Total,From 25 to 29 years,All ISCED 2011 levels,Iceland,2013,7.3,,
ESTAT:TEPSR_WC170(1.0),11/09/25 23:00:00,Annual,Percentage,Total,From 25 to 29 years,All ISCED 2011 levels,Iceland,2014,7.3,b,
ESTAT:TEPSR_WC170(1.0),11/09/25 23:00:00,Annual,Percentage,Total,From 25 to 29 years,All ISCED 2011 levels,Iceland,2015,4.0,,
ESTAT:TEPSR_WC170(1.0),11/09/25 23:00:00,Annual,Percentage,Total,From 25 to 29 years,All ISCED 2011 levels,Iceland,2016,3.2,,
ESTAT:TEPSR_WC170(1.0),11/09/25 23:00:00,Annual,Percentage,Total,From 25 to 29 years,All ISCED 2011 levels,Iceland,2017,3.3,,
ESTAT:TEPSR_WC170(1.0),11/09/25 23:00:00,Annual,Percentage,Total,From 25 to 29 years,All ISCED 2011 levels,Iceland,2018,3.7,,
ESTAT:TEPSR_WC170(1.0),11/09/25 23:00:00,Annual,Percentage,Total,From 25 to 29 years,All ISCED 2011 levels,Iceland,2019,6.2,,
ESTAT:TEPSR_WC170(1.0),11/09/25 23:00:00,Annual,Percentage,Total,From 25 to 29 years,All ISCED 2011 levels,Iceland,2020,7.8,b,
ESTAT:TEPSR_WC170(1.0),11/09/25 23:00:00,Annual,Percentage,Total,From 25 to 29 years,All ISCED 2011 levels,Iceland,2021,7.7,b,
ESTAT:TEPSR_WC170(1.0),11/09/25 23:00:00,Annual,Percentage,Total,From 25 to 29 years,All ISCED 2011 levels,Iceland,2022,4.8,,
ESTAT:TEPSR_WC170(1.0),11/09/25 23:00:00,Annual,Percentage,Total,From 25 to 29 years,All ISCED 2011 levels,Iceland,2023,5.4,,
ESTAT:TEPSR_WC170(1.0),11/09/25 23:00:00,Annual,Percentage,Total,From 25 to 29 years,All ISCED 2011 levels,Iceland,2024,3.1,,
ESTAT:TEPSR_WC170(1.0),11/09/25 23:00:00,Annual,Percentage,Total,From 25 to 29 years,All ISCED 2011 levels,Italy,2005,13.1,b,
ESTAT:TEPSR_WC170(1.0),11/09/25 23:00:00,Annual,Percentage,Total,From 25 to 29 years,All ISCED 2011 levels,Italy,2006,11.6,,
ESTAT:TEPSR_WC170(1.0),11/09/25 23:00:00,Annual,Percentage,Total,From 25 to 29 years,All ISCED 2011 levels,Italy,2007,10.4,,
ESTAT:TEPSR_WC170(1.0),11/09/25 23:00:00,Annual,Percentage,Total,From 25 to 29 years,All ISCED 2011 levels,Italy,2008,11.1,,
ESTAT:TEPSR_WC170(1.0),11/09/25 23:00:00,Annual,Percentage,Total,From 25 to 29 years,All ISCED 2011 levels,Italy,2009,13.3,,
ESTAT:TEPSR_WC170(1.0),11/09/25 23:00:00,Annual,Percentage,Total,From 25 to 29 years,All ISCED 2011 levels,Italy,2010,14.8,,
ESTAT:TEPSR_WC170(1.0),11/09/25 23:00:00,Annual,Percentage,Total,From 25 to 29 years,All ISCED 2011 levels,Italy,2011,14.4,,
ESTAT:TEPSR_WC170(1.0),11/09/25 23:00:00,Annual,Percentage,Total,From 25 to 29 years,All ISCED 2011 levels,Italy,2012,18.1,,
ESTAT:TEPSR_WC170(1.0),11/09/25 23:00:00,Annual,Percentage,Total,From 25 to 29 years,All ISCED 2011 levels,Italy,2013,22.2,,
ESTAT:TEPSR_WC170(1.0),11/09/25 23:00:00,Annual,Percentage,Total,From 25 to 29 years,All ISCED 2011 levels,Italy,2014,23.6,b,
ESTAT:TEPSR_WC170(1.0),11/09/25 23:00:00,Annual,Percentage,Total,From 25 to 29 years,All ISCED 2011 levels,Italy,2015,22.4,,
ESTAT:TEPSR_WC170(1.0),11/09/25 23:00:00,Annual,Percentage,Total,From 25 to 29 years,All ISCED 2011 levels,Italy,2016,21.9,,
ESTAT:TEPSR_WC170(1.0),11/09/25 23:00:00,Annual,Percentage,Total,From 25 to 29 years,All ISCED 2011 levels,Italy,2017,21.2,,
ESTAT:TEPSR_WC170(1.0),11/09/25 23:00:00,Annual,Percentage,Total,From 25 to 29 years,All ISCED 2011 levels,Italy,2018,19.6,b,
ESTAT:TEPSR_WC170(1.0),11/09/25 23:00:00,Annual,Percentage,Total,From 25 to 29 years,All ISCED 2011 levels,Italy,2019,17.6,,
ESTAT:TEPSR_WC170(1.0),11/09/25 23:00:00,Annual,Percentage,Total,From 25 to 29 years,All ISCED 2011 levels,Italy,2020,17.2,,
ESTAT:TEPSR_WC170(1.0),11/09/25 23:00:00,Annual,Percentage,Total,From 25 to 29 years,All ISCED 2011 levels,Italy,2021,17.1,b,
ESTAT:TEPSR_WC170(1.0),11/09/25 23:00:00,Annual,Percentage,Total,From 25 to 29 years,All ISCED 2011 levels,Italy,2022,13.9,,
ESTAT:TEPSR_WC170(1.0),11/09/25 23:00:00,Annual,Percentage,Total,From 25 to 29 years,All ISCED 2011 levels,Italy,2023,12.3,,
ESTAT:TEPSR_WC170(1.0),11/09/25 23:00:00,Annual,Percentage,Total,From 25 to 29 years,All ISCED 2011 levels,Italy,2024,10.9,,
ESTAT:TEPSR_WC170(1.0),11/09/25 23:00:00,Annual,Percentage,Total,From 25 to 29 years,All ISCED 2011 levels,Lithuania,2005,6.4,bu,
ESTAT:TEPSR_WC170(1.0),11/09/25 23:00:00,Annual,Percentage,Total,From 25 to 29 years,All ISCED 2011 levels,Lithuania,2006,4.9,u,
ESTAT:TEPSR_WC170(1.0),11/09/25 23:00:00,Annual,Percentage,Total,From 25 to 29 years,All ISCED 2011 levels,Lithuania,2007,4.6,u,
ESTAT:TEPSR_WC170(1.0),11/09/25 23:00:00,Annual,Percentage,Total,From 25 to 29 years,All ISCED 2011 levels,Lithuania,2008,6.1,u,
ESTAT:TEPSR_WC170(1.0),11/09/25 23:00:00,Annual,Percentage,Total,From 25 to 29 years,All ISCED 2011 levels,Lithuania,2009,15.1,,
ESTAT:TEPSR_WC170(1.0),11/09/25 23:00:00,Annual,Percentage,Total,From 25 to 29 years,All ISCED 2011 levels,Lithuania,2010,20.8,,
ESTAT:TEPSR_WC170(1.0),11/09/25 23:00:00,Annual,Percentage,Total,From 25 to 29 years,All ISCED 2011 levels,Lithuania,2011,15.7,,
ESTAT:TEPSR_WC170(1.0),11/09/25 23:00:00,Annual,Percentage,Total,From 25 to 29 years,All ISCED 2011 levels,Lithuania,2012,14.3,,
ESTAT:TEPSR_WC170(1.0),11/09/25 23:00:00,Annual,Percentage,Total,From 25 to 29 years,All ISCED 2011 levels,Lithuania,2013,13.4,,
ESTAT:TEPSR_WC170(1.0),11/09/25 23:00:00,Annual,Percentage,Total,From 25 to 29 years,All ISCED 2011 levels,Lithuania,2014,11.0,b,
ESTAT:TEPSR_WC170(1.0),11/09/25 23:00:00,Annual,Percentage,Total,From 25 to 29 years,All ISCED 2011 levels,Lithuania,2015,9.8,,
ESTAT:TEPSR_WC170(1.0),11/09/25 23:00:00,Annual,Percentage,Total,From 25 to 29 years,All ISCED 2011 levels,Lithuania,2016,7.2,,
ESTAT:TEPSR_WC170(1.0),11/09/25 23:00:00,Annual,Percentage,Total,From 25 to 29 years,All ISCED 2011 levels,Lithuania,2017,5.0,,
ESTAT:TEPSR_WC170(1.0),11/09/25 23:00:00,Annual,Percentage,Total,From 25 to 29 years,All ISCED 2011 levels,Lithuania,2018,4.7,,
ESTAT:TEPSR_WC170(1.0),11/09/25 23:00:00,Annual,Percentage,Total,From 25 to 29 years,All ISCED 2011 levels,Lithuania,2019,6.2,,
ESTAT:TEPSR_WC170(1.0),11/09/25 23:00:00,Annual,Percentage,Total,From 25 to 29 years,All ISCED 2011 levels,Lithuania,2020,8.8,,
ESTAT:TEPSR_WC170(1.0),11/09/25 23:00:00,Annual,Percentage,Total,From 25 to 29 years,All ISCED 2011 levels,Lithuania,2021,6.6,b,
ESTAT:TEPSR_WC170(1.0),11/09/25 23:00:00,Annual,Percentage,Total,From 25 to 29 years,All ISCED 2011 levels,Lithuania,2022,5.3,,
ESTAT:TEPSR_WC170(1.0),11/09/25 23:00:00,Annual,Percentage,Total,From 25 to 29 years,All ISCED 2011 levels,Lithuania,2023,6.5,,
ESTAT:TEPSR_WC170(1.0),11/09/25 23:00:00,Annual,Percentage,Total,From 25 to 29 years,All ISCED 2011 levels,Lithuania,2024,7.3,,
ESTAT:TEPSR_WC170(1.0),11/09/25 23:00:00,Annual,Percentage,Total,From 25 to 29 years,All ISCED 2011 levels,Luxembourg,2005,4.7,b,
ESTAT:TEPSR_WC170(1.0),11/09/25 23:00:00,Annual,Percentage,Total,From 25 to 29 years,All ISCED 2011 levels,Luxembourg,2006,6.7,,
ESTAT:TEPSR_WC170(1.0),11/09/25 23:00:00,Annual,Percentage,Total,From 25 to 29 years,All ISCED 2011 levels,Luxembourg,2007,5.5,b,
ESTAT:TEPSR_WC170(1.0),11/09/25 23:00:00,Annual,Percentage,Total,From 25 to 29 years,All ISCED 2011 levels,Luxembourg,2008,10.8,,
ESTAT:TEPSR_WC170(1.0),11/09/25 23:00:00,Annual,Percentage,Total,From 25 to 29 years,All ISCED 2011 levels,Luxembourg,2009,6.7,b,
ESTAT:TEPSR_WC170(1.0),11/09/25 23:00:00,Annual,Percentage,Total,From 25 to 29 years,All ISCED 2011 levels,Luxembourg,2010,5.3,,
ESTAT:TEPSR_WC170(1.0),11/09/25 23:00:00,Annual,Percentage,Total,From 25 to 29 years,All ISCED 2011 levels,Luxembourg,2011,6.3,,
ESTAT:TEPSR_WC170(1.0),11/09/25 23:00:00,Annual,Percentage,Total,From 25 to 29 years,All ISCED 2011 levels,Luxembourg,2012,6.7,,
ESTAT:TEPSR_WC170(1.0),11/09/25 23:00:00,Annual,Percentage,Total,From 25 to 29 years,All ISCED 2011 levels,Luxembourg,2013,8.6,,
ESTAT:TEPSR_WC170(1.0),11/09/25 23:00:00,Annual,Percentage,Total,From 25 to 29 years,All ISCED 2011 levels,Luxembourg,2014,7.7,b,
ESTAT:TEPSR_WC170(1.0),11/09/25 23:00:00,Annual,Percentage,Total,From 25 to 29 years,All ISCED 2011 levels,Luxembourg,2015,8.2,b,
ESTAT:TEPSR_WC170(1.0),11/09/25 23:00:00,Annual,Percentage,Total,From 25 to 29 years,All ISCED 2011 levels,Luxembourg,2016,5.9,,
ESTAT:TEPSR_WC170(1.0),11/09/25 23:00:00,Annual,Percentage,Total,From 25 to 29 years,All ISCED 2011 levels,Luxembourg,2017,6.0,,
ESTAT:TEPSR_WC170(1.0),11/09/25 23:00:00,Annual,Percentage,Total,From 25 to 29 years,All ISCED 2011 levels,Luxembourg,2018,7.7,,
ESTAT:TEPSR_WC170(1.0),11/09/25 23:00:00,Annual,Percentage,Total,From 25 to 29 years,All ISCED 2011 levels,Luxembourg,2019,7.1,,
ESTAT:TEPSR_WC170(1.0),11/09/25 23:00:00,Annual,Percentage,Total,From 25 to 29 years,All ISCED 2011 levels,Luxembourg,2020,7.8,,
ESTAT:TEPSR_WC170(1.0),11/09/25 23:00:00,Annual,Percentage,Total,From 25 to 29 years,All ISCED 2011 levels,Luxembourg,2021,5.6,b,
ESTAT:TEPSR_WC170(1.0),11/09/25 23:00:00,Annual,Percentage,Total,From 25 to 29 years,All ISCED 2011 levels,Luxembourg,2022,4.1,,
ESTAT:TEPSR_WC170(1.0),11/09/25 23:00:00,Annual,Percentage,Total,From 25 to 29 years,All ISCED 2011 levels,Luxembourg,2023,5.5,u,
ESTAT:TEPSR_WC170(1.0),11/09/25 23:00:00,Annual,Percentage,Total,From 25 to 29 years,All ISCED 2011 levels,Luxembourg,2024,7.7,u,
ESTAT:TEPSR_WC170(1.0),11/09/25 23:00:00,Annual,Percentage,Total,From 25 to 29 years,All ISCED 2011 levels,Latvia,2005,9.8,b,
ESTAT:TEPSR_WC170(1.0),11/09/25 23:00:00,Annual,Percentage,Total,From 25 to 29 years,All ISCED 2011 levels,Latvia,2006,7.2,,
ESTAT:TEPSR_WC170(1.0),11/09/25 23:00:00,Annual,Percentage,Total,From 25 to 29 years,All ISCED 2011 levels,Latvia,2007,6.5,,
ESTAT:TEPSR_WC170(1.0),11/09/25 23:00:00,Annual,Percentage,Total,From 25 to 29 years,All ISCED 2011 levels,Latvia,2008,8.5,,
ESTAT:TEPSR_WC170(1.0),11/09/25 23:00:00,Annual,Percentage,Total,From 25 to 29 years,All ISCED 2011 levels,Latvia,2009,19.5,,
ESTAT:TEPSR_WC170(1.0),11/09/25 23:00:00,Annual,Percentage,Total,From 25 to 29 years,All ISCED 2011 levels,Latvia,2010,21.2,,
ESTAT:TEPSR_WC170(1.0),11/09/25 23:00:00,Annual,Percentage,Total,From 25 to 29 years,All ISCED 2011 levels,Latvia,2011,16.6,,
ESTAT:TEPSR_WC170(1.0),11/09/25 23:00:00,Annual,Percentage,Total,From 25 to 29 years,All ISCED 2011 levels,Latvia,2012,14.6,,
ESTAT:TEPSR_WC170(1.0),11/09/25 23:00:00,Annual,Percentage,Total,From 25 to 29 years,All ISCED 2011 levels,Latvia,2013,11.3,,
ESTAT:TEPSR_WC170(1.0),11/09/25 23:00:00,Annual,Percentage,Total,From 25 to 29 years,All ISCED 2011 levels,Latvia,2014,10.7,b,
ESTAT:TEPSR_WC170(1.0),11/09/25 23:00:00,Annual,Percentage,Total,From 25 to 29 years,All ISCED 2011 levels,Latvia,2015,10.6,,
ESTAT:TEPSR_WC170(1.0),11/09/25 23:00:00,Annual,Percentage,Total,From 25 to 29 years,All ISCED 2011 levels,Latvia,2016,10.8,,
ESTAT:TEPSR_WC170(1.0),11/09/25 23:00:00,Annual,Percentage,Total,From 25 to 29 years,All ISCED 2011 levels,Latvia,2017,8.2,,
ESTAT:TEPSR_WC170(1.0),11/09/25 23:00:00,Annual,Percentage,Total,From 25 to 29 years,All ISCED 2011 levels,Latvia,2018,9.6,,
ESTAT:TEPSR_WC170(1.0),11/09/25 23:00:00,Annual,Percentage,Total,From 25 to 29 years,All ISCED 2011 levels,Latvia,2019,7.4,,
ESTAT:TEPSR_WC170(1.0),11/09/25 23:00:00,Annual,Percentage,Total,From 25 to 29 years,All ISCED 2011 levels,Latvia,2020,12.1,,
ESTAT:TEPSR_WC170(1.0),11/09/25 23:00:00,Annual,Percentage,Total,From 25 to 29 years,All ISCED 2011 levels,Latvia,2021,8.9,b,
ESTAT:TEPSR_WC170(1.0),11/09/25 23:00:00,Annual,Percentage,Total,From 25 to 29 years,All ISCED 2011 levels,Latvia,2022,7.6,,
ESTAT:TEPSR_WC170(1.0),11/09/25 23:00:00,Annual,Percentage,Total,From 25 to 29 years,All ISCED 2011 levels,Latvia,2023,7.1,,
ESTAT:TEPSR_WC170(1.0),11/09/25 23:00:00,Annual,Percentage,Total,From 25 to 29 years,All ISCED 2011 levels,Latvia,2024,9.0,,
ESTAT:TEPSR_WC170(1.0),11/09/25 23:00:00,Annual,Percentage,Total,From 25 to 29 years,All ISCED 2011 levels,Montenegro,2011,29.8,,
ESTAT:TEPSR_WC170(1.0),11/09/25 23:00:00,Annual,Percentage,Total,From 25 to 29 years,All ISCED 2011 levels,Montenegro,2012,27.0,,
ESTAT:TEPSR_WC170(1.0),11/09/25 23:00:00,Annual,Percentage,Total,From 25 to 29 years,All ISCED 2011 levels,Montenegro,2013,24.3,,
ESTAT:TEPSR_WC170(1.0),11/09/25 23:00:00,Annual,Percentage,Total,From 25 to 29 years,All ISCED 2011 levels,Montenegro,2014,25.0,b,
ESTAT:TEPSR_WC170(1.0),11/09/25 23:00:00,Annual,Percentage,Total,From 25 to 29 years,All ISCED 2011 levels,Montenegro,2015,23.2,,
ESTAT:TEPSR_WC170(1.0),11/09/25 23:00:00,Annual,Percentage,Total,From 25 to 29 years,All ISCED 2011 levels,Montenegro,2016,23.4,,
ESTAT:TEPSR_WC170(1.0),11/09/25 23:00:00,Annual,Percentage,Total,From 25 to 29 years,All ISCED 2011 levels,Montenegro,2017,22.9,,
ESTAT:TEPSR_WC170(1.0),11/09/25 23:00:00,Annual,Percentage,Total,From 25 to 29 years,All ISCED 2011 levels,Montenegro,2018,23.3,,
ESTAT:TEPSR_WC170(1.0),11/09/25 23:00:00,Annual,Percentage,Total,From 25 to 29 years,All ISCED 2011 levels,Montenegro,2019,19.7,,
ESTAT:TEPSR_WC170(1.0),11/09/25 23:00:00,Annual,Percentage,Total,From 25 to 29 years,All ISCED 2011 levels,Montenegro,2020,26.5,,
ESTAT:TEPSR_WC170(1.0),11/09/25 23:00:00,Annual,Percentage,Total,From 25 to 29 years,All ISCED 2011 levels,North Macedonia,2006,44.8,,
ESTAT:TEPSR_WC170(1.0),11/09/25 23:00:00,Annual,Percentage,Total,From 25 to 29 years,All ISCED 2011 levels,North Macedonia,2007,42.5,,
ESTAT:TEPSR_WC170(1.0),11/09/25 23:00:00,Annual,Percentage,Total,From 25 to 29 years,All ISCED 2011 levels,North Macedonia,2008,40.3,,
ESTAT:TEPSR_WC170(1.0),11/09/25 23:00:00,Annual,Percentage,Total,From 25 to 29 years,All ISCED 2011 levels,North Macedonia,2009,37.7,,
ESTAT:TEPSR_WC170(1.0),11/09/25 23:00:00,Annual,Percentage,Total,From 25 to 29 years,All ISCED 2011 levels,North Macedonia,2010,39.4,,
ESTAT:TEPSR_WC170(1.0),11/09/25 23:00:00,Annual,Percentage,Total,From 25 to 29 years,All ISCED 2011 levels,North Macedonia,2011,40.6,,
ESTAT:TEPSR_WC170(1.0),11/09/25 23:00:00,Annual,Percentage,Total,From 25 to 29 years,All ISCED 2011 levels,North Macedonia,2012,41.5,,
ESTAT:TEPSR_WC170(1.0),11/09/25 23:00:00,Annual,Percentage,Total,From 25 to 29 years,All ISCED 2011 levels,North Macedonia,2013,40.5,,
ESTAT:TEPSR_WC170(1.0),11/09/25 23:00:00,Annual,Percentage,Total,From 25 to 29 years,All ISCED 2011 levels,North Macedonia,2014,39.3,b,
ESTAT:TEPSR_WC170(1.0),11/09/25 23:00:00,Annual,Percentage,Total,From 25 to 29 years,All ISCED 2011 levels,North Macedonia,2015,39.0,,
ESTAT:TEPSR_WC170(1.0),11/09/25 23:00:00,Annual,Percentage,Total,From 25 to 29 years,All ISCED 2011 levels,North Macedonia,2016,35.2,,
ESTAT:TEPSR_WC170(1.0),11/09/25 23:00:00,Annual,Percentage,Total,From 25 to 29 years,All ISCED 2011 levels,North Macedonia,2017,33.9,,
ESTAT:TEPSR_WC170(1.0),11/09/25 23:00:00,Annual,Percentage,Total,From 25 to 29 years,All ISCED 2011 levels,North Macedonia,2018,31.4,,
ESTAT:TEPSR_WC170(1.0),11/09/25 23:00:00,Annual,Percentage,Total,From 25 to 29 years,All ISCED 2011 levels,North Macedonia,2019,27.0,,
ESTAT:TEPSR_WC170(1.0),11/09/25 23:00:00,Annual,Percentage,Total,From 25 to 29 years,All ISCED 2011 levels,North Macedonia,2020,25.5,,
ESTAT:TEPSR_WC170(1.0),11/09/25 23:00:00,Annual,Percentage,Total,From 25 to 29 years,All ISCED 2011 levels,Malta,2005,5.1,b,
ESTAT:TEPSR_WC170(1.0),11/09/25 23:00:00,Annual,Percentage,Total,From 25 to 29 years,All ISCED 2011 levels,Malta,2006,6.1,,
ESTAT:TEPSR_WC170(1.0),11/09/25 23:00:00,Annual,Percentage,Total,From 25 to 29 years,All ISCED 2011 levels,Malta,2007,5.3,,
ESTAT:TEPSR_WC170(1.0),11/09/25 23:00:00,Annual,Percentage,Total,From 25 to 29 years,All ISCED 2011 levels,Malta,2008,4.7,,
ESTAT:TEPSR_WC170(1.0),11/09/25 23:00:00,Annual,Percentage,Total,From 25 to 29 years,All ISCED 2011 levels,Malta,2009,5.2,,
ESTAT:TEPSR_WC170(1.0),11/09/25 23:00:00,Annual,Percentage,Total,From 25 to 29 years,All ISCED 2011 levels,Malta,2010,6.3,,
ESTAT:TEPSR_WC170(1.0),11/09/25 23:00:00,Annual,Percentage,Total,From 25 to 29 years,All ISCED 2011 levels,Malta,2011,5.7,b,
ESTAT:TEPSR_WC170(1.0),11/09/25 23:00:00,Annual,Percentage,Total,From 25 to 29 years,All ISCED 2011 levels,Malta,2012,5.4,,
ESTAT:TEPSR_WC170(1.0),11/09/25 23:00:00,Annual,Percentage,Total,From 25 to 29 years,All ISCED 2011 levels,Malta,2013,5.5,,
ESTAT:TEPSR_WC170(1.0),11/09/25 23:00:00,Annual,Percentage,Total,From 25 to 29 years,All ISCED 2011 levels,Malta,2014,5.9,b,
ESTAT:TEPSR_WC170(1.0),11/09/25 23:00:00,Annual,Percentage,Total,From 25 to 29 years,All ISCED 2011 levels,Malta,2015,5.7,,
ESTAT:TEPSR_WC170(1.0),11/09/25 23:00:00,Annual,Percentage,Total,From 25 to 29 years,All ISCED 2011 levels,Malta,2016,4.5,,
ESTAT:TEPSR_WC170(1.0),11/09/25 23:00:00,Annual,Percentage,Total,From 25 to 29 years,All ISCED 2011 levels,Malta,2017,4.7,,
ESTAT:TEPSR_WC170(1.0),11/09/25 23:00:00,Annual,Percentage,Total,From 25 to 29 years,All ISCED 2011 levels,Malta,2018,2.7,,
ESTAT:TEPSR_WC170(1.0),11/09/25 23:00:00,Annual,Percentage,Total,From 25 to 29 years,All ISCED 2011 levels,Malta,2019,4.6,,
ESTAT:TEPSR_WC170(1.0),11/09/25 23:00:00,Annual,Percentage,Total,From 25 to 29 years,All ISCED 2011 levels,Malta,2020,5.2,,
ESTAT:TEPSR_WC170(1.0),11/09/25 23:00:00,Annual,Percentage,Total,From 25 to 29 years,All ISCED 2011 levels,Malta,2021,5.1,b,
ESTAT:TEPSR_WC170(1.0),11/09/25 23:00:00,Annual,Percentage,Total,From 25 to 29 years,All ISCED 2011 levels,Malta,2022,5.2,,
ESTAT:TEPSR_WC170(1.0),11/09/25 23:00:00,Annual,Percentage,Total,From 25 to 29 years,All ISCED 2011 levels,Malta,2023,4.5,u,
ESTAT:TEPSR_WC170(1.0),11/09/25 23:00:00,Annual,Percentage,Total,From 25 to 29 years,All ISCED 2011 levels,Malta,2024,4.1,,
ESTAT:TEPSR_WC170(1.0),11/09/25 23:00:00,Annual,Percentage,Total,From 25 to 29 years,All ISCED 2011 levels,Netherlands,2005,5.3,b,
ESTAT:TEPSR_WC170(1.0),11/09/25 23:00:00,Annual,Percentage,Total,From 25 to 29 years,All ISCED 2011 levels,Netherlands,2006,3.9,b,
ESTAT:TEPSR_WC170(1.0),11/09/25 23:00:00,Annual,Percentage,Total,From 25 to 29 years,All ISCED 2011 levels,Netherlands,2007,2.9,,
ESTAT:TEPSR_WC170(1.0),11/09/25 23:00:00,Annual,Percentage,Total,From 25 to 29 years,All ISCED 2011 levels,Netherlands,2008,2.7,,
ESTAT:TEPSR_WC170(1.0),11/09/25 23:00:00,Annual,Percentage,Total,From 25 to 29 years,All ISCED 2011 levels,Netherlands,2009,3.8,,
ESTAT:TEPSR_WC170(1.0),11/09/25 23:00:00,Annual,Percentage,Total,From 25 to 29 years,All ISCED 2011 levels,Netherlands,2010,4.5,,
ESTAT:TEPSR_WC170(1.0),11/09/25 23:00:00,Annual,Percentage,Total,From 25 to 29 years,All ISCED 2011 levels,Netherlands,2011,4.6,,
ESTAT:TEPSR_WC170(1.0),11/09/25 23:00:00,Annual,Percentage,Total,From 25 to 29 years,All ISCED 2011 levels,Netherlands,2012,5.6,,
ESTAT:TEPSR_WC170(1.0),11/09/25 23:00:00,Annual,Percentage,Total,From 25 to 29 years,All ISCED 2011 levels,Netherlands,2013,7.4,b,
ESTAT:TEPSR_WC170(1.0),11/09/25 23:00:00,Annual,Percentage,Total,From 25 to 29 years,All ISCED 2011 levels,Netherlands,2014,7.2,b,
ESTAT:TEPSR_WC170(1.0),11/09/25 23:00:00,Annual,Percentage,Total,From 25 to 29 years,All ISCED 2011 levels,Netherlands,2015,6.5,,
ESTAT:TEPSR_WC170(1.0),11/09/25 23:00:00,Annual,Percentage,Total,From 25 to 29 years,All ISCED 2011 levels,Netherlands,2016,5.3,,
ESTAT:TEPSR_WC170(1.0),11/09/25 23:00:00,Annual,Percentage,Total,From 25 to 29 years,All ISCED 2011 levels,Netherlands,2017,4.4,,
ESTAT:TEPSR_WC170(1.0),11/09/25 23:00:00,Annual,Percentage,Total,From 25 to 29 years,All ISCED 2011 levels,Netherlands,2018,3.3,,
ESTAT:TEPSR_WC170(1.0),11/09/25 23:00:00,Annual,Percentage,Total,From 25 to 29 years,All ISCED 2011 levels,Netherlands,2019,3.4,b,
ESTAT:TEPSR_WC170(1.0),11/09/25 23:00:00,Annual,Percentage,Total,From 25 to 29 years,All ISCED 2011 levels,Netherlands,2020,4.0,,
ESTAT:TEPSR_WC170(1.0),11/09/25 23:00:00,Annual,Percentage,Total,From 25 to 29 years,All ISCED 2011 levels,Netherlands,2021,3.9,b,
ESTAT:TEPSR_WC170(1.0),11/09/25 23:00:00,Annual,Percentage,Total,From 25 to 29 years,All ISCED 2011 levels,Netherlands,2022,4.0,,
ESTAT:TEPSR_WC170(1.0),11/09/25 23:00:00,Annual,Percentage,Total,From 25 to 29 years,All ISCED 2011 levels,Netherlands,2023,4.0,,
ESTAT:TEPSR_WC170(1.0),11/09/25 23:00:00,Annual,Percentage,Total,From 25 to 29 years,All ISCED 2011 levels,Netherlands,2024,4.0,,
ESTAT:TEPSR_WC170(1.0),11/09/25 23:00:00,Annual,Percentage,Total,From 25 to 29 years,All ISCED 2011 levels,Norway,2005,5.5,b,
ESTAT:TEPSR_WC170(1.0),11/09/25 23:00:00,Annual,Percentage,Total,From 25 to 29 years,All ISCED 2011 levels,Norway,2006,4.4,b,
ESTAT:TEPSR_WC170(1.0),11/09/25 23:00:00,Annual,Percentage,Total,From 25 to 29 years,All ISCED 2011 levels,Norway,2007,3.0,,
ESTAT:TEPSR_WC170(1.0),11/09/25 23:00:00,Annual,Percentage,Total,From 25 to 29 years,All ISCED 2011 levels,Norway,2008,3.5,,
ESTAT:TEPSR_WC170(1.0),11/09/25 23:00:00,Annual,Percentage,Total,From 25 to 29 years,All ISCED 2011 levels,Norway,2009,3.6,,
ESTAT:TEPSR_WC170(1.0),11/09/25 23:00:00,Annual,Percentage,Total,From 25 to 29 years,All ISCED 2011 levels,Norway,2010,5.3,,
ESTAT:TEPSR_WC170(1.0),11/09/25 23:00:00,Annual,Percentage,Total,From 25 to 29 years,All ISCED 2011 levels,Norway,2011,4.9,,
ESTAT:TEPSR_WC170(1.0),11/09/25 23:00:00,Annual,Percentage,Total,From 25 to 29 years,All ISCED 2011 levels,Norway,2012,4.3,,
ESTAT:TEPSR_WC170(1.0),11/09/25 23:00:00,Annual,Percentage,Total,From 25 to 29 years,All ISCED 2011 levels,Norway,2013,5.3,,
ESTAT:TEPSR_WC170(1.0),11/09/25 23:00:00,Annual,Percentage,Total,From 25 to 29 years,All ISCED 2011 levels,Norway,2014,5.7,b,
ESTAT:TEPSR_WC170(1.0),11/09/25 23:00:00,Annual,Percentage,Total,From 25 to 29 years,All ISCED 2011 levels,Norway,2015,6.1,,
ESTAT:TEPSR_WC170(1.0),11/09/25 23:00:00,Annual,Percentage,Total,From 25 to 29 years,All ISCED 2011 levels,Norway,2016,6.6,,
ESTAT:TEPSR_WC170(1.0),11/09/25 23:00:00,Annual,Percentage,Total,From 25 to 29 years,All ISCED 2011 levels,Norway,2017,4.8,,
ESTAT:TEPSR_WC170(1.0),11/09/25 23:00:00,Annual,Percentage,Total,From 25 to 29 years,All ISCED 2011 levels,Norway,2018,4.6,,
ESTAT:TEPSR_WC170(1.0),11/09/25 23:00:00,Annual,Percentage,Total,From 25 to 29 years,All ISCED 2011 levels,Norway,2019,4.2,,
ESTAT:TEPSR_WC170(1.0),11/09/25 23:00:00,Annual,Percentage,Total,From 25 to 29 years,All ISCED 2011 levels,Norway,2020,5.7,,
ESTAT:TEPSR_WC170(1.0),11/09/25 23:00:00,Annual,Percentage,Total,From 25 to 29 years,All ISCED 2011 levels,Norway,2021,5.1,b,
ESTAT:TEPSR_WC170(1.0),11/09/25 23:00:00,Annual,Percentage,Total,From 25 to 29 years,All ISCED 2011 levels,Norway,2022,3.7,,
ESTAT:TEPSR_WC170(1.0),11/09/25 23:00:00,Annual,Percentage,Total,From 25 to 29 years,All ISCED 2011 levels,Norway,2023,4.3,,
ESTAT:TEPSR_WC170(1.0),11/09/25 23:00:00,Annual,Percentage,Total,From 25 to 29 years,All ISCED 2011 levels,Norway,2024,3.8,,
ESTAT:TEPSR_WC170(1.0),11/09/25 23:00:00,Annual,Percentage,Total,From 25 to 29 years,All ISCED 2011 levels,Poland,2005,20.2,b,
ESTAT:TEPSR_WC170(1.0),11/09/25 23:00:00,Annual,Percentage,Total,From 25 to 29 years,All ISCED 2011 levels,Poland,2006,15.3,,
ESTAT:TEPSR_WC170(1.0),11/09/25 23:00:00,Annual,Percentage,Total,From 25 to 29 years,All ISCED 2011 levels,Poland,2007,10.6,,
ESTAT:TEPSR_WC170(1.0),11/09/25 23:00:00,Annual,Percentage,Total,From 25 to 29 years,All ISCED 2011 levels,Poland,2008,8.2,,
ESTAT:TEPSR_WC170(1.0),11/09/25 23:00:00,Annual,Percentage,Total,From 25 to 29 years,All ISCED 2011 levels,Poland,2009,9.8,,
ESTAT:TEPSR_WC170(1.0),11/09/25 23:00:00,Annual,Percentage,Total,From 25 to 29 years,All ISCED 2011 levels,Poland,2010,12.0,b,
ESTAT:TEPSR_WC170(1.0),11/09/25 23:00:00,Annual,Percentage,Total,From 25 to 29 years,All ISCED 2011 levels,Poland,2011,12.0,,
ESTAT:TEPSR_WC170(1.0),11/09/25 23:00:00,Annual,Percentage,Total,From 25 to 29 years,All ISCED 2011 levels,Poland,2012,13.1,,
ESTAT:TEPSR_WC170(1.0),11/09/25 23:00:00,Annual,Percentage,Total,From 25 to 29 years,All ISCED 2011 levels,Poland,2013,13.6,,
ESTAT:TEPSR_WC170(1.0),11/09/25 23:00:00,Annual,Percentage,Total,From 25 to 29 years,All ISCED 2011 levels,Poland,2014,11.8,b,
ESTAT:TEPSR_WC170(1.0),11/09/25 23:00:00,Annual,Percentage,Total,From 25 to 29 years,All ISCED 2011 levels,Poland,2015,10.1,,
ESTAT:TEPSR_WC170(1.0),11/09/25 23:00:00,Annual,Percentage,Total,From 25 to 29 years,All ISCED 2011 levels,Poland,2016,8.1,,
ESTAT:TEPSR_WC170(1.0),11/09/25 23:00:00,Annual,Percentage,Total,From 25 to 29 years,All ISCED 2011 levels,Poland,2017,5.9,,
ESTAT:TEPSR_WC170(1.0),11/09/25 23:00:00,Annual,Percentage,Total,From 25 to 29 years,All ISCED 2011 levels,Poland,2018,5.0,,
ESTAT:TEPSR_WC170(1.0),11/09/25 23:00:00,Annual,Percentage,Total,From 25 to 29 years,All ISCED 2011 levels,Poland,2019,4.3,b,
ESTAT:TEPSR_WC170(1.0),11/09/25 23:00:00,Annual,Percentage,Total,From 25 to 29 years,All ISCED 2011 levels,Poland,2020,4.7,,
ESTAT:TEPSR_WC170(1.0),11/09/25 23:00:00,Annual,Percentage,Total,From 25 to 29 years,All ISCED 2011 levels,Poland,2021,4.6,b,
ESTAT:TEPSR_WC170(1.0),11/09/25 23:00:00,Annual,Percentage,Total,From 25 to 29 years,All ISCED 2011 levels,Poland,2022,4.2,,
ESTAT:TEPSR_WC170(1.0),11/09/25 23:00:00,Annual,Percentage,Total,From 25 to 29 years,All ISCED 2011 levels,Poland,2023,3.8,,
ESTAT:TEPSR_WC170(1.0),11/09/25 23:00:00,Annual,Percentage,Total,From 25 to 29 years,All ISCED 2011 levels,Poland,2024,4.0,,
ESTAT:TEPSR_WC170(1.0),11/09/25 23:00:00,Annual,Percentage,Total,From 25 to 29 years,All ISCED 2011 levels,Portugal,2005,11.0,b,
ESTAT:TEPSR_WC170(1.0),11/09/25 23:00:00,Annual,Percentage,Total,From 25 to 29 years,All ISCED 2011 levels,Portugal,2006,11.2,,
ESTAT:TEPSR_WC170(1.0),11/09/25 23:00:00,Annual,Percentage,Total,From 25 to 29 years,All ISCED 2011 levels,Portugal,2007,11.7,,
ESTAT:TEPSR_WC170(1.0),11/09/25 23:00:00,Annual,Percentage,Total,From 25 to 29 years,All ISCED 2011 levels,Portugal,2008,10.8,,
ESTAT:TEPSR_WC170(1.0),11/09/25 23:00:00,Annual,Percentage,Total,From 25 to 29 years,All ISCED 2011 levels,Portugal,2009,12.1,,
ESTAT:TEPSR_WC170(1.0),11/09/25 23:00:00,Annual,Percentage,Total,From 25 to 29 years,All ISCED 2011 levels,Portugal,2010,14.6,,
ESTAT:TEPSR_WC170(1.0),11/09/25 23:00:00,Annual,Percentage,Total,From 25 to 29 years,All ISCED 2011 levels,Portugal,2011,16.1,b,
ESTAT:TEPSR_WC170(1.0),11/09/25 23:00:00,Annual,Percentage,Total,From 25 to 29 years,All ISCED 2011 levels,Portugal,2012,20.2,,
ESTAT:TEPSR_WC170(1.0),11/09/25 23:00:00,Annual,Percentage,Total,From 25 to 29 years,All ISCED 2011 levels,Portugal,2013,22.0,,
ESTAT:TEPSR_WC170(1.0),11/09/25 23:00:00,Annual,Percentage,Total,From 25 to 29 years,All ISCED 2011 levels,Portugal,2014,18.2,b,
ESTAT:TEPSR_WC170(1.0),11/09/25 23:00:00,Annual,Percentage,Total,From 25 to 29 years,All ISCED 2011 levels,Portugal,2015,15.6,,
ESTAT:TEPSR_WC170(1.0),11/09/25 23:00:00,Annual,Percentage,Total,From 25 to 29 years,All ISCED 2011 levels,Portugal,2016,15.6,,
ESTAT:TEPSR_WC170(1.0),11/09/25 23:00:00,Annual,Percentage,Total,From 25 to 29 years,All ISCED 2011 levels,Portugal,2017,11.4,,
ESTAT:TEPSR_WC170(1.0),11/09/25 23:00:00,Annual,Percentage,Total,From 25 to 29 years,All ISCED 2011 levels,Portugal,2018,9.2,,
ESTAT:TEPSR_WC170(1.0),11/09/25 23:00:00,Annual,Percentage,Total,From 25 to 29 years,All ISCED 2011 levels,Portugal,2019,8.2,,
ESTAT:TEPSR_WC170(1.0),11/09/25 23:00:00,Annual,Percentage,Total,From 25 to 29 years,All ISCED 2011 levels,Portugal,2020,11.1,,
ESTAT:TEPSR_WC170(1.0),11/09/25 23:00:00,Annual,Percentage,Total,From 25 to 29 years,All ISCED 2011 levels,Portugal,2021,10.3,b,
ESTAT:TEPSR_WC170(1.0),11/09/25 23:00:00,Annual,Percentage,Total,From 25 to 29 years,All ISCED 2011 levels,Portugal,2022,9.6,,
ESTAT:TEPSR_WC170(1.0),11/09/25 23:00:00,Annual,Percentage,Total,From 25 to 29 years,All ISCED 2011 levels,Portugal,2023,9.3,,
ESTAT:TEPSR_WC170(1.0),11/09/25 23:00:00,Annual,Percentage,Total,From 25 to 29 years,All ISCED 2011 levels,Portugal,2024,8.7,,
ESTAT:TEPSR_WC170(1.0),11/09/25 23:00:00,Annual,Percentage,Total,From 25 to 29 years,All ISCED 2011 levels,Romania,2005,8.7,b,
ESTAT:TEPSR_WC170(1.0),11/09/25 23:00:00,Annual,Percentage,Total,From 25 to 29 years,All ISCED 2011 levels,Romania,2006,9.4,,
ESTAT:TEPSR_WC170(1.0),11/09/25 23:00:00,Annual,Percentage,Total,From 25 to 29 years,All ISCED 2011 levels,Romania,2007,7.6,,
ESTAT:TEPSR_WC170(1.0),11/09/25 23:00:00,Annual,Percentage,Total,From 25 to 29 years,All ISCED 2011 levels,Romania,2008,6.7,,
ESTAT:TEPSR_WC170(1.0),11/09/25 23:00:00,Annual,Percentage,Total,From 25 to 29 years,All ISCED 2011 levels,Romania,2009,8.4,,
ESTAT:TEPSR_WC170(1.0),11/09/25 23:00:00,Annual,Percentage,Total,From 25 to 29 years,All ISCED 2011 levels,Romania,2010,9.6,b,
ESTAT:TEPSR_WC170(1.0),11/09/25 23:00:00,Annual,Percentage,Total,From 25 to 29 years,All ISCED 2011 levels,Romania,2011,9.6,,
ESTAT:TEPSR_WC170(1.0),11/09/25 23:00:00,Annual,Percentage,Total,From 25 to 29 years,All ISCED 2011 levels,Romania,2012,10.3,,
ESTAT:TEPSR_WC170(1.0),11/09/25 23:00:00,Annual,Percentage,Total,From 25 to 29 years,All ISCED 2011 levels,Romania,2013,10.6,,
ESTAT:TEPSR_WC170(1.0),11/09/25 23:00:00,Annual,Percentage,Total,From 25 to 29 years,All ISCED 2011 levels,Romania,2014,10.5,b,
ESTAT:TEPSR_WC170(1.0),11/09/25 23:00:00,Annual,Percentage,Total,From 25 to 29 years,All ISCED 2011 levels,Romania,2015,10.2,,
ESTAT:TEPSR_WC170(1.0),11/09/25 23:00:00,Annual,Percentage,Total,From 25 to 29 years,All ISCED 2011 levels,Romania,2016,9.0,,
ESTAT:TEPSR_WC170(1.0),11/09/25 23:00:00,Annual,Percentage,Total,From 25 to 29 years,All ISCED 2011 levels,Romania,2017,7.6,,
ESTAT:TEPSR_WC170(1.0),11/09/25 23:00:00,Annual,Percentage,Total,From 25 to 29 years,All ISCED 2011 levels,Romania,2018,6.1,,
ESTAT:TEPSR_WC170(1.0),11/09/25 23:00:00,Annual,Percentage,Total,From 25 to 29 years,All ISCED 2011 levels,Romania,2019,5.7,,
ESTAT:TEPSR_WC170(1.0),11/09/25 23:00:00,Annual,Percentage,Total,From 25 to 29 years,All ISCED 2011 levels,Romania,2020,7.5,,
ESTAT:TEPSR_WC170(1.0),11/09/25 23:00:00,Annual,Percentage,Total,From 25 to 29 years,All ISCED 2011 levels,Romania,2021,7.5,b,
ESTAT:TEPSR_WC170(1.0),11/09/25 23:00:00,Annual,Percentage,Total,From 25 to 29 years,All ISCED 2011 levels,Romania,2022,8.2,,
ESTAT:TEPSR_WC170(1.0),11/09/25 23:00:00,Annual,Percentage,Total,From 25 to 29 years,All ISCED 2011 levels,Romania,2023,7.1,,
ESTAT:TEPSR_WC170(1.0),11/09/25 23:00:00,Annual,Percentage,Total,From 25 to 29 years,All ISCED 2011 levels,Romania,2024,7.2,,
ESTAT:TEPSR_WC170(1.0),11/09/25 23:00:00,Annual,Percentage,Total,From 25 to 29 years,All ISCED 2011 levels,Serbia,2010,32.4,,
ESTAT:TEPSR_WC170(1.0),11/09/25 23:00:00,Annual,Percentage,Total,From 25 to 29 years,All ISCED 2011 levels,Serbia,2011,35.6,,
ESTAT:TEPSR_WC170(1.0),11/09/25 23:00:00,Annual,Percentage,Total,From 25 to 29 years,All ISCED 2011 levels,Serbia,2012,35.3,,
ESTAT:TEPSR_WC170(1.0),11/09/25 23:00:00,Annual,Percentage,Total,From 25 to 29 years,All ISCED 2011 levels,Serbia,2013,35.7,,
ESTAT:TEPSR_WC170(1.0),11/09/25 23:00:00,Annual,Percentage,Total,From 25 to 29 years,All ISCED 2011 levels,Serbia,2014,30.6,b,
ESTAT:TEPSR_WC170(1.0),11/09/25 23:00:00,Annual,Percentage,Total,From 25 to 29 years,All ISCED 2011 levels,Serbia,2015,28.6,,
ESTAT:TEPSR_WC170(1.0),11/09/25 23:00:00,Annual,Percentage,Total,From 25 to 29 years,All ISCED 2011 levels,Serbia,2016,26.2,,
ESTAT:TEPSR_WC170(1.0),11/09/25 23:00:00,Annual,Percentage,Total,From 25 to 29 years,All ISCED 2011 levels,Serbia,2017,23.1,,
ESTAT:TEPSR_WC170(1.0),11/09/25 23:00:00,Annual,Percentage,Total,From 25 to 29 years,All ISCED 2011 levels,Serbia,2018,21.1,,
ESTAT:TEPSR_WC170(1.0),11/09/25 23:00:00,Annual,Percentage,Total,From 25 to 29 years,All ISCED 2011 levels,Serbia,2019,17.5,,
ESTAT:TEPSR_WC170(1.0),11/09/25 23:00:00,Annual,Percentage,Total,From 25 to 29 years,All ISCED 2011 levels,Serbia,2020,16.4,,
ESTAT:TEPSR_WC170(1.0),11/09/25 23:00:00,Annual,Percentage,Total,From 25 to 29 years,All ISCED 2011 levels,Serbia,2021,15.1,b,
ESTAT:TEPSR_WC170(1.0),11/09/25 23:00:00,Annual,Percentage,Total,From 25 to 29 years,All ISCED 2011 levels,Serbia,2022,12.1,,
ESTAT:TEPSR_WC170(1.0),11/09/25 23:00:00,Annual,Percentage,Total,From 25 to 29 years,All ISCED 2011 levels,Serbia,2023,13.8,,
ESTAT:TEPSR_WC170(1.0),11/09/25 23:00:00,Annual,Percentage,Total,From 25 to 29 years,All ISCED 2011 levels,Serbia,2024,12.3,,
ESTAT:TEPSR_WC170(1.0),11/09/25 23:00:00,Annual,Percentage,Total,From 25 to 29 years,All ISCED 2011 levels,Sweden,2005,9.9,b,
ESTAT:TEPSR_WC170(1.0),11/09/25 23:00:00,Annual,Percentage,Total,From 25 to 29 years,All ISCED 2011 levels,Sweden,2006,8.7,b,
ESTAT:TEPSR_WC170(1.0),11/09/25 23:00:00,Annual,Percentage,Total,From 25 to 29 years,All ISCED 2011 levels,Sweden,2007,7.0,,
ESTAT:TEPSR_WC170(1.0),11/09/25 23:00:00,Annual,Percentage,Total,From 25 to 29 years,All ISCED 2011 levels,Sweden,2008,6.7,,
ESTAT:TEPSR_WC170(1.0),11/09/25 23:00:00,Annual,Percentage,Total,From 25 to 29 years,All ISCED 2011 levels,Sweden,2009,9.6,,
ESTAT:TEPSR_WC170(1.0),11/09/25 23:00:00,Annual,Percentage,Total,From 25 to 29 years,All ISCED 2011 levels,Sweden,2010,10.0,,
ESTAT:TEPSR_WC170(1.0),11/09/25 23:00:00,Annual,Percentage,Total,From 25 to 29 years,All ISCED 2011 levels,Sweden,2011,8.6,,
ESTAT:TEPSR_WC170(1.0),11/09/25 23:00:00,Annual,Percentage,Total,From 25 to 29 years,All ISCED 2011 levels,Sweden,2012,9.5,,
ESTAT:TEPSR_WC170(1.0),11/09/25 23:00:00,Annual,Percentage,Total,From 25 to 29 years,All ISCED 2011 levels,Sweden,2013,9.3,,
ESTAT:TEPSR_WC170(1.0),11/09/25 23:00:00,Annual,Percentage,Total,From 25 to 29 years,All ISCED 2011 levels,Sweden,2014,9.1,b,
ESTAT:TEPSR_WC170(1.0),11/09/25 23:00:00,Annual,Percentage,Total,From 25 to 29 years,All ISCED 2011 levels,Sweden,2015,8.7,,
ESTAT:TEPSR_WC170(1.0),11/09/25 23:00:00,Annual,Percentage,Total,From 25 to 29 years,All ISCED 2011 levels,Sweden,2016,7.8,,
ESTAT:TEPSR_WC170(1.0),11/09/25 23:00:00,Annual,Percentage,Total,From 25 to 29 years,All ISCED 2011 levels,Sweden,2017,7.8,,
ESTAT:TEPSR_WC170(1.0),11/09/25 23:00:00,Annual,Percentage,Total,From 25 to 29 years,All ISCED 2011 levels,Sweden,2018,7.2,b,
ESTAT:TEPSR_WC170(1.0),11/09/25 23:00:00,Annual,Percentage,Total,From 25 to 29 years,All ISCED 2011 levels,Sweden,2019,7.4,,
ESTAT:TEPSR_WC170(1.0),11/09/25 23:00:00,Annual,Percentage,Total,From 25 to 29 years,All ISCED 2011 levels,Sweden,2020,9.5,,
ESTAT:TEPSR_WC170(1.0),11/09/25 23:00:00,Annual,Percentage,Total,From 25 to 29 years,All ISCED 2011 levels,Sweden,2021,10.0,b,
ESTAT:TEPSR_WC170(1.0),11/09/25 23:00:00,Annual,Percentage,Total,From 25 to 29 years,All ISCED 2011 levels,Sweden,2022,7.9,,
ESTAT:TEPSR_WC170(1.0),11/09/25 23:00:00,Annual,Percentage,Total,From 25 to 29 years,All ISCED 2011 levels,Sweden,2023,8.6,,
ESTAT:TEPSR_WC170(1.0),11/09/25 23:00:00,Annual,Percentage,Total,From 25 to 29 years,All ISCED 2011 levels,Sweden,2024,8.5,,
ESTAT:TEPSR_WC170(1.0),11/09/25 23:00:00,Annual,Percentage,Total,From 25 to 29 years,All ISCED 2011 levels,Slovenia,2005,9.3,b,
ESTAT:TEPSR_WC170(1.0),11/09/25 23:00:00,Annual,Percentage,Total,From 25 to 29 years,All ISCED 2011 levels,Slovenia,2006,10.4,,
ESTAT:TEPSR_WC170(1.0),11/09/25 23:00:00,Annual,Percentage,Total,From 25 to 29 years,All ISCED 2011 levels,Slovenia,2007,8.1,,
ESTAT:TEPSR_WC170(1.0),11/09/25 23:00:00,Annual,Percentage,Total,From 25 to 29 years,All ISCED 2011 levels,Slovenia,2008,6.5,,
ESTAT:TEPSR_WC170(1.0),11/09/25 23:00:00,Annual,Percentage,Total,From 25 to 29 years,All ISCED 2011 levels,Slovenia,2009,10.1,,
ESTAT:TEPSR_WC170(1.0),11/09/25 23:00:00,Annual,Percentage,Total,From 25 to 29 years,All ISCED 2011 levels,Slovenia,2010,13.0,,
ESTAT:TEPSR_WC170(1.0),11/09/25 23:00:00,Annual,Percentage,Total,From 25 to 29 years,All ISCED 2011 levels,Slovenia,2011,14.2,,
ESTAT:TEPSR_WC170(1.0),11/09/25 23:00:00,Annual,Percentage,Total,From 25 to 29 years,All ISCED 2011 levels,Slovenia,2012,15.0,,
ESTAT:TEPSR_WC170(1.0),11/09/25 23:00:00,Annual,Percentage,Total,From 25 to 29 years,All ISCED 2011 levels,Slovenia,2013,17.4,,
ESTAT:TEPSR_WC170(1.0),11/09/25 23:00:00,Annual,Percentage,Total,From 25 to 29 years,All ISCED 2011 levels,Slovenia,2014,18.0,b,
ESTAT:TEPSR_WC170(1.0),11/09/25 23:00:00,Annual,Percentage,Total,From 25 to 29 years,All ISCED 2011 levels,Slovenia,2015,16.1,,
ESTAT:TEPSR_WC170(1.0),11/09/25 23:00:00,Annual,Percentage,Total,From 25 to 29 years,All ISCED 2011 levels,Slovenia,2016,14.3,,
ESTAT:TEPSR_WC170(1.0),11/09/25 23:00:00,Annual,Percentage,Total,From 25 to 29 years,All ISCED 2011 levels,Slovenia,2017,10.4,,
ESTAT:TEPSR_WC170(1.0),11/09/25 23:00:00,Annual,Percentage,Total,From 25 to 29 years,All ISCED 2011 levels,Slovenia,2018,9.0,,
ESTAT:TEPSR_WC170(1.0),11/09/25 23:00:00,Annual,Percentage,Total,From 25 to 29 years,All ISCED 2011 levels,Slovenia,2019,7.0,,
ESTAT:TEPSR_WC170(1.0),11/09/25 23:00:00,Annual,Percentage,Total,From 25 to 29 years,All ISCED 2011 levels,Slovenia,2020,6.8,,
ESTAT:TEPSR_WC170(1.0),11/09/25 23:00:00,Annual,Percentage,Total,From 25 to 29 years,All ISCED 2011 levels,Slovenia,2021,7.0,b,
ESTAT:TEPSR_WC170(1.0),11/09/25 23:00:00,Annual,Percentage,Total,From 25 to 29 years,All ISCED 2011 levels,Slovenia,2022,6.5,,
ESTAT:TEPSR_WC170(1.0),11/09/25 23:00:00,Annual,Percentage,Total,From 25 to 29 years,All ISCED 2011 levels,Slovenia,2023,5.4,bu,
ESTAT:TEPSR_WC170(1.0),11/09/25 23:00:00,Annual,Percentage,Total,From 25 to 29 years,All ISCED 2011 levels,Slovenia,2024,5.3,u,
ESTAT:TEPSR_WC170(1.0),11/09/25 23:00:00,Annual,Percentage,Total,From 25 to 29 years,All ISCED 2011 levels,Slovakia,2005,16.3,b,
ESTAT:TEPSR_WC170(1.0),11/09/25 23:00:00,Annual,Percentage,Total,From 25 to 29 years,All ISCED 2011 levels,Slovakia,2006,12.4,,
ESTAT:TEPSR_WC170(1.0),11/09/25 23:00:00,Annual,Percentage,Total,From 25 to 29 years,All ISCED 2011 levels,Slovakia,2007,11.5,,
ESTAT:TEPSR_WC170(1.0),11/09/25 23:00:00,Annual,Percentage,Total,From 25 to 29 years,All ISCED 2011 levels,Slovakia,2008,10.5,,
ESTAT:TEPSR_WC170(1.0),11/09/25 23:00:00,Annual,Percentage,Total,From 25 to 29 years,All ISCED 2011 levels,Slovakia,2009,13.7,,
ESTAT:TEPSR_WC170(1.0),11/09/25 23:00:00,Annual,Percentage,Total,From 25 to 29 years,All ISCED 2011 levels,Slovakia,2010,16.7,,
ESTAT:TEPSR_WC170(1.0),11/09/25 23:00:00,Annual,Percentage,Total,From 25 to 29 years,All ISCED 2011 levels,Slovakia,2011,16.8,b,
ESTAT:TEPSR_WC170(1.0),11/09/25 23:00:00,Annual,Percentage,Total,From 25 to 29 years,All ISCED 2011 levels,Slovakia,2012,17.9,,
ESTAT:TEPSR_WC170(1.0),11/09/25 23:00:00,Annual,Percentage,Total,From 25 to 29 years,All ISCED 2011 levels,Slovakia,2013,18.6,,
ESTAT:TEPSR_WC170(1.0),11/09/25 23:00:00,Annual,Percentage,Total,From 25 to 29 years,All ISCED 2011 levels,Slovakia,2014,16.1,b,
ESTAT:TEPSR_WC170(1.0),11/09/25 23:00:00,Annual,Percentage,Total,From 25 to 29 years,All ISCED 2011 levels,Slovakia,2015,12.2,,
ESTAT:TEPSR_WC170(1.0),11/09/25 23:00:00,Annual,Percentage,Total,From 25 to 29 years,All ISCED 2011 levels,Slovakia,2016,11.4,,
ESTAT:TEPSR_WC170(1.0),11/09/25 23:00:00,Annual,Percentage,Total,From 25 to 29 years,All ISCED 2011 levels,Slovakia,2017,9.8,,
ESTAT:TEPSR_WC170(1.0),11/09/25 23:00:00,Annual,Percentage,Total,From 25 to 29 years,All ISCED 2011 levels,Slovakia,2018,8.7,,
ESTAT:TEPSR_WC170(1.0),11/09/25 23:00:00,Annual,Percentage,Total,From 25 to 29 years,All ISCED 2011 levels,Slovakia,2019,6.1,,
ESTAT:TEPSR_WC170(1.0),11/09/25 23:00:00,Annual,Percentage,Total,From 25 to 29 years,All ISCED 2011 levels,Slovakia,2020,8.6,,
ESTAT:TEPSR_WC170(1.0),11/09/25 23:00:00,Annual,Percentage,Total,From 25 to 29 years,All ISCED 2011 levels,Slovakia,2021,9.1,b,
ESTAT:TEPSR_WC170(1.0),11/09/25 23:00:00,Annual,Percentage,Total,From 25 to 29 years,All ISCED 2011 levels,Slovakia,2022,7.0,,
ESTAT:TEPSR_WC170(1.0),11/09/25 23:00:00,Annual,Percentage,Total,From 25 to 29 years,All ISCED 2011 levels,Slovakia,2023,7.2,,
ESTAT:TEPSR_WC170(1.0),11/09/25 23:00:00,Annual,Percentage,Total,From 25 to 29 years,All ISCED 2011 levels,Slovakia,2024,6.7,,
ESTAT:TEPSR_WC170(1.0),11/09/25 23:00:00,Annual,Percentage,Total,From 25 to 29 years,All ISCED 2011 levels,Türkiye,2006,11.1,,
ESTAT:TEPSR_WC170(1.0),11/09/25 23:00:00,Annual,Percentage,Total,From 25 to 29 years,All ISCED 2011 levels,Türkiye,2007,10.9,,
ESTAT:TEPSR_WC170(1.0),11/09/25 23:00:00,Annual,Percentage,Total,From 25 to 29 years,All ISCED 2011 levels,Türkiye,2008,11.8,,
ESTAT:TEPSR_WC170(1.0),11/09/25 23:00:00,Annual,Percentage,Total,From 25 to 29 years,All ISCED 2011 levels,Türkiye,2009,15.7,,
ESTAT:TEPSR_WC170(1.0),11/09/25 23:00:00,Annual,Percentage,Total,From 25 to 29 years,All ISCED 2011 levels,Türkiye,2010,13.3,,
ESTAT:TEPSR_WC170(1.0),11/09/25 23:00:00,Annual,Percentage,Total,From 25 to 29 years,All ISCED 2011 levels,Türkiye,2011,11.3,,
ESTAT:TEPSR_WC170(1.0),11/09/25 23:00:00,Annual,Percentage,Total,From 25 to 29 years,All ISCED 2011 levels,Türkiye,2012,10.9,,
ESTAT:TEPSR_WC170(1.0),11/09/25 23:00:00,Annual,Percentage,Total,From 25 to 29 years,All ISCED 2011 levels,Türkiye,2013,11.5,,
ESTAT:TEPSR_WC170(1.0),11/09/25 23:00:00,Annual,Percentage,Total,From 25 to 29 years,All ISCED 2011 levels,Türkiye,2014,12.9,b,
ESTAT:TEPSR_WC170(1.0),11/09/25 23:00:00,Annual,Percentage,Total,From 25 to 29 years,All ISCED 2011 levels,Türkiye,2015,13.0,,
ESTAT:TEPSR_WC170(1.0),11/09/25 23:00:00,Annual,Percentage,Total,From 25 to 29 years,All ISCED 2011 levels,Türkiye,2016,14.5,,
ESTAT:TEPSR_WC170(1.0),11/09/25 23:00:00,Annual,Percentage,Total,From 25 to 29 years,All ISCED 2011 levels,Türkiye,2017,14.3,,
ESTAT:TEPSR_WC170(1.0),11/09/25 23:00:00,Annual,Percentage,Total,From 25 to 29 years,All ISCED 2011 levels,Türkiye,2018,14.9,,
ESTAT:TEPSR_WC170(1.0),11/09/25 23:00:00,Annual,Percentage,Total,From 25 to 29 years,All ISCED 2011 levels,Türkiye,2019,18.0,,
ESTAT:TEPSR_WC170(1.0),11/09/25 23:00:00,Annual,Percentage,Total,From 25 to 29 years,All ISCED 2011 levels,Türkiye,2020,17.9,,
ESTAT:TEPSR_WC170(1.0),11/09/25 23:00:00,Annual,Percentage,Total,From 25 to 29 years,All ISCED 2011 levels,Türkiye,2021,16.8,b,
ESTAT:TEPSR_WC170(1.0),11/09/25 23:00:00,Annual,Percentage,Total,From 25 to 29 years,All ISCED 2011 levels,Türkiye,2022,15.4,,
ESTAT:TEPSR_WC170(1.0),11/09/25 23:00:00,Annual,Percentage,Total,From 25 to 29 years,All ISCED 2011 levels,Türkiye,2023,13.6,,
ESTAT:TEPSR_WC170(1.0),11/09/25 23:00:00,Annual,Percentage,Total,From 25 to 29 years,All ISCED 2011 levels,Türkiye,2024,12.6,,
ESTAT:TEPSR_WC170(1.0),11/09/25 23:00:00,Annual,Percentage,Total,From 25 to 29 years,All ISCED 2011 levels,United Kingdom,2005,5.0,b,
ESTAT:TEPSR_WC170(1.0),11/09/25 23:00:00,Annual,Percentage,Total,From 25 to 29 years,All ISCED 2011 levels,United Kingdom,2006,5.5,,
ESTAT:TEPSR_WC170(1.0),11/09/25 23:00:00,Annual,Percentage,Total,From 25 to 29 years,All ISCED 2011 levels,United Kingdom,2007,4.9,b,
ESTAT:TEPSR_WC170(1.0),11/09/25 23:00:00,Annual,Percentage,Total,From 25 to 29 years,All ISCED 2011 levels,United Kingdom,2008,5.7,b,
ESTAT:TEPSR_WC170(1.0),11/09/25 23:00:00,Annual,Percentage,Total,From 25 to 29 years,All ISCED 2011 levels,United Kingdom,2009,8.3,,
ESTAT:TEPSR_WC170(1.0),11/09/25 23:00:00,Annual,Percentage,Total,From 25 to 29 years,All ISCED 2011 levels,United Kingdom,2010,8.2,b,
ESTAT:TEPSR_WC170(1.0),11/09/25 23:00:00,Annual,Percentage,Total,From 25 to 29 years,All ISCED 2011 levels,United Kingdom,2011,8.9,b,
ESTAT:TEPSR_WC170(1.0),11/09/25 23:00:00,Annual,Percentage,Total,From 25 to 29 years,All ISCED 2011 levels,United Kingdom,2012,8.7,,
ESTAT:TEPSR_WC170(1.0),11/09/25 23:00:00,Annual,Percentage,Total,From 25 to 29 years,All ISCED 2011 levels,United Kingdom,2013,8.1,,
ESTAT:TEPSR_WC170(1.0),11/09/25 23:00:00,Annual,Percentage,Total,From 25 to 29 years,All ISCED 2011 levels,United Kingdom,2014,6.9,b,
ESTAT:TEPSR_WC170(1.0),11/09/25 23:00:00,Annual,Percentage,Total,From 25 to 29 years,All ISCED 2011 levels,United Kingdom,2015,6.0,,
ESTAT:TEPSR_WC170(1.0),11/09/25 23:00:00,Annual,Percentage,Total,From 25 to 29 years,All ISCED 2011 levels,United Kingdom,2016,5.1,,
ESTAT:TEPSR_WC170(1.0),11/09/25 23:00:00,Annual,Percentage,Total,From 25 to 29 years,All ISCED 2011 levels,United Kingdom,2017,4.3,,
ESTAT:TEPSR_WC170(1.0),11/09/25 23:00:00,Annual,Percentage,Total,From 25 to 29 years,All ISCED 2011 levels,United Kingdom,2018,4.4,,
ESTAT:TEPSR_WC170(1.0),11/09/25 23:00:00,Annual,Percentage,Total,From 25 to 29 years,All ISCED 2011 levels,United Kingdom,2019,3.7,,
ESTAT:TEPSR_WC170(1.0),11/09/25 23:00:00,Annual,Percentage,Total,From 25 to 54 years,All ISCED 2011 levels,Austria,2005,4.8,b,
ESTAT:TEPSR_WC170(1.0),11/09/25 23:00:00,Annual,Percentage,Total,From 25 to 54 years,All ISCED 2011 levels,Austria,2006,4.6,b,
ESTAT:TEPSR_WC170(1.0),11/09/25 23:00:00,Annual,Percentage,Total,From 25 to 54 years,All ISCED 2011 levels,Austria,2007,4.2,b,
ESTAT:TEPSR_WC170(1.0),11/09/25 23:00:00,Annual,Percentage,Total,From 25 to 54 years,All ISCED 2011 levels,Austria,2008,3.6,,
ESTAT:TEPSR_WC170(1.0),11/09/25 23:00:00,Annual,Percentage,Total,From 25 to 54 years,All ISCED 2011 levels,Austria,2009,4.7,,
ESTAT:TEPSR_WC170(1.0),11/09/25 23:00:00,Annual,Percentage,Total,From 25 to 54 years,All ISCED 2011 levels,Austria,2010,4.4,,
ESTAT:TEPSR_WC170(1.0),11/09/25 23:00:00,Annual,Percentage,Total,From 25 to 54 years,All ISCED 2011 levels,Austria,2011,4.0,,
ESTAT:TEPSR_WC170(1.0),11/09/25 23:00:00,Annual,Percentage,Total,From 25 to 54 years,All ISCED 2011 levels,Austria,2012,4.3,,
ESTAT:TEPSR_WC170(1.0),11/09/25 23:00:00,Annual,Percentage,Total,From 25 to 54 years,All ISCED 2011 levels,Austria,2013,4.9,,
ESTAT:TEPSR_WC170(1.0),11/09/25 23:00:00,Annual,Percentage,Total,From 25 to 54 years,All ISCED 2011 levels,Austria,2014,5.2,b,
ESTAT:TEPSR_WC170(1.0),11/09/25 23:00:00,Annual,Percentage,Total,From 25 to 54 years,All ISCED 2011 levels,Austria,2015,5.2,,
ESTAT:TEPSR_WC170(1.0),11/09/25 23:00:00,Annual,Percentage,Total,From 25 to 54 years,All ISCED 2011 levels,Austria,2016,5.4,,
ESTAT:TEPSR_WC170(1.0),11/09/25 23:00:00,Annual,Percentage,Total,From 25 to 54 years,All ISCED 2011 levels,Austria,2017,5.1,,
ESTAT:TEPSR_WC170(1.0),11/09/25 23:00:00,Annual,Percentage,Total,From 25 to 54 years,All ISCED 2011 levels,Austria,2018,4.4,,
ESTAT:TEPSR_WC170(1.0),11/09/25 23:00:00,Annual,Percentage,Total,From 25 to 54 years,All ISCED 2011 levels,Austria,2019,4.2,,
ESTAT:TEPSR_WC170(1.0),11/09/25 23:00:00,Annual,Percentage,Total,From 25 to 54 years,All ISCED 2011 levels,Austria,2020,5.0,,
ESTAT:TEPSR_WC170(1.0),11/09/25 23:00:00,Annual,Percentage,Total,From 25 to 54 years,All ISCED 2011 levels,Austria,2021,5.8,b,
ESTAT:TEPSR_WC170(1.0),11/09/25 23:00:00,Annual,Percentage,Total,From 25 to 54 years,All ISCED 2011 levels,Austria,2022,4.3,,
ESTAT:TEPSR_WC170(1.0),11/09/25 23:00:00,Annual,Percentage,Total,From 25 to 54 years,All ISCED 2011 levels,Austria,2023,4.6,,
ESTAT:TEPSR_WC170(1.0),11/09/25 23:00:00,Annual,Percentage,Total,From 25 to 54 years,All ISCED 2011 levels,Austria,2024,4.8,,
ESTAT:TEPSR_WC170(1.0),11/09/25 23:00:00,Annual,Percentage,Total,From 25 to 54 years,All ISCED 2011 levels,Bosnia and Herzegovina,2021,16.1,b,
ESTAT:TEPSR_WC170(1.0),11/09/25 23:00:00,Annual,Percentage,Total,From 25 to 54 years,All ISCED 2011 levels,Bosnia and Herzegovina,2022,14.4,,
ESTAT:TEPSR_WC170(1.0),11/09/25 23:00:00,Annual,Percentage,Total,From 25 to 54 years,All ISCED 2011 levels,Bosnia and Herzegovina,2023,12.6,,
ESTAT:TEPSR_WC170(1.0),11/09/25 23:00:00,Annual,Percentage,Total,From 25 to 54 years,All ISCED 2011 levels,Bosnia and Herzegovina,2024,12.2,,
ESTAT:TEPSR_WC170(1.0),11/09/25 23:00:00,Annual,Percentage,Total,From 25 to 54 years,All ISCED 2011 levels,Belgium,2005,7.4,b,
ESTAT:TEPSR_WC170(1.0),11/09/25 23:00:00,Annual,Percentage,Total,From 25 to 54 years,All ISCED 2011 levels,Belgium,2006,7.2,,
ESTAT:TEPSR_WC170(1.0),11/09/25 23:00:00,Annual,Percentage,Total,From 25 to 54 years,All ISCED 2011 levels,Belgium,2007,6.6,,
ESTAT:TEPSR_WC170(1.0),11/09/25 23:00:00,Annual,Percentage,Total,From 25 to 54 years,All ISCED 2011 levels,Belgium,2008,6.1,b,
ESTAT:TEPSR_WC170(1.0),11/09/25 23:00:00,Annual,Percentage,Total,From 25 to 54 years,All ISCED 2011 levels,Belgium,2009,6.8,,
ESTAT:TEPSR_WC170(1.0),11/09/25 23:00:00,Annual,Percentage,Total,From 25 to 54 years,All ISCED 2011 levels,Belgium,2010,7.3,,
ESTAT:TEPSR_WC170(1.0),11/09/25 23:00:00,Annual,Percentage,Total,From 25 to 54 years,All ISCED 2011 levels,Belgium,2011,6.4,b,
ESTAT:TEPSR_WC170(1.0),11/09/25 23:00:00,Annual,Percentage,Total,From 25 to 54 years,All ISCED 2011 levels,Belgium,2012,6.7,,
ESTAT:TEPSR_WC170(1.0),11/09/25 23:00:00,Annual,Percentage,Total,From 25 to 54 years,All ISCED 2011 levels,Belgium,2013,7.4,,
ESTAT:TEPSR_WC170(1.0),11/09/25 23:00:00,Annual,Percentage,Total,From 25 to 54 years,All ISCED 2011 levels,Belgium,2014,7.6,b,
ESTAT:TEPSR_WC170(1.0),11/09/25 23:00:00,Annual,Percentage,Total,From 25 to 54 years,All ISCED 2011 levels,Belgium,2015,7.7,,
ESTAT:TEPSR_WC170(1.0),11/09/25 23:00:00,Annual,Percentage,Total,From 25 to 54 years,All ISCED 2011 levels,Belgium,2016,7.1,,
ESTAT:TEPSR_WC170(1.0),11/09/25 23:00:00,Annual,Percentage,Total,From 25 to 54 years,All ISCED 2011 levels,Belgium,2017,6.2,b,
ESTAT:TEPSR_WC170(1.0),11/09/25 23:00:00,Annual,Percentage,Total,From 25 to 54 years,All ISCED 2011 levels,Belgium,2018,5.4,,
ESTAT:TEPSR_WC170(1.0),11/09/25 23:00:00,Annual,Percentage,Total,From 25 to 54 years,All ISCED 2011 levels,Belgium,2019,4.8,,
ESTAT:TEPSR_WC170(1.0),11/09/25 23:00:00,Annual,Percentage,Total,From 25 to 54 years,All ISCED 2011 levels,Belgium,2020,5.0,,
ESTAT:TEPSR_WC170(1.0),11/09/25 23:00:00,Annual,Percentage,Total,From 25 to 54 years,All ISCED 2011 levels,Belgium,2021,5.5,b,
ESTAT:TEPSR_WC170(1.0),11/09/25 23:00:00,Annual,Percentage,Total,From 25 to 54 years,All ISCED 2011 levels,Belgium,2022,4.9,,
ESTAT:TEPSR_WC170(1.0),11/09/25 23:00:00,Annual,Percentage,Total,From 25 to 54 years,All ISCED 2011 levels,Belgium,2023,4.9,,
ESTAT:TEPSR_WC170(1.0),11/09/25 23:00:00,Annual,Percentage,Total,From 25 to 54 years,All ISCED 2011 levels,Belgium,2024,5.0,,
ESTAT:TEPSR_WC170(1.0),11/09/25 23:00:00,Annual,Percentage,Total,From 25 to 54 years,All ISCED 2011 levels,Bulgaria,2005,9.0,b,
ESTAT:TEPSR_WC170(1.0),11/09/25 23:00:00,Annual,Percentage,Total,From 25 to 54 years,All ISCED 2011 levels,Bulgaria,2006,8.0,b,
ESTAT:TEPSR_WC170(1.0),11/09/25 23:00:00,Annual,Percentage,Total,From 25 to 54 years,All ISCED 2011 levels,Bulgaria,2007,6.1,,
ESTAT:TEPSR_WC170(1.0),11/09/25 23:00:00,Annual,Percentage,Total,From 25 to 54 years,All ISCED 2011 levels,Bulgaria,2008,4.9,b,
ESTAT:TEPSR_WC170(1.0),11/09/25 23:00:00,Annual,Percentage,Total,From 25 to 54 years,All ISCED 2011 levels,Bulgaria,2009,6.0,,
ESTAT:TEPSR_WC170(1.0),11/09/25 23:00:00,Annual,Percentage,Total,From 25 to 54 years,All ISCED 2011 levels,Bulgaria,2010,9.4,b,
ESTAT:TEPSR_WC170(1.0),11/09/25 23:00:00,Annual,Percentage,Total,From 25 to 54 years,All ISCED 2011 levels,Bulgaria,2011,10.5,b,
ESTAT:TEPSR_WC170(1.0),11/09/25 23:00:00,Annual,Percentage,Total,From 25 to 54 years,All ISCED 2011 levels,Bulgaria,2012,11.3,,
ESTAT:TEPSR_WC170(1.0),11/09/25 23:00:00,Annual,Percentage,Total,From 25 to 54 years,All ISCED 2011 levels,Bulgaria,2013,11.8,,
ESTAT:TEPSR_WC170(1.0),11/09/25 23:00:00,Annual,Percentage,Total,From 25 to 54 years,All ISCED 2011 levels,Bulgaria,2014,10.5,b,
ESTAT:TEPSR_WC170(1.0),11/09/25 23:00:00,Annual,Percentage,Total,From 25 to 54 years,All ISCED 2011 levels,Bulgaria,2015,8.5,,
ESTAT:TEPSR_WC170(1.0),11/09/25 23:00:00,Annual,Percentage,Total,From 25 to 54 years,All ISCED 2011 levels,Bulgaria,2016,7.1,,
ESTAT:TEPSR_WC170(1.0),11/09/25 23:00:00,Annual,Percentage,Total,From 25 to 54 years,All ISCED 2011 levels,Bulgaria,2017,5.9,,
ESTAT:TEPSR_WC170(1.0),11/09/25 23:00:00,Annual,Percentage,Total,From 25 to 54 years,All ISCED 2011 levels,Bulgaria,2018,5.0,,
ESTAT:TEPSR_WC170(1.0),11/09/25 23:00:00,Annual,Percentage,Total,From 25 to 54 years,All ISCED 2011 levels,Bulgaria,2019,4.0,b,
ESTAT:TEPSR_WC170(1.0),11/09/25 23:00:00,Annual,Percentage,Total,From 25 to 54 years,All ISCED 2011 levels,Bulgaria,2020,4.9,,
ESTAT:TEPSR_WC170(1.0),11/09/25 23:00:00,Annual,Percentage,Total,From 25 to 54 years,All ISCED 2011 levels,Bulgaria,2021,5.0,b,
ESTAT:TEPSR_WC170(1.0),11/09/25 23:00:00,Annual,Percentage,Total,From 25 to 54 years,All ISCED 2011 levels,Bulgaria,2022,4.1,,
ESTAT:TEPSR_WC170(1.0),11/09/25 23:00:00,Annual,Percentage,Total,From 25 to 54 years,All ISCED 2011 levels,Bulgaria,2023,4.2,,
ESTAT:TEPSR_WC170(1.0),11/09/25 23:00:00,Annual,Percentage,Total,From 25 to 54 years,All ISCED 2011 levels,Bulgaria,2024,4.1,b,
ESTAT:TEPSR_WC170(1.0),11/09/25 23:00:00,Annual,Percentage,Total,From 25 to 54 years,All ISCED 2011 levels,Switzerland,2005,3.8,b,
ESTAT:TEPSR_WC170(1.0),11/09/25 23:00:00,Annual,Percentage,Total,From 25 to 54 years,All ISCED 2011 levels,Switzerland,2006,3.5,,
ESTAT:TEPSR_WC170(1.0),11/09/25 23:00:00,Annual,Percentage,Total,From 25 to 54 years,All ISCED 2011 levels,Switzerland,2007,3.2,,
ESTAT:TEPSR_WC170(1.0),11/09/25 23:00:00,Annual,Percentage,Total,From 25 to 54 years,All ISCED 2011 levels,Switzerland,2008,2.9,,
ESTAT:TEPSR_WC170(1.0),11/09/25 23:00:00,Annual,Percentage,Total,From 25 to 54 years,All ISCED 2011 levels,Switzerland,2009,3.7,,
ESTAT:TEPSR_WC170(1.0),11/09/25 23:00:00,Annual,Percentage,Total,From 25 to 54 years,All ISCED 2011 levels,Switzerland,2010,4.5,b,
ESTAT:TEPSR_WC170(1.0),11/09/25 23:00:00,Annual,Percentage,Total,From 25 to 54 years,All ISCED 2011 levels,Switzerland,2011,4.1,,
ESTAT:TEPSR_WC170(1.0),11/09/25 23:00:00,Annual,Percentage,Total,From 25 to 54 years,All ISCED 2011 levels,Switzerland,2012,4.1,,
ESTAT:TEPSR_WC170(1.0),11/09/25 23:00:00,Annual,Percentage,Total,From 25 to 54 years,All ISCED 2011 levels,Switzerland,2013,4.5,,
ESTAT:TEPSR_WC170(1.0),11/09/25 23:00:00,Annual,Percentage,Total,From 25 to 54 years,All ISCED 2011 levels,Switzerland,2014,4.6,b,
ESTAT:TEPSR_WC170(1.0),11/09/25 23:00:00,Annual,Percentage,Total,From 25 to 54 years,All ISCED 2011 levels,Switzerland,2015,4.4,,
ESTAT:TEPSR_WC170(1.0),11/09/25 23:00:00,Annual,Percentage,Total,From 25 to 54 years,All ISCED 2011 levels,Switzerland,2016,4.7,,
ESTAT:TEPSR_WC170(1.0),11/09/25 23:00:00,Annual,Percentage,Total,From 25 to 54 years,All ISCED 2011 levels,Switzerland,2017,4.7,,
ESTAT:TEPSR_WC170(1.0),11/09/25 23:00:00,Annual,Percentage,Total,From 25 to 54 years,All ISCED 2011 levels,Switzerland,2018,4.5,,
ESTAT:TEPSR_WC170(1.0),11/09/25 23:00:00,Annual,Percentage,Total,From 25 to 54 years,All ISCED 2011 levels,Switzerland,2019,4.1,,
ESTAT:TEPSR_WC170(1.0),11/09/25 23:00:00,Annual,Percentage,Total,From 25 to 54 years,All ISCED 2011 levels,Switzerland,2020,4.6,,
ESTAT:TEPSR_WC170(1.0),11/09/25 23:00:00,Annual,Percentage,Total,From 25 to 54 years,All ISCED 2011 levels,Switzerland,2021,4.7,b,
ESTAT:TEPSR_WC170(1.0),11/09/25 23:00:00,Annual,Percentage,Total,From 25 to 54 years,All ISCED 2011 levels,Switzerland,2022,3.9,,
ESTAT:TEPSR_WC170(1.0),11/09/25 23:00:00,Annual,Percentage,Total,From 25 to 54 years,All ISCED 2011 levels,Switzerland,2023,3.7,,
ESTAT:TEPSR_WC170(1.0),11/09/25 23:00:00,Annual,Percentage,Total,From 25 to 54 years,All ISCED 2011 levels,Switzerland,2024,4.1,,
ESTAT:TEPSR_WC170(1.0),11/09/25 23:00:00,Annual,Percentage,Total,From 25 to 54 years,All ISCED 2011 levels,Cyprus,2005,4.5,b,
ESTAT:TEPSR_WC170(1.0),11/09/25 23:00:00,Annual,Percentage,Total,From 25 to 54 years,All ISCED 2011 levels,Cyprus,2006,4.1,,
ESTAT:TEPSR_WC170(1.0),11/09/25 23:00:00,Annual,Percentage,Total,From 25 to 54 years,All ISCED 2011 levels,Cyprus,2007,3.4,,
ESTAT:TEPSR_WC170(1.0),11/09/25 23:00:00,Annual,Percentage,Total,From 25 to 54 years,All ISCED 2011 levels,Cyprus,2008,3.2,,
ESTAT:TEPSR_WC170(1.0),11/09/25 23:00:00,Annual,Percentage,Total,From 25 to 54 years,All ISCED 2011 levels,Cyprus,2009,4.6,b,
ESTAT:TEPSR_WC170(1.0),11/09/25 23:00:00,Annual,Percentage,Total,From 25 to 54 years,All ISCED 2011 levels,Cyprus,2010,5.4,,
ESTAT:TEPSR_WC170(1.0),11/09/25 23:00:00,Annual,Percentage,Total,From 25 to 54 years,All ISCED 2011 levels,Cyprus,2011,6.8,,
ESTAT:TEPSR_WC170(1.0),11/09/25 23:00:00,Annual,Percentage,Total,From 25 to 54 years,All ISCED 2011 levels,Cyprus,2012,10.5,,
ESTAT:TEPSR_WC170(1.0),11/09/25 23:00:00,Annual,Percentage,Total,From 25 to 54 years,All ISCED 2011 levels,Cyprus,2013,13.9,,
ESTAT:TEPSR_WC170(1.0),11/09/25 23:00:00,Annual,Percentage,Total,From 25 to 54 years,All ISCED 2011 levels,Cyprus,2014,13.9,b,
ESTAT:TEPSR_WC170(1.0),11/09/25 23:00:00,Annual,Percentage,Total,From 25 to 54 years,All ISCED 2011 levels,Cyprus,2015,13.1,,
ESTAT:TEPSR_WC170(1.0),11/09/25 23:00:00,Annual,Percentage,Total,From 25 to 54 years,All ISCED 2011 levels,Cyprus,2016,11.7,,
ESTAT:TEPSR_WC170(1.0),11/09/25 23:00:00,Annual,Percentage,Total,From 25 to 54 years,All ISCED 2011 levels,Cyprus,2017,10.4,,
ESTAT:TEPSR_WC170(1.0),11/09/25 23:00:00,Annual,Percentage,Total,From 25 to 54 years,All ISCED 2011 levels,Cyprus,2018,7.8,,
ESTAT:TEPSR_WC170(1.0),11/09/25 23:00:00,Annual,Percentage,Total,From 25 to 54 years,All ISCED 2011 levels,Cyprus,2019,6.6,,
ESTAT:TEPSR_WC170(1.0),11/09/25 23:00:00,Annual,Percentage,Total,From 25 to 54 years,All ISCED 2011 levels,Cyprus,2020,7.3,,
ESTAT:TEPSR_WC170(1.0),11/09/25 23:00:00,Annual,Percentage,Total,From 25 to 54 years,All ISCED 2011 levels,Cyprus,2021,6.8,b,
ESTAT:TEPSR_WC170(1.0),11/09/25 23:00:00,Annual,Percentage,Total,From 25 to 54 years,All ISCED 2011 levels,Cyprus,2022,5.7,,
ESTAT:TEPSR_WC170(1.0),11/09/25 23:00:00,Annual,Percentage,Total,From 25 to 54 years,All ISCED 2011 levels,Cyprus,2023,5.3,,
ESTAT:TEPSR_WC170(1.0),11/09/25 23:00:00,Annual,Percentage,Total,From 25 to 54 years,All ISCED 2011 levels,Cyprus,2024,4.7,,
ESTAT:TEPSR_WC170(1.0),11/09/25 23:00:00,Annual,Percentage,Total,From 25 to 54 years,All ISCED 2011 levels,Czechia,2005,7.1,b,
ESTAT:TEPSR_WC170(1.0),11/09/25 23:00:00,Annual,Percentage,Total,From 25 to 54 years,All ISCED 2011 levels,Czechia,2006,6.4,,
ESTAT:TEPSR_WC170(1.0),11/09/25 23:00:00,Annual,Percentage,Total,From 25 to 54 years,All ISCED 2011 levels,Czechia,2007,4.9,,
ESTAT:TEPSR_WC170(1.0),11/09/25 23:00:00,Annual,Percentage,Total,From 25 to 54 years,All ISCED 2011 levels,Czechia,2008,4.0,,
ESTAT:TEPSR_WC170(1.0),11/09/25 23:00:00,Annual,Percentage,Total,From 25 to 54 years,All ISCED 2011 levels,Czechia,2009,5.9,,
ESTAT:TEPSR_WC170(1.0),11/09/25 23:00:00,Annual,Percentage,Total,From 25 to 54 years,All ISCED 2011 levels,Czechia,2010,6.4,,
ESTAT:TEPSR_WC170(1.0),11/09/25 23:00:00,Annual,Percentage,Total,From 25 to 54 years,All ISCED 2011 levels,Czechia,2011,5.9,b,
ESTAT:TEPSR_WC170(1.0),11/09/25 23:00:00,Annual,Percentage,Total,From 25 to 54 years,All ISCED 2011 levels,Czechia,2012,6.1,,
ESTAT:TEPSR_WC170(1.0),11/09/25 23:00:00,Annual,Percentage,Total,From 25 to 54 years,All ISCED 2011 levels,Czechia,2013,6.2,,
ESTAT:TEPSR_WC170(1.0),11/09/25 23:00:00,Annual,Percentage,Total,From 25 to 54 years,All ISCED 2011 levels,Czechia,2014,5.6,b,
ESTAT:TEPSR_WC170(1.0),11/09/25 23:00:00,Annual,Percentage,Total,From 25 to 54 years,All ISCED 2011 levels,Czechia,2015,4.6,,
ESTAT:TEPSR_WC170(1.0),11/09/25 23:00:00,Annual,Percentage,Total,From 25 to 54 years,All ISCED 2011 levels,Czechia,2016,3.5,,
ESTAT:TEPSR_WC170(1.0),11/09/25 23:00:00,Annual,Percentage,Total,From 25 to 54 years,All ISCED 2011 levels,Czechia,2017,2.7,,
ESTAT:TEPSR_WC170(1.0),11/09/25 23:00:00,Annual,Percentage,Total,From 25 to 54 years,All ISCED 2011 levels,Czechia,2018,2.0,,
ESTAT:TEPSR_WC170(1.0),11/09/25 23:00:00,Annual,Percentage,Total,From 25 to 54 years,All ISCED 2011 levels,Czechia,2019,1.8,,
ESTAT:TEPSR_WC170(1.0),11/09/25 23:00:00,Annual,Percentage,Total,From 25 to 54 years,All ISCED 2011 levels,Czechia,2020,2.4,,
ESTAT:TEPSR_WC170(1.0),11/09/25 23:00:00,Annual,Percentage,Total,From 25 to 54 years,All ISCED 2011 levels,Czechia,2021,2.6,b,
ESTAT:TEPSR_WC170(1.0),11/09/25 23:00:00,Annual,Percentage,Total,From 25 to 54 years,All ISCED 2011 levels,Czechia,2022,2.0,,
ESTAT:TEPSR_WC170(1.0),11/09/25 23:00:00,Annual,Percentage,Total,From 25 to 54 years,All ISCED 2011 levels,Czechia,2023,2.3,,
ESTAT:TEPSR_WC170(1.0),11/09/25 23:00:00,Annual,Percentage,Total,From 25 to 54 years,All ISCED 2011 levels,Czechia,2024,2.3,,
ESTAT:TEPSR_WC170(1.0),11/09/25 23:00:00,Annual,Percentage,Total,From 25 to 54 years,All ISCED 2011 levels,Germany,2005,10.4,b,
ESTAT:TEPSR_WC170(1.0),11/09/25 23:00:00,Annual,Percentage,Total,From 25 to 54 years,All ISCED 2011 levels,Germany,2006,9.5,b,
ESTAT:TEPSR_WC170(1.0),11/09/25 23:00:00,Annual,Percentage,Total,From 25 to 54 years,All ISCED 2011 levels,Germany,2007,8.0,,
ESTAT:TEPSR_WC170(1.0),11/09/25 23:00:00,Annual,Percentage,Total,From 25 to 54 years,All ISCED 2011 levels,Germany,2008,7.0,,
ESTAT:TEPSR_WC170(1.0),11/09/25 23:00:00,Annual,Percentage,Total,From 25 to 54 years,All ISCED 2011 levels,Germany,2009,7.3,,
ESTAT:TEPSR_WC170(1.0),11/09/25 23:00:00,Annual,Percentage,Total,From 25 to 54 years,All ISCED 2011 levels,Germany,2010,6.5,b,
ESTAT:TEPSR_WC170(1.0),11/09/25 23:00:00,Annual,Percentage,Total,From 25 to 54 years,All ISCED 2011 levels,Germany,2011,5.4,b,
ESTAT:TEPSR_WC170(1.0),11/09/25 23:00:00,Annual,Percentage,Total,From 25 to 54 years,All ISCED 2011 levels,Germany,2012,5.0,b,
ESTAT:TEPSR_WC170(1.0),11/09/25 23:00:00,Annual,Percentage,Total,From 25 to 54 years,All ISCED 2011 levels,Germany,2013,4.9,,
ESTAT:TEPSR_WC170(1.0),11/09/25 23:00:00,Annual,Percentage,Total,From 25 to 54 years,All ISCED 2011 levels,Germany,2014,4.7,b,
ESTAT:TEPSR_WC170(1.0),11/09/25 23:00:00,Annual,Percentage,Total,From 25 to 54 years,All ISCED 2011 levels,Germany,2015,4.4,,
ESTAT:TEPSR_WC170(1.0),11/09/25 23:00:00,Annual,Percentage,Total,From 25 to 54 years,All ISCED 2011 levels,Germany,2016,3.9,,
ESTAT:TEPSR_WC170(1.0),11/09/25 23:00:00,Annual,Percentage,Total,From 25 to 54 years,All ISCED 2011 levels,Germany,2017,3.5,,
ESTAT:TEPSR_WC170(1.0),11/09/25 23:00:00,Annual,Percentage,Total,From 25 to 54 years,All ISCED 2011 levels,Germany,2018,3.2,,
ESTAT:TEPSR_WC170(1.0),11/09/25 23:00:00,Annual,Percentage,Total,From 25 to 54 years,All ISCED 2011 levels,Germany,2019,3.0,,
ESTAT:TEPSR_WC170(1.0),11/09/25 23:00:00,Annual,Percentage,Total,From 25 to 54 years,All ISCED 2011 levels,Germany,2020,3.7,b,
ESTAT:TEPSR_WC170(1.0),11/09/25 23:00:00,Annual,Percentage,Total,From 25 to 54 years,All ISCED 2011 levels,Germany,2021,3.4,b,
ESTAT:TEPSR_WC170(1.0),11/09/25 23:00:00,Annual,Percentage,Total,From 25 to 54 years,All ISCED 2011 levels,Germany,2022,3.0,,
ESTAT:TEPSR_WC170(1.0),11/09/25 23:00:00,Annual,Percentage,Total,From 25 to 54 years,All ISCED 2011 levels,Germany,2023,3.0,,
ESTAT:TEPSR_WC170(1.0),11/09/25 23:00:00,Annual,Percentage,Total,From 25 to 54 years,All ISCED 2011 levels,Germany,2024,3.4,,
ESTAT:TEPSR_WC170(1.0),11/09/25 23:00:00,Annual,Percentage,Total,From 25 to 54 years,All ISCED 2011 levels,Denmark,2005,4.1,b,
ESTAT:TEPSR_WC170(1.0),11/09/25 23:00:00,Annual,Percentage,Total,From 25 to 54 years,All ISCED 2011 levels,Denmark,2006,3.2,,
ESTAT:TEPSR_WC170(1.0),11/09/25 23:00:00,Annual,Percentage,Total,From 25 to 54 years,All ISCED 2011 levels,Denmark,2007,3.1,b,
ESTAT:TEPSR_WC170(1.0),11/09/25 23:00:00,Annual,Percentage,Total,From 25 to 54 years,All ISCED 2011 levels,Denmark,2008,2.7,b,
ESTAT:TEPSR_WC170(1.0),11/09/25 23:00:00,Annual,Percentage,Total,From 25 to 54 years,All ISCED 2011 levels,Denmark,2009,5.4,,
ESTAT:TEPSR_WC170(1.0),11/09/25 23:00:00,Annual,Percentage,Total,From 25 to 54 years,All ISCED 2011 levels,Denmark,2010,6.7,,
ESTAT:TEPSR_WC170(1.0),11/09/25 23:00:00,Annual,Percentage,Total,From 25 to 54 years,All ISCED 2011 levels,Denmark,2011,6.5,,
ESTAT:TEPSR_WC170(1.0),11/09/25 23:00:00,Annual,Percentage,Total,From 25 to 54 years,All ISCED 2011 levels,Denmark,2012,6.8,,
ESTAT:TEPSR_WC170(1.0),11/09/25 23:00:00,Annual,Percentage,Total,From 25 to 54 years,All ISCED 2011 levels,Denmark,2013,6.5,,
ESTAT:TEPSR_WC170(1.0),11/09/25 23:00:00,Annual,Percentage,Total,From 25 to 54 years,All ISCED 2011 levels,Denmark,2014,6.0,b,
ESTAT:TEPSR_WC170(1.0),11/09/25 23:00:00,Annual,Percentage,Total,From 25 to 54 years,All ISCED 2011 levels,Denmark,2015,5.7,,
ESTAT:TEPSR_WC170(1.0),11/09/25 23:00:00,Annual,Percentage,Total,From 25 to 54 years,All ISCED 2011 levels,Denmark,2016,5.3,b,
ESTAT:TEPSR_WC170(1.0),11/09/25 23:00:00,Annual,Percentage,Total,From 25 to 54 years,All ISCED 2011 levels,Denmark,2017,5.1,b,
ESTAT:TEPSR_WC170(1.0),11/09/25 23:00:00,Annual,Percentage,Total,From 25 to 54 years,All ISCED 2011 levels,Denmark,2018,4.5,,
ESTAT:TEPSR_WC170(1.0),11/09/25 23:00:00,Annual,Percentage,Total,From 25 to 54 years,All ISCED 2011 levels,Denmark,2019,4.5,,
ESTAT:TEPSR_WC170(1.0),11/09/25 23:00:00,Annual,Percentage,Total,From 25 to 54 years,All ISCED 2011 levels,Denmark,2020,4.9,,
ESTAT:TEPSR_WC170(1.0),11/09/25 23:00:00,Annual,Percentage,Total,From 25 to 54 years,All ISCED 2011 levels,Denmark,2021,4.2,b,
ESTAT:TEPSR_WC170(1.0),11/09/25 23:00:00,Annual,Percentage,Total,From 25 to 54 years,All ISCED 2011 levels,Denmark,2022,3.6,,
ESTAT:TEPSR_WC170(1.0),11/09/25 23:00:00,Annual,Percentage,Total,From 25 to 54 years,All ISCED 2011 levels,Denmark,2023,4.4,b,
ESTAT:TEPSR_WC170(1.0),11/09/25 23:00:00,Annual,Percentage,Total,From 25 to 54 years,All ISCED 2011 levels,Denmark,2024,5.0,,
ESTAT:TEPSR_WC170(1.0),11/09/25 23:00:00,Annual,Percentage,Total,From 25 to 54 years,All ISCED 2011 levels,Euro area – 20 countries (from 2023),2005,8.1,b,
ESTAT:TEPSR_WC170(1.0),11/09/25 23:00:00,Annual,Percentage,Total,From 25 to 54 years,All ISCED 2011 levels,Euro area – 20 countries (from 2023),2006,7.4,,
ESTAT:TEPSR_WC170(1.0),11/09/25 23:00:00,Annual,Percentage,Total,From 25 to 54 years,All ISCED 2011 levels,Euro area – 20 countries (from 2023),2007,6.6,,
ESTAT:TEPSR_WC170(1.0),11/09/25 23:00:00,Annual,Percentage,Total,From 25 to 54 years,All ISCED 2011 levels,Euro area – 20 countries (from 2023),2008,6.7,,
ESTAT:TEPSR_WC170(1.0),11/09/25 23:00:00,Annual,Percentage,Total,From 25 to 54 years,All ISCED 2011 levels,Euro area – 20 countries (from 2023),2009,8.6,,
ESTAT:TEPSR_WC170(1.0),11/09/25 23:00:00,Annual,Percentage,Total,From 25 to 54 years,All ISCED 2011 levels,Euro area – 20 countries (from 2023),2010,9.3,,
ESTAT:TEPSR_WC170(1.0),11/09/25 23:00:00,Annual,Percentage,Total,From 25 to 54 years,All ISCED 2011 levels,Euro area – 20 countries (from 2023),2011,9.4,,
ESTAT:TEPSR_WC170(1.0),11/09/25 23:00:00,Annual,Percentage,Total,From 25 to 54 years,All ISCED 2011 levels,Euro area – 20 countries (from 2023),2012,10.6,,
ESTAT:TEPSR_WC170(1.0),11/09/25 23:00:00,Annual,Percentage,Total,From 25 to 54 years,All ISCED 2011 levels,Euro area – 20 countries (from 2023),2013,11.3,,
ESTAT:TEPSR_WC170(1.0),11/09/25 23:00:00,Annual,Percentage,Total,From 25 to 54 years,All ISCED 2011 levels,Euro area – 20 countries (from 2023),2014,11.0,b,
ESTAT:TEPSR_WC170(1.0),11/09/25 23:00:00,Annual,Percentage,Total,From 25 to 54 years,All ISCED 2011 levels,Euro area – 20 countries (from 2023),2015,10.3,,
ESTAT:TEPSR_WC170(1.0),11/09/25 23:00:00,Annual,Percentage,Total,From 25 to 54 years,All ISCED 2011 levels,Euro area – 20 countries (from 2023),2016,9.5,,
ESTAT:TEPSR_WC170(1.0),11/09/25 23:00:00,Annual,Percentage,Total,From 25 to 54 years,All ISCED 2011 levels,Euro area – 20 countries (from 2023),2017,8.6,,
ESTAT:TEPSR_WC170(1.0),11/09/25 23:00:00,Annual,Percentage,Total,From 25 to 54 years,All ISCED 2011 levels,Euro area – 20 countries (from 2023),2018,7.8,,
ESTAT:TEPSR_WC170(1.0),11/09/25 23:00:00,Annual,Percentage,Total,From 25 to 54 years,All ISCED 2011 levels,Euro area – 20 countries (from 2023),2019,7.1,,
ESTAT:TEPSR_WC170(1.0),11/09/25 23:00:00,Annual,Percentage,Total,From 25 to 54 years,All ISCED 2011 levels,Euro area – 20 countries (from 2023),2020,7.5,,
ESTAT:TEPSR_WC170(1.0),11/09/25 23:00:00,Annual,Percentage,Total,From 25 to 54 years,All ISCED 2011 levels,Euro area – 20 countries (from 2023),2021,7.2,b,
ESTAT:TEPSR_WC170(1.0),11/09/25 23:00:00,Annual,Percentage,Total,From 25 to 54 years,All ISCED 2011 levels,Euro area – 20 countries (from 2023),2022,6.3,,
ESTAT:TEPSR_WC170(1.0),11/09/25 23:00:00,Annual,Percentage,Total,From 25 to 54 years,All ISCED 2011 levels,Euro area – 20 countries (from 2023),2023,6.1,,
ESTAT:TEPSR_WC170(1.0),11/09/25 23:00:00,Annual,Percentage,Total,From 25 to 54 years,All ISCED 2011 levels,Euro area – 20 countries (from 2023),2024,5.9,,
ESTAT:TEPSR_WC170(1.0),11/09/25 23:00:00,Annual,Percentage,Total,From 25 to 54 years,All ISCED 2011 levels,Estonia,2005,7.7,b,
ESTAT:TEPSR_WC170(1.0),11/09/25 23:00:00,Annual,Percentage,Total,From 25 to 54 years,All ISCED 2011 levels,Estonia,2006,5.6,,
ESTAT:TEPSR_WC170(1.0),11/09/25 23:00:00,Annual,Percentage,Total,From 25 to 54 years,All ISCED 2011 levels,Estonia,2007,4.2,,
ESTAT:TEPSR_WC170(1.0),11/09/25 23:00:00,Annual,Percentage,Total,From 25 to 54 years,All ISCED 2011 levels,Estonia,2008,4.9,,
ESTAT:TEPSR_WC170(1.0),11/09/25 23:00:00,Annual,Percentage,Total,From 25 to 54 years,All ISCED 2011 levels,Estonia,2009,12.8,,
ESTAT:TEPSR_WC170(1.0),11/09/25 23:00:00,Annual,Percentage,Total,From 25 to 54 years,All ISCED 2011 levels,Estonia,2010,15.1,,
ESTAT:TEPSR_WC170(1.0),11/09/25 23:00:00,Annual,Percentage,Total,From 25 to 54 years,All ISCED 2011 levels,Estonia,2011,11.5,,
ESTAT:TEPSR_WC170(1.0),11/09/25 23:00:00,Annual,Percentage,Total,From 25 to 54 years,All ISCED 2011 levels,Estonia,2012,9.5,,
ESTAT:TEPSR_WC170(1.0),11/09/25 23:00:00,Annual,Percentage,Total,From 25 to 54 years,All ISCED 2011 levels,Estonia,2013,8.3,,
ESTAT:TEPSR_WC170(1.0),11/09/25 23:00:00,Annual,Percentage,Total,From 25 to 54 years,All ISCED 2011 levels,Estonia,2014,7.2,b,
ESTAT:TEPSR_WC170(1.0),11/09/25 23:00:00,Annual,Percentage,Total,From 25 to 54 years,All ISCED 2011 levels,Estonia,2015,5.7,,
ESTAT:TEPSR_WC170(1.0),11/09/25 23:00:00,Annual,Percentage,Total,From 25 to 54 years,All ISCED 2011 levels,Estonia,2016,6.0,,
ESTAT:TEPSR_WC170(1.0),11/09/25 23:00:00,Annual,Percentage,Total,From 25 to 54 years,All ISCED 2011 levels,Estonia,2017,5.3,,
ESTAT:TEPSR_WC170(1.0),11/09/25 23:00:00,Annual,Percentage,Total,From 25 to 54 years,All ISCED 2011 levels,Estonia,2018,4.7,,
ESTAT:TEPSR_WC170(1.0),11/09/25 23:00:00,Annual,Percentage,Total,From 25 to 54 years,All ISCED 2011 levels,Estonia,2019,4.0,,
ESTAT:TEPSR_WC170(1.0),11/09/25 23:00:00,Annual,Percentage,Total,From 25 to 54 years,All ISCED 2011 levels,Estonia,2020,6.0,,
ESTAT:TEPSR_WC170(1.0),11/09/25 23:00:00,Annual,Percentage,Total,From 25 to 54 years,All ISCED 2011 levels,Estonia,2021,5.4,b,
ESTAT:TEPSR_WC170(1.0),11/09/25 23:00:00,Annual,Percentage,Total,From 25 to 54 years,All ISCED 2011 levels,Estonia,2022,4.7,,
ESTAT:TEPSR_WC170(1.0),11/09/25 23:00:00,Annual,Percentage,Total,From 25 to 54 years,All ISCED 2011 levels,Estonia,2023,5.6,,
ESTAT:TEPSR_WC170(1.0),11/09/25 23:00:00,Annual,Percentage,Total,From 25 to 54 years,All ISCED 2011 levels,Estonia,2024,6.9,,
ESTAT:TEPSR_WC170(1.0),11/09/25 23:00:00,Annual,Percentage,Total,From 25 to 54 years,All ISCED 2011 levels,Greece,2005,9.2,b,
ESTAT:TEPSR_WC170(1.0),11/09/25 23:00:00,Annual,Percentage,Total,From 25 to 54 years,All ISCED 2011 levels,Greece,2006,8.2,,
ESTAT:TEPSR_WC170(1.0),11/09/25 23:00:00,Annual,Percentage,Total,From 25 to 54 years,All ISCED 2011 levels,Greece,2007,7.8,,
ESTAT:TEPSR_WC170(1.0),11/09/25 23:00:00,Annual,Percentage,Total,From 25 to 54 years,All ISCED 2011 levels,Greece,2008,7.2,,
ESTAT:TEPSR_WC170(1.0),11/09/25 23:00:00,Annual,Percentage,Total,From 25 to 54 years,All ISCED 2011 levels,Greece,2009,9.0,b,
ESTAT:TEPSR_WC170(1.0),11/09/25 23:00:00,Annual,Percentage,Total,From 25 to 54 years,All ISCED 2011 levels,Greece,2010,12.1,,
ESTAT:TEPSR_WC170(1.0),11/09/25 23:00:00,Annual,Percentage,Total,From 25 to 54 years,All ISCED 2011 levels,Greece,2011,17.2,,
ESTAT:TEPSR_WC170(1.0),11/09/25 23:00:00,Annual,Percentage,Total,From 25 to 54 years,All ISCED 2011 levels,Greece,2012,23.7,,
ESTAT:TEPSR_WC170(1.0),11/09/25 23:00:00,Annual,Percentage,Total,From 25 to 54 years,All ISCED 2011 levels,Greece,2013,26.9,,
ESTAT:TEPSR_WC170(1.0),11/09/25 23:00:00,Annual,Percentage,Total,From 25 to 54 years,All ISCED 2011 levels,Greece,2014,26.0,b,
ESTAT:TEPSR_WC170(1.0),11/09/25 23:00:00,Annual,Percentage,Total,From 25 to 54 years,All ISCED 2011 levels,Greece,2015,24.4,,
ESTAT:TEPSR_WC170(1.0),11/09/25 23:00:00,Annual,Percentage,Total,From 25 to 54 years,All ISCED 2011 levels,Greece,2016,22.8,,
ESTAT:TEPSR_WC170(1.0),11/09/25 23:00:00,Annual,Percentage,Total,From 25 to 54 years,All ISCED 2011 levels,Greece,2017,20.7,,
ESTAT:TEPSR_WC170(1.0),11/09/25 23:00:00,Annual,Percentage,Total,From 25 to 54 years,All ISCED 2011 levels,Greece,2018,18.9,,
ESTAT:TEPSR_WC170(1.0),11/09/25 23:00:00,Annual,Percentage,Total,From 25 to 54 years,All ISCED 2011 levels,Greece,2019,17.1,,
ESTAT:TEPSR_WC170(1.0),11/09/25 23:00:00,Annual,Percentage,Total,From 25 to 54 years,All ISCED 2011 levels,Greece,2020,16.2,,
ESTAT:TEPSR_WC170(1.0),11/09/25 23:00:00,Annual,Percentage,Total,From 25 to 54 years,All ISCED 2011 levels,Greece,2021,14.4,b,
ESTAT:TEPSR_WC170(1.0),11/09/25 23:00:00,Annual,Percentage,Total,From 25 to 54 years,All ISCED 2011 levels,Greece,2022,12.0,,
ESTAT:TEPSR_WC170(1.0),11/09/25 23:00:00,Annual,Percentage,Total,From 25 to 54 years,All ISCED 2011 levels,Greece,2023,11.0,,
ESTAT:TEPSR_WC170(1.0),11/09/25 23:00:00,Annual,Percentage,Total,From 25 to 54 years,All ISCED 2011 levels,Greece,2024,10.1,,
ESTAT:TEPSR_WC170(1.0),11/09/25 23:00:00,Annual,Percentage,Total,From 25 to 54 years,All ISCED 2011 levels,Spain,2005,8.0,b,
ESTAT:TEPSR_WC170(1.0),11/09/25 23:00:00,Annual,Percentage,Total,From 25 to 54 years,All ISCED 2011 levels,Spain,2006,7.5,b,
ESTAT:TEPSR_WC170(1.0),11/09/25 23:00:00,Annual,Percentage,Total,From 25 to 54 years,All ISCED 2011 levels,Spain,2007,7.2,,
ESTAT:TEPSR_WC170(1.0),11/09/25 23:00:00,Annual,Percentage,Total,From 25 to 54 years,All ISCED 2011 levels,Spain,2008,10.1,,
ESTAT:TEPSR_WC170(1.0),11/09/25 23:00:00,Annual,Percentage,Total,From 25 to 54 years,All ISCED 2011 levels,Spain,2009,16.3,,
ESTAT:TEPSR_WC170(1.0),11/09/25 23:00:00,Annual,Percentage,Total,From 25 to 54 years,All ISCED 2011 levels,Spain,2010,18.4,,
ESTAT:TEPSR_WC170(1.0),11/09/25 23:00:00,Annual,Percentage,Total,From 25 to 54 years,All ISCED 2011 levels,Spain,2011,19.9,,
ESTAT:TEPSR_WC170(1.0),11/09/25 23:00:00,Annual,Percentage,Total,From 25 to 54 years,All ISCED 2011 levels,Spain,2012,23.3,,
ESTAT:TEPSR_WC170(1.0),11/09/25 23:00:00,Annual,Percentage,Total,From 25 to 54 years,All ISCED 2011 levels,Spain,2013,24.5,,
ESTAT:TEPSR_WC170(1.0),11/09/25 23:00:00,Annual,Percentage,Total,From 25 to 54 years,All ISCED 2011 levels,Spain,2014,22.8,b,
ESTAT:TEPSR_WC170(1.0),11/09/25 23:00:00,Annual,Percentage,Total,From 25 to 54 years,All ISCED 2011 levels,Spain,2015,20.6,,
ESTAT:TEPSR_WC170(1.0),11/09/25 23:00:00,Annual,Percentage,Total,From 25 to 54 years,All ISCED 2011 levels,Spain,2016,18.2,,
ESTAT:TEPSR_WC170(1.0),11/09/25 23:00:00,Annual,Percentage,Total,From 25 to 54 years,All ISCED 2011 levels,Spain,2017,15.9,,
ESTAT:TEPSR_WC170(1.0),11/09/25 23:00:00,Annual,Percentage,Total,From 25 to 54 years,All ISCED 2011 levels,Spain,2018,14.0,,
ESTAT:TEPSR_WC170(1.0),11/09/25 23:00:00,Annual,Percentage,Total,From 25 to 54 years,All ISCED 2011 levels,Spain,2019,12.9,,
ESTAT:TEPSR_WC170(1.0),11/09/25 23:00:00,Annual,Percentage,Total,From 25 to 54 years,All ISCED 2011 levels,Spain,2020,14.5,,
ESTAT:TEPSR_WC170(1.0),11/09/25 23:00:00,Annual,Percentage,Total,From 25 to 54 years,All ISCED 2011 levels,Spain,2021,13.7,bd,
ESTAT:TEPSR_WC170(1.0),11/09/25 23:00:00,Annual,Percentage,Total,From 25 to 54 years,All ISCED 2011 levels,Spain,2022,11.9,d,
ESTAT:TEPSR_WC170(1.0),11/09/25 23:00:00,Annual,Percentage,Total,From 25 to 54 years,All ISCED 2011 levels,Spain,2023,10.9,d,
ESTAT:TEPSR_WC170(1.0),11/09/25 23:00:00,Annual,Percentage,Total,From 25 to 54 years,All ISCED 2011 levels,Spain,2024,10.1,d,
ESTAT:TEPSR_WC170(1.0),11/09/25 23:00:00,Annual,Percentage,Total,From 25 to 54 years,All ISCED 2011 levels,European Union - 27 countries (from 2020),2005,8.5,b,
ESTAT:TEPSR_WC170(1.0),11/09/25 23:00:00,Annual,Percentage,Total,From 25 to 54 years,All ISCED 2011 levels,European Union - 27 countries (from 2020),2006,7.7,,
ESTAT:TEPSR_WC170(1.0),11/09/25 23:00:00,Annual,Percentage,Total,From 25 to 54 years,All ISCED 2011 levels,European Union - 27 countries (from 2020),2007,6.6,,
ESTAT:TEPSR_WC170(1.0),11/09/25 23:00:00,Annual,Percentage,Total,From 25 to 54 years,All ISCED 2011 levels,European Union - 27 countries (from 2020),2008,6.4,,
ESTAT:TEPSR_WC170(1.0),11/09/25 23:00:00,Annual,Percentage,Total,From 25 to 54 years,All ISCED 2011 levels,European Union - 27 countries (from 2020),2009,8.2,,
ESTAT:TEPSR_WC170(1.0),11/09/25 23:00:00,Annual,Percentage,Total,From 25 to 54 years,All ISCED 2011 levels,European Union - 27 countries (from 2020),2010,8.9,,
ESTAT:TEPSR_WC170(1.0),11/09/25 23:00:00,Annual,Percentage,Total,From 25 to 54 years,All ISCED 2011 levels,European Union - 27 countries (from 2020),2011,9.0,,
ESTAT:TEPSR_WC170(1.0),11/09/25 23:00:00,Annual,Percentage,Total,From 25 to 54 years,All ISCED 2011 levels,European Union - 27 countries (from 2020),2012,10.0,,
ESTAT:TEPSR_WC170(1.0),11/09/25 23:00:00,Annual,Percentage,Total,From 25 to 54 years,All ISCED 2011 levels,European Union - 27 countries (from 2020),2013,10.6,,
ESTAT:TEPSR_WC170(1.0),11/09/25 23:00:00,Annual,Percentage,Total,From 25 to 54 years,All ISCED 2011 levels,European Union - 27 countries (from 2020),2014,10.1,b,
ESTAT:TEPSR_WC170(1.0),11/09/25 23:00:00,Annual,Percentage,Total,From 25 to 54 years,All ISCED 2011 levels,European Union - 27 countries (from 2020),2015,9.4,,
ESTAT:TEPSR_WC170(1.0),11/09/25 23:00:00,Annual,Percentage,Total,From 25 to 54 years,All ISCED 2011 levels,European Union - 27 countries (from 2020),2016,8.5,,
ESTAT:TEPSR_WC170(1.0),11/09/25 23:00:00,Annual,Percentage,Total,From 25 to 54 years,All ISCED 2011 levels,European Union - 27 countries (from 2020),2017,7.6,,
ESTAT:TEPSR_WC170(1.0),11/09/25 23:00:00,Annual,Percentage,Total,From 25 to 54 years,All ISCED 2011 levels,European Union - 27 countries (from 2020),2018,6.8,,
ESTAT:TEPSR_WC170(1.0),11/09/25 23:00:00,Annual,Percentage,Total,From 25 to 54 years,All ISCED 2011 levels,European Union - 27 countries (from 2020),2019,6.2,,
ESTAT:TEPSR_WC170(1.0),11/09/25 23:00:00,Annual,Percentage,Total,From 25 to 54 years,All ISCED 2011 levels,European Union - 27 countries (from 2020),2020,6.6,,
ESTAT:TEPSR_WC170(1.0),11/09/25 23:00:00,Annual,Percentage,Total,From 25 to 54 years,All ISCED 2011 levels,European Union - 27 countries (from 2020),2021,6.5,b,
ESTAT:TEPSR_WC170(1.0),11/09/25 23:00:00,Annual,Percentage,Total,From 25 to 54 years,All ISCED 2011 levels,European Union - 27 countries (from 2020),2022,5.6,,
ESTAT:TEPSR_WC170(1.0),11/09/25 23:00:00,Annual,Percentage,Total,From 25 to 54 years,All ISCED 2011 levels,European Union - 27 countries (from 2020),2023,5.5,,
ESTAT:TEPSR_WC170(1.0),11/09/25 23:00:00,Annual,Percentage,Total,From 25 to 54 years,All ISCED 2011 levels,European Union - 27 countries (from 2020),2024,5.4,,
ESTAT:TEPSR_WC170(1.0),11/09/25 23:00:00,Annual,Percentage,Total,From 25 to 54 years,All ISCED 2011 levels,Finland,2005,6.8,b,
ESTAT:TEPSR_WC170(1.0),11/09/25 23:00:00,Annual,Percentage,Total,From 25 to 54 years,All ISCED 2011 levels,Finland,2006,6.1,,
ESTAT:TEPSR_WC170(1.0),11/09/25 23:00:00,Annual,Percentage,Total,From 25 to 54 years,All ISCED 2011 levels,Finland,2007,5.3,b,
ESTAT:TEPSR_WC170(1.0),11/09/25 23:00:00,Annual,Percentage,Total,From 25 to 54 years,All ISCED 2011 levels,Finland,2008,4.9,b,
ESTAT:TEPSR_WC170(1.0),11/09/25 23:00:00,Annual,Percentage,Total,From 25 to 54 years,All ISCED 2011 levels,Finland,2009,6.6,,
ESTAT:TEPSR_WC170(1.0),11/09/25 23:00:00,Annual,Percentage,Total,From 25 to 54 years,All ISCED 2011 levels,Finland,2010,6.8,,
ESTAT:TEPSR_WC170(1.0),11/09/25 23:00:00,Annual,Percentage,Total,From 25 to 54 years,All ISCED 2011 levels,Finland,2011,6.1,,
ESTAT:TEPSR_WC170(1.0),11/09/25 23:00:00,Annual,Percentage,Total,From 25 to 54 years,All ISCED 2011 levels,Finland,2012,6.1,,
ESTAT:TEPSR_WC170(1.0),11/09/25 23:00:00,Annual,Percentage,Total,From 25 to 54 years,All ISCED 2011 levels,Finland,2013,6.6,,
ESTAT:TEPSR_WC170(1.0),11/09/25 23:00:00,Annual,Percentage,Total,From 25 to 54 years,All ISCED 2011 levels,Finland,2014,7.1,b,
ESTAT:TEPSR_WC170(1.0),11/09/25 23:00:00,Annual,Percentage,Total,From 25 to 54 years,All ISCED 2011 levels,Finland,2015,7.7,,
ESTAT:TEPSR_WC170(1.0),11/09/25 23:00:00,Annual,Percentage,Total,From 25 to 54 years,All ISCED 2011 levels,Finland,2016,7.4,,
ESTAT:TEPSR_WC170(1.0),11/09/25 23:00:00,Annual,Percentage,Total,From 25 to 54 years,All ISCED 2011 levels,Finland,2017,7.1,,
ESTAT:TEPSR_WC170(1.0),11/09/25 23:00:00,Annual,Percentage,Total,From 25 to 54 years,All ISCED 2011 levels,Finland,2018,6.0,,
ESTAT:TEPSR_WC170(1.0),11/09/25 23:00:00,Annual,Percentage,Total,From 25 to 54 years,All ISCED 2011 levels,Finland,2019,5.1,,
ESTAT:TEPSR_WC170(1.0),11/09/25 23:00:00,Annual,Percentage,Total,From 25 to 54 years,All ISCED 2011 levels,Finland,2020,5.8,,
ESTAT:TEPSR_WC170(1.0),11/09/25 23:00:00,Annual,Percentage,Total,From 25 to 54 years,All ISCED 2011 levels,Finland,2021,6.4,b,
ESTAT:TEPSR_WC170(1.0),11/09/25 23:00:00,Annual,Percentage,Total,From 25 to 54 years,All ISCED 2011 levels,Finland,2022,5.5,,
ESTAT:TEPSR_WC170(1.0),11/09/25 23:00:00,Annual,Percentage,Total,From 25 to 54 years,All ISCED 2011 levels,Finland,2023,5.8,,
ESTAT:TEPSR_WC170(1.0),11/09/25 23:00:00,Annual,Percentage,Total,From 25 to 54 years,All ISCED 2011 levels,Finland,2024,7.0,,
ESTAT:TEPSR_WC170(1.0),11/09/25 23:00:00,Annual,Percentage,Total,From 25 to 54 years,All ISCED 2011 levels,France,2005,7.5,b,
ESTAT:TEPSR_WC170(1.0),11/09/25 23:00:00,Annual,Percentage,Total,From 25 to 54 years,All ISCED 2011 levels,France,2006,7.2,b,
ESTAT:TEPSR_WC170(1.0),11/09/25 23:00:00,Annual,Percentage,Total,From 25 to 54 years,All ISCED 2011 levels,France,2007,6.6,,
ESTAT:TEPSR_WC170(1.0),11/09/25 23:00:00,Annual,Percentage,Total,From 25 to 54 years,All ISCED 2011 levels,France,2008,6.0,,
ESTAT:TEPSR_WC170(1.0),11/09/25 23:00:00,Annual,Percentage,Total,From 25 to 54 years,All ISCED 2011 levels,France,2009,7.3,,
ESTAT:TEPSR_WC170(1.0),11/09/25 23:00:00,Annual,Percentage,Total,From 25 to 54 years,All ISCED 2011 levels,France,2010,7.6,,
ESTAT:TEPSR_WC170(1.0),11/09/25 23:00:00,Annual,Percentage,Total,From 25 to 54 years,All ISCED 2011 levels,France,2011,7.7,,
ESTAT:TEPSR_WC170(1.0),11/09/25 23:00:00,Annual,Percentage,Total,From 25 to 54 years,All ISCED 2011 levels,France,2012,8.3,,
ESTAT:TEPSR_WC170(1.0),11/09/25 23:00:00,Annual,Percentage,Total,From 25 to 54 years,All ISCED 2011 levels,France,2013,8.7,b,
ESTAT:TEPSR_WC170(1.0),11/09/25 23:00:00,Annual,Percentage,Total,From 25 to 54 years,All ISCED 2011 levels,France,2014,9.2,b,
ESTAT:TEPSR_WC170(1.0),11/09/25 23:00:00,Annual,Percentage,Total,From 25 to 54 years,All ISCED 2011 levels,France,2015,9.2,,
ESTAT:TEPSR_WC170(1.0),11/09/25 23:00:00,Annual,Percentage,Total,From 25 to 54 years,All ISCED 2011 levels,France,2016,8.9,,
ESTAT:TEPSR_WC170(1.0),11/09/25 23:00:00,Annual,Percentage,Total,From 25 to 54 years,All ISCED 2011 levels,France,2017,8.5,,
ESTAT:TEPSR_WC170(1.0),11/09/25 23:00:00,Annual,Percentage,Total,From 25 to 54 years,All ISCED 2011 levels,France,2018,8.1,,
ESTAT:TEPSR_WC170(1.0),11/09/25 23:00:00,Annual,Percentage,Total,From 25 to 54 years,All ISCED 2011 levels,France,2019,7.4,,
ESTAT:TEPSR_WC170(1.0),11/09/25 23:00:00,Annual,Percentage,Total,From 25 to 54 years,All ISCED 2011 levels,France,2020,7.1,,
ESTAT:TEPSR_WC170(1.0),11/09/25 23:00:00,Annual,Percentage,Total,From 25 to 54 years,All ISCED 2011 levels,France,2021,6.8,bd,
ESTAT:TEPSR_WC170(1.0),11/09/25 23:00:00,Annual,Percentage,Total,From 25 to 54 years,All ISCED 2011 levels,France,2022,6.2,d,
ESTAT:TEPSR_WC170(1.0),11/09/25 23:00:00,Annual,Percentage,Total,From 25 to 54 years,All ISCED 2011 levels,France,2023,6.4,d,
ESTAT:TEPSR_WC170(1.0),11/09/25 23:00:00,Annual,Percentage,Total,From 25 to 54 years,All ISCED 2011 levels,France,2024,6.3,d,
ESTAT:TEPSR_WC170(1.0),11/09/25 23:00:00,Annual,Percentage,Total,From 25 to 54 years,All ISCED 2011 levels,Croatia,2005,10.9,b,
ESTAT:TEPSR_WC170(1.0),11/09/25 23:00:00,Annual,Percentage,Total,From 25 to 54 years,All ISCED 2011 levels,Croatia,2006,9.9,b,
ESTAT:TEPSR_WC170(1.0),11/09/25 23:00:00,Annual,Percentage,Total,From 25 to 54 years,All ISCED 2011 levels,Croatia,2007,8.7,,
ESTAT:TEPSR_WC170(1.0),11/09/25 23:00:00,Annual,Percentage,Total,From 25 to 54 years,All ISCED 2011 levels,Croatia,2008,7.2,,
ESTAT:TEPSR_WC170(1.0),11/09/25 23:00:00,Annual,Percentage,Total,From 25 to 54 years,All ISCED 2011 levels,Croatia,2009,8.0,,
ESTAT:TEPSR_WC170(1.0),11/09/25 23:00:00,Annual,Percentage,Total,From 25 to 54 years,All ISCED 2011 levels,Croatia,2010,10.2,b,
ESTAT:TEPSR_WC170(1.0),11/09/25 23:00:00,Annual,Percentage,Total,From 25 to 54 years,All ISCED 2011 levels,Croatia,2011,12.4,,
ESTAT:TEPSR_WC170(1.0),11/09/25 23:00:00,Annual,Percentage,Total,From 25 to 54 years,All ISCED 2011 levels,Croatia,2012,14.7,b,
ESTAT:TEPSR_WC170(1.0),11/09/25 23:00:00,Annual,Percentage,Total,From 25 to 54 years,All ISCED 2011 levels,Croatia,2013,15.5,,
ESTAT:TEPSR_WC170(1.0),11/09/25 23:00:00,Annual,Percentage,Total,From 25 to 54 years,All ISCED 2011 levels,Croatia,2014,15.3,b,
ESTAT:TEPSR_WC170(1.0),11/09/25 23:00:00,Annual,Percentage,Total,From 25 to 54 years,All ISCED 2011 levels,Croatia,2015,14.5,,
ESTAT:TEPSR_WC170(1.0),11/09/25 23:00:00,Annual,Percentage,Total,From 25 to 54 years,All ISCED 2011 levels,Croatia,2016,11.7,,
ESTAT:TEPSR_WC170(1.0),11/09/25 23:00:00,Annual,Percentage,Total,From 25 to 54 years,All ISCED 2011 levels,Croatia,2017,10.0,,
ESTAT:TEPSR_WC170(1.0),11/09/25 23:00:00,Annual,Percentage,Total,From 25 to 54 years,All ISCED 2011 levels,Croatia,2018,7.6,,
ESTAT:TEPSR_WC170(1.0),11/09/25 23:00:00,Annual,Percentage,Total,From 25 to 54 years,All ISCED 2011 levels,Croatia,2019,6.2,,
ESTAT:TEPSR_WC170(1.0),11/09/25 23:00:00,Annual,Percentage,Total,From 25 to 54 years,All ISCED 2011 levels,Croatia,2020,6.7,,
ESTAT:TEPSR_WC170(1.0),11/09/25 23:00:00,Annual,Percentage,Total,From 25 to 54 years,All ISCED 2011 levels,Croatia,2021,6.8,b,
ESTAT:TEPSR_WC170(1.0),11/09/25 23:00:00,Annual,Percentage,Total,From 25 to 54 years,All ISCED 2011 levels,Croatia,2022,6.2,,
ESTAT:TEPSR_WC170(1.0),11/09/25 23:00:00,Annual,Percentage,Total,From 25 to 54 years,All ISCED 2011 levels,Croatia,2023,5.4,,
ESTAT:TEPSR_WC170(1.0),11/09/25 23:00:00,Annual,Percentage,Total,From 25 to 54 years,All ISCED 2011 levels,Croatia,2024,4.4,,
ESTAT:TEPSR_WC170(1.0),11/09/25 23:00:00,Annual,Percentage,Total,From 25 to 54 years,All ISCED 2011 levels,Hungary,2005,6.4,b,
ESTAT:TEPSR_WC170(1.0),11/09/25 23:00:00,Annual,Percentage,Total,From 25 to 54 years,All ISCED 2011 levels,Hungary,2006,6.8,,
ESTAT:TEPSR_WC170(1.0),11/09/25 23:00:00,Annual,Percentage,Total,From 25 to 54 years,All ISCED 2011 levels,Hungary,2007,6.9,,
ESTAT:TEPSR_WC170(1.0),11/09/25 23:00:00,Annual,Percentage,Total,From 25 to 54 years,All ISCED 2011 levels,Hungary,2008,7.2,,
ESTAT:TEPSR_WC170(1.0),11/09/25 23:00:00,Annual,Percentage,Total,From 25 to 54 years,All ISCED 2011 levels,Hungary,2009,9.1,,
ESTAT:TEPSR_WC170(1.0),11/09/25 23:00:00,Annual,Percentage,Total,From 25 to 54 years,All ISCED 2011 levels,Hungary,2010,10.4,,
ESTAT:TEPSR_WC170(1.0),11/09/25 23:00:00,Annual,Percentage,Total,From 25 to 54 years,All ISCED 2011 levels,Hungary,2011,10.2,,
ESTAT:TEPSR_WC170(1.0),11/09/25 23:00:00,Annual,Percentage,Total,From 25 to 54 years,All ISCED 2011 levels,Hungary,2012,10.0,,
ESTAT:TEPSR_WC170(1.0),11/09/25 23:00:00,Annual,Percentage,Total,From 25 to 54 years,All ISCED 2011 levels,Hungary,2013,9.1,,
ESTAT:TEPSR_WC170(1.0),11/09/25 23:00:00,Annual,Percentage,Total,From 25 to 54 years,All ISCED 2011 levels,Hungary,2014,6.8,b,
ESTAT:TEPSR_WC170(1.0),11/09/25 23:00:00,Annual,Percentage,Total,From 25 to 54 years,All ISCED 2011 levels,Hungary,2015,6.0,,
ESTAT:TEPSR_WC170(1.0),11/09/25 23:00:00,Annual,Percentage,Total,From 25 to 54 years,All ISCED 2011 levels,Hungary,2016,4.5,,
ESTAT:TEPSR_WC170(1.0),11/09/25 23:00:00,Annual,Percentage,Total,From 25 to 54 years,All ISCED 2011 levels,Hungary,2017,3.7,,
ESTAT:TEPSR_WC170(1.0),11/09/25 23:00:00,Annual,Percentage,Total,From 25 to 54 years,All ISCED 2011 levels,Hungary,2018,3.4,b,
ESTAT:TEPSR_WC170(1.0),11/09/25 23:00:00,Annual,Percentage,Total,From 25 to 54 years,All ISCED 2011 levels,Hungary,2019,3.0,,
ESTAT:TEPSR_WC170(1.0),11/09/25 23:00:00,Annual,Percentage,Total,From 25 to 54 years,All ISCED 2011 levels,Hungary,2020,3.8,,
ESTAT:TEPSR_WC170(1.0),11/09/25 23:00:00,Annual,Percentage,Total,From 25 to 54 years,All ISCED 2011 levels,Hungary,2021,3.5,b,
ESTAT:TEPSR_WC170(1.0),11/09/25 23:00:00,Annual,Percentage,Total,From 25 to 54 years,All ISCED 2011 levels,Hungary,2022,3.2,,
ESTAT:TEPSR_WC170(1.0),11/09/25 23:00:00,Annual,Percentage,Total,From 25 to 54 years,All ISCED 2011 levels,Hungary,2023,3.6,,
ESTAT:TEPSR_WC170(1.0),11/09/25 23:00:00,Annual,Percentage,Total,From 25 to 54 years,All ISCED 2011 levels,Hungary,2024,3.8,,
ESTAT:TEPSR_WC170(1.0),11/09/25 23:00:00,Annual,Percentage,Total,From 25 to 54 years,All ISCED 2011 levels,Ireland,2005,3.7,b,
ESTAT:TEPSR_WC170(1.0),11/09/25 23:00:00,Annual,Percentage,Total,From 25 to 54 years,All ISCED 2011 levels,Ireland,2006,3.8,,
ESTAT:TEPSR_WC170(1.0),11/09/25 23:00:00,Annual,Percentage,Total,From 25 to 54 years,All ISCED 2011 levels,Ireland,2007,4.3,b,
ESTAT:TEPSR_WC170(1.0),11/09/25 23:00:00,Annual,Percentage,Total,From 25 to 54 years,All ISCED 2011 levels,Ireland,2008,5.7,,
ESTAT:TEPSR_WC170(1.0),11/09/25 23:00:00,Annual,Percentage,Total,From 25 to 54 years,All ISCED 2011 levels,Ireland,2009,11.0,,
ESTAT:TEPSR_WC170(1.0),11/09/25 23:00:00,Annual,Percentage,Total,From 25 to 54 years,All ISCED 2011 levels,Ireland,2010,13.0,,
ESTAT:TEPSR_WC170(1.0),11/09/25 23:00:00,Annual,Percentage,Total,From 25 to 54 years,All ISCED 2011 levels,Ireland,2011,14.1,,
ESTAT:TEPSR_WC170(1.0),11/09/25 23:00:00,Annual,Percentage,Total,From 25 to 54 years,All ISCED 2011 levels,Ireland,2012,14.0,,
ESTAT:TEPSR_WC170(1.0),11/09/25 23:00:00,Annual,Percentage,Total,From 25 to 54 years,All ISCED 2011 levels,Ireland,2013,12.4,,
ESTAT:TEPSR_WC170(1.0),11/09/25 23:00:00,Annual,Percentage,Total,From 25 to 54 years,All ISCED 2011 levels,Ireland,2014,10.7,b,
ESTAT:TEPSR_WC170(1.0),11/09/25 23:00:00,Annual,Percentage,Total,From 25 to 54 years,All ISCED 2011 levels,Ireland,2015,8.9,,
ESTAT:TEPSR_WC170(1.0),11/09/25 23:00:00,Annual,Percentage,Total,From 25 to 54 years,All ISCED 2011 levels,Ireland,2016,7.5,,
ESTAT:TEPSR_WC170(1.0),11/09/25 23:00:00,Annual,Percentage,Total,From 25 to 54 years,All ISCED 2011 levels,Ireland,2017,5.8,b,
ESTAT:TEPSR_WC170(1.0),11/09/25 23:00:00,Annual,Percentage,Total,From 25 to 54 years,All ISCED 2011 levels,Ireland,2018,4.8,,
ESTAT:TEPSR_WC170(1.0),11/09/25 23:00:00,Annual,Percentage,Total,From 25 to 54 years,All ISCED 2011 levels,Ireland,2019,4.1,,
ESTAT:TEPSR_WC170(1.0),11/09/25 23:00:00,Annual,Percentage,Total,From 25 to 54 years,All ISCED 2011 levels,Ireland,2020,4.6,,
ESTAT:TEPSR_WC170(1.0),11/09/25 23:00:00,Annual,Percentage,Total,From 25 to 54 years,All ISCED 2011 levels,Ireland,2021,5.0,b,
ESTAT:TEPSR_WC170(1.0),11/09/25 23:00:00,Annual,Percentage,Total,From 25 to 54 years,All ISCED 2011 levels,Ireland,2022,3.8,,
ESTAT:TEPSR_WC170(1.0),11/09/25 23:00:00,Annual,Percentage,Total,From 25 to 54 years,All ISCED 2011 levels,Ireland,2023,3.5,,
ESTAT:TEPSR_WC170(1.0),11/09/25 23:00:00,Annual,Percentage,Total,From 25 to 54 years,All ISCED 2011 levels,Ireland,2024,3.5,,
ESTAT:TEPSR_WC170(1.0),11/09/25 23:00:00,Annual,Percentage,Total,From 25 to 54 years,All ISCED 2011 levels,Iceland,2005,1.7,b,
ESTAT:TEPSR_WC170(1.0),11/09/25 23:00:00,Annual,Percentage,Total,From 25 to 54 years,All ISCED 2011 levels,Iceland,2006,1.8,,
ESTAT:TEPSR_WC170(1.0),11/09/25 23:00:00,Annual,Percentage,Total,From 25 to 54 years,All ISCED 2011 levels,Iceland,2007,1.3,,
ESTAT:TEPSR_WC170(1.0),11/09/25 23:00:00,Annual,Percentage,Total,From 25 to 54 years,All ISCED 2011 levels,Iceland,2008,1.9,,
ESTAT:TEPSR_WC170(1.0),11/09/25 23:00:00,Annual,Percentage,Total,From 25 to 54 years,All ISCED 2011 levels,Iceland,2009,6.1,,
ESTAT:TEPSR_WC170(1.0),11/09/25 23:00:00,Annual,Percentage,Total,From 25 to 54 years,All ISCED 2011 levels,Iceland,2010,6.3,,
ESTAT:TEPSR_WC170(1.0),11/09/25 23:00:00,Annual,Percentage,Total,From 25 to 54 years,All ISCED 2011 levels,Iceland,2011,5.6,,
ESTAT:TEPSR_WC170(1.0),11/09/25 23:00:00,Annual,Percentage,Total,From 25 to 54 years,All ISCED 2011 levels,Iceland,2012,4.6,,
ESTAT:TEPSR_WC170(1.0),11/09/25 23:00:00,Annual,Percentage,Total,From 25 to 54 years,All ISCED 2011 levels,Iceland,2013,4.6,,
ESTAT:TEPSR_WC170(1.0),11/09/25 23:00:00,Annual,Percentage,Total,From 25 to 54 years,All ISCED 2011 levels,Iceland,2014,4.3,b,
ESTAT:TEPSR_WC170(1.0),11/09/25 23:00:00,Annual,Percentage,Total,From 25 to 54 years,All ISCED 2011 levels,Iceland,2015,3.1,,
ESTAT:TEPSR_WC170(1.0),11/09/25 23:00:00,Annual,Percentage,Total,From 25 to 54 years,All ISCED 2011 levels,Iceland,2016,2.5,,
ESTAT:TEPSR_WC170(1.0),11/09/25 23:00:00,Annual,Percentage,Total,From 25 to 54 years,All ISCED 2011 levels,Iceland,2017,1.8,,
ESTAT:TEPSR_WC170(1.0),11/09/25 23:00:00,Annual,Percentage,Total,From 25 to 54 years,All ISCED 2011 levels,Iceland,2018,2.1,,
ESTAT:TEPSR_WC170(1.0),11/09/25 23:00:00,Annual,Percentage,Total,From 25 to 54 years,All ISCED 2011 levels,Iceland,2019,2.9,,
ESTAT:TEPSR_WC170(1.0),11/09/25 23:00:00,Annual,Percentage,Total,From 25 to 54 years,All ISCED 2011 levels,Iceland,2020,5.3,b,
ESTAT:TEPSR_WC170(1.0),11/09/25 23:00:00,Annual,Percentage,Total,From 25 to 54 years,All ISCED 2011 levels,Iceland,2021,5.5,b,
ESTAT:TEPSR_WC170(1.0),11/09/25 23:00:00,Annual,Percentage,Total,From 25 to 54 years,All ISCED 2011 levels,Iceland,2022,3.3,,
ESTAT:TEPSR_WC170(1.0),11/09/25 23:00:00,Annual,Percentage,Total,From 25 to 54 years,All ISCED 2011 levels,Iceland,2023,3.0,,
ESTAT:TEPSR_WC170(1.0),11/09/25 23:00:00,Annual,Percentage,Total,From 25 to 54 years,All ISCED 2011 levels,Iceland,2024,2.7,,
ESTAT:TEPSR_WC170(1.0),11/09/25 23:00:00,Annual,Percentage,Total,From 25 to 54 years,All ISCED 2011 levels,Italy,2005,6.7,b,
ESTAT:TEPSR_WC170(1.0),11/09/25 23:00:00,Annual,Percentage,Total,From 25 to 54 years,All ISCED 2011 levels,Italy,2006,5.9,,
ESTAT:TEPSR_WC170(1.0),11/09/25 23:00:00,Annual,Percentage,Total,From 25 to 54 years,All ISCED 2011 levels,Italy,2007,5.3,,
ESTAT:TEPSR_WC170(1.0),11/09/25 23:00:00,Annual,Percentage,Total,From 25 to 54 years,All ISCED 2011 levels,Italy,2008,6.0,,
ESTAT:TEPSR_WC170(1.0),11/09/25 23:00:00,Annual,Percentage,Total,From 25 to 54 years,All ISCED 2011 levels,Italy,2009,6.9,,
ESTAT:TEPSR_WC170(1.0),11/09/25 23:00:00,Annual,Percentage,Total,From 25 to 54 years,All ISCED 2011 levels,Italy,2010,7.5,,
ESTAT:TEPSR_WC170(1.0),11/09/25 23:00:00,Annual,Percentage,Total,From 25 to 54 years,All ISCED 2011 levels,Italy,2011,7.5,,
ESTAT:TEPSR_WC170(1.0),11/09/25 23:00:00,Annual,Percentage,Total,From 25 to 54 years,All ISCED 2011 levels,Italy,2012,9.6,,
ESTAT:TEPSR_WC170(1.0),11/09/25 23:00:00,Annual,Percentage,Total,From 25 to 54 years,All ISCED 2011 levels,Italy,2013,11.2,,
ESTAT:TEPSR_WC170(1.0),11/09/25 23:00:00,Annual,Percentage,Total,From 25 to 54 years,All ISCED 2011 levels,Italy,2014,11.8,b,
ESTAT:TEPSR_WC170(1.0),11/09/25 23:00:00,Annual,Percentage,Total,From 25 to 54 years,All ISCED 2011 levels,Italy,2015,11.2,,
ESTAT:TEPSR_WC170(1.0),11/09/25 23:00:00,Annual,Percentage,Total,From 25 to 54 years,All ISCED 2011 levels,Italy,2016,11.1,,
ESTAT:TEPSR_WC170(1.0),11/09/25 23:00:00,Annual,Percentage,Total,From 25 to 54 years,All ISCED 2011 levels,Italy,2017,10.9,,
ESTAT:TEPSR_WC170(1.0),11/09/25 23:00:00,Annual,Percentage,Total,From 25 to 54 years,All ISCED 2011 levels,Italy,2018,10.3,b,
ESTAT:TEPSR_WC170(1.0),11/09/25 23:00:00,Annual,Percentage,Total,From 25 to 54 years,All ISCED 2011 levels,Italy,2019,9.8,,
ESTAT:TEPSR_WC170(1.0),11/09/25 23:00:00,Annual,Percentage,Total,From 25 to 54 years,All ISCED 2011 levels,Italy,2020,9.0,,
ESTAT:TEPSR_WC170(1.0),11/09/25 23:00:00,Annual,Percentage,Total,From 25 to 54 years,All ISCED 2011 levels,Italy,2021,9.2,b,
ESTAT:TEPSR_WC170(1.0),11/09/25 23:00:00,Annual,Percentage,Total,From 25 to 54 years,All ISCED 2011 levels,Italy,2022,7.9,,
ESTAT:TEPSR_WC170(1.0),11/09/25 23:00:00,Annual,Percentage,Total,From 25 to 54 years,All ISCED 2011 levels,Italy,2023,7.5,,
ESTAT:TEPSR_WC170(1.0),11/09/25 23:00:00,Annual,Percentage,Total,From 25 to 54 years,All ISCED 2011 levels,Italy,2024,6.4,,
ESTAT:TEPSR_WC170(1.0),11/09/25 23:00:00,Annual,Percentage,Total,From 25 to 54 years,All ISCED 2011 levels,Lithuania,2005,7.9,b,
ESTAT:TEPSR_WC170(1.0),11/09/25 23:00:00,Annual,Percentage,Total,From 25 to 54 years,All ISCED 2011 levels,Lithuania,2006,5.4,,
ESTAT:TEPSR_WC170(1.0),11/09/25 23:00:00,Annual,Percentage,Total,From 25 to 54 years,All ISCED 2011 levels,Lithuania,2007,4.0,,
ESTAT:TEPSR_WC170(1.0),11/09/25 23:00:00,Annual,Percentage,Total,From 25 to 54 years,All ISCED 2011 levels,Lithuania,2008,5.2,,
ESTAT:TEPSR_WC170(1.0),11/09/25 23:00:00,Annual,Percentage,Total,From 25 to 54 years,All ISCED 2011 levels,Lithuania,2009,12.7,,
ESTAT:TEPSR_WC170(1.0),11/09/25 23:00:00,Annual,Percentage,Total,From 25 to 54 years,All ISCED 2011 levels,Lithuania,2010,16.7,,
ESTAT:TEPSR_WC170(1.0),11/09/25 23:00:00,Annual,Percentage,Total,From 25 to 54 years,All ISCED 2011 levels,Lithuania,2011,14.3,,
ESTAT:TEPSR_WC170(1.0),11/09/25 23:00:00,Annual,Percentage,Total,From 25 to 54 years,All ISCED 2011 levels,Lithuania,2012,12.6,,
ESTAT:TEPSR_WC170(1.0),11/09/25 23:00:00,Annual,Percentage,Total,From 25 to 54 years,All ISCED 2011 levels,Lithuania,2013,11.0,,
ESTAT:TEPSR_WC170(1.0),11/09/25 23:00:00,Annual,Percentage,Total,From 25 to 54 years,All ISCED 2011 levels,Lithuania,2014,9.9,b,
ESTAT:TEPSR_WC170(1.0),11/09/25 23:00:00,Annual,Percentage,Total,From 25 to 54 years,All ISCED 2011 levels,Lithuania,2015,8.6,,
ESTAT:TEPSR_WC170(1.0),11/09/25 23:00:00,Annual,Percentage,Total,From 25 to 54 years,All ISCED 2011 levels,Lithuania,2016,7.4,,
ESTAT:TEPSR_WC170(1.0),11/09/25 23:00:00,Annual,Percentage,Total,From 25 to 54 years,All ISCED 2011 levels,Lithuania,2017,6.6,,
ESTAT:TEPSR_WC170(1.0),11/09/25 23:00:00,Annual,Percentage,Total,From 25 to 54 years,All ISCED 2011 levels,Lithuania,2018,5.6,,
ESTAT:TEPSR_WC170(1.0),11/09/25 23:00:00,Annual,Percentage,Total,From 25 to 54 years,All ISCED 2011 levels,Lithuania,2019,5.8,,
ESTAT:TEPSR_WC170(1.0),11/09/25 23:00:00,Annual,Percentage,Total,From 25 to 54 years,All ISCED 2011 levels,Lithuania,2020,7.4,,
ESTAT:TEPSR_WC170(1.0),11/09/25 23:00:00,Annual,Percentage,Total,From 25 to 54 years,All ISCED 2011 levels,Lithuania,2021,6.5,b,
ESTAT:TEPSR_WC170(1.0),11/09/25 23:00:00,Annual,Percentage,Total,From 25 to 54 years,All ISCED 2011 levels,Lithuania,2022,5.4,,
ESTAT:TEPSR_WC170(1.0),11/09/25 23:00:00,Annual,Percentage,Total,From 25 to 54 years,All ISCED 2011 levels,Lithuania,2023,6.2,,
ESTAT:TEPSR_WC170(1.0),11/09/25 23:00:00,Annual,Percentage,Total,From 25 to 54 years,All ISCED 2011 levels,Lithuania,2024,6.2,,
ESTAT:TEPSR_WC170(1.0),11/09/25 23:00:00,Annual,Percentage,Total,From 25 to 54 years,All ISCED 2011 levels,Luxembourg,2005,3.9,b,
ESTAT:TEPSR_WC170(1.0),11/09/25 23:00:00,Annual,Percentage,Total,From 25 to 54 years,All ISCED 2011 levels,Luxembourg,2006,4.1,,
ESTAT:TEPSR_WC170(1.0),11/09/25 23:00:00,Annual,Percentage,Total,From 25 to 54 years,All ISCED 2011 levels,Luxembourg,2007,3.4,b,
ESTAT:TEPSR_WC170(1.0),11/09/25 23:00:00,Annual,Percentage,Total,From 25 to 54 years,All ISCED 2011 levels,Luxembourg,2008,4.2,,
ESTAT:TEPSR_WC170(1.0),11/09/25 23:00:00,Annual,Percentage,Total,From 25 to 54 years,All ISCED 2011 levels,Luxembourg,2009,4.2,b,
ESTAT:TEPSR_WC170(1.0),11/09/25 23:00:00,Annual,Percentage,Total,From 25 to 54 years,All ISCED 2011 levels,Luxembourg,2010,3.9,,
ESTAT:TEPSR_WC170(1.0),11/09/25 23:00:00,Annual,Percentage,Total,From 25 to 54 years,All ISCED 2011 levels,Luxembourg,2011,4.3,,
ESTAT:TEPSR_WC170(1.0),11/09/25 23:00:00,Annual,Percentage,Total,From 25 to 54 years,All ISCED 2011 levels,Luxembourg,2012,4.5,,
ESTAT:TEPSR_WC170(1.0),11/09/25 23:00:00,Annual,Percentage,Total,From 25 to 54 years,All ISCED 2011 levels,Luxembourg,2013,5.3,,
ESTAT:TEPSR_WC170(1.0),11/09/25 23:00:00,Annual,Percentage,Total,From 25 to 54 years,All ISCED 2011 levels,Luxembourg,2014,4.9,b,
ESTAT:TEPSR_WC170(1.0),11/09/25 23:00:00,Annual,Percentage,Total,From 25 to 54 years,All ISCED 2011 levels,Luxembourg,2015,5.8,b,
ESTAT:TEPSR_WC170(1.0),11/09/25 23:00:00,Annual,Percentage,Total,From 25 to 54 years,All ISCED 2011 levels,Luxembourg,2016,5.3,,
ESTAT:TEPSR_WC170(1.0),11/09/25 23:00:00,Annual,Percentage,Total,From 25 to 54 years,All ISCED 2011 levels,Luxembourg,2017,4.9,,
ESTAT:TEPSR_WC170(1.0),11/09/25 23:00:00,Annual,Percentage,Total,From 25 to 54 years,All ISCED 2011 levels,Luxembourg,2018,5.0,,
ESTAT:TEPSR_WC170(1.0),11/09/25 23:00:00,Annual,Percentage,Total,From 25 to 54 years,All ISCED 2011 levels,Luxembourg,2019,4.7,,
ESTAT:TEPSR_WC170(1.0),11/09/25 23:00:00,Annual,Percentage,Total,From 25 to 54 years,All ISCED 2011 levels,Luxembourg,2020,5.7,,
ESTAT:TEPSR_WC170(1.0),11/09/25 23:00:00,Annual,Percentage,Total,From 25 to 54 years,All ISCED 2011 levels,Luxembourg,2021,4.3,b,
ESTAT:TEPSR_WC170(1.0),11/09/25 23:00:00,Annual,Percentage,Total,From 25 to 54 years,All ISCED 2011 levels,Luxembourg,2022,3.4,,
ESTAT:TEPSR_WC170(1.0),11/09/25 23:00:00,Annual,Percentage,Total,From 25 to 54 years,All ISCED 2011 levels,Luxembourg,2023,4.1,,
ESTAT:TEPSR_WC170(1.0),11/09/25 23:00:00,Annual,Percentage,Total,From 25 to 54 years,All ISCED 2011 levels,Luxembourg,2024,5.5,,
ESTAT:TEPSR_WC170(1.0),11/09/25 23:00:00,Annual,Percentage,Total,From 25 to 54 years,All ISCED 2011 levels,Latvia,2005,9.5,b,
ESTAT:TEPSR_WC170(1.0),11/09/25 23:00:00,Annual,Percentage,Total,From 25 to 54 years,All ISCED 2011 levels,Latvia,2006,6.2,,
ESTAT:TEPSR_WC170(1.0),11/09/25 23:00:00,Annual,Percentage,Total,From 25 to 54 years,All ISCED 2011 levels,Latvia,2007,5.7,,
ESTAT:TEPSR_WC170(1.0),11/09/25 23:00:00,Annual,Percentage,Total,From 25 to 54 years,All ISCED 2011 levels,Latvia,2008,7.4,,
ESTAT:TEPSR_WC170(1.0),11/09/25 23:00:00,Annual,Percentage,Total,From 25 to 54 years,All ISCED 2011 levels,Latvia,2009,16.2,,
ESTAT:TEPSR_WC170(1.0),11/09/25 23:00:00,Annual,Percentage,Total,From 25 to 54 years,All ISCED 2011 levels,Latvia,2010,18.0,,
ESTAT:TEPSR_WC170(1.0),11/09/25 23:00:00,Annual,Percentage,Total,From 25 to 54 years,All ISCED 2011 levels,Latvia,2011,14.8,,
ESTAT:TEPSR_WC170(1.0),11/09/25 23:00:00,Annual,Percentage,Total,From 25 to 54 years,All ISCED 2011 levels,Latvia,2012,13.7,,
ESTAT:TEPSR_WC170(1.0),11/09/25 23:00:00,Annual,Percentage,Total,From 25 to 54 years,All ISCED 2011 levels,Latvia,2013,11.0,,
ESTAT:TEPSR_WC170(1.0),11/09/25 23:00:00,Annual,Percentage,Total,From 25 to 54 years,All ISCED 2011 levels,Latvia,2014,10.4,b,
ESTAT:TEPSR_WC170(1.0),11/09/25 23:00:00,Annual,Percentage,Total,From 25 to 54 years,All ISCED 2011 levels,Latvia,2015,9.5,,
ESTAT:TEPSR_WC170(1.0),11/09/25 23:00:00,Annual,Percentage,Total,From 25 to 54 years,All ISCED 2011 levels,Latvia,2016,9.3,,
ESTAT:TEPSR_WC170(1.0),11/09/25 23:00:00,Annual,Percentage,Total,From 25 to 54 years,All ISCED 2011 levels,Latvia,2017,8.3,,
ESTAT:TEPSR_WC170(1.0),11/09/25 23:00:00,Annual,Percentage,Total,From 25 to 54 years,All ISCED 2011 levels,Latvia,2018,7.2,,
ESTAT:TEPSR_WC170(1.0),11/09/25 23:00:00,Annual,Percentage,Total,From 25 to 54 years,All ISCED 2011 levels,Latvia,2019,5.9,,
ESTAT:TEPSR_WC170(1.0),11/09/25 23:00:00,Annual,Percentage,Total,From 25 to 54 years,All ISCED 2011 levels,Latvia,2020,7.9,,
ESTAT:TEPSR_WC170(1.0),11/09/25 23:00:00,Annual,Percentage,Total,From 25 to 54 years,All ISCED 2011 levels,Latvia,2021,7.8,b,
ESTAT:TEPSR_WC170(1.0),11/09/25 23:00:00,Annual,Percentage,Total,From 25 to 54 years,All ISCED 2011 levels,Latvia,2022,6.7,,
ESTAT:TEPSR_WC170(1.0),11/09/25 23:00:00,Annual,Percentage,Total,From 25 to 54 years,All ISCED 2011 levels,Latvia,2023,6.4,,
ESTAT:TEPSR_WC170(1.0),11/09/25 23:00:00,Annual,Percentage,Total,From 25 to 54 years,All ISCED 2011 levels,Latvia,2024,6.9,,
ESTAT:TEPSR_WC170(1.0),11/09/25 23:00:00,Annual,Percentage,Total,From 25 to 54 years,All ISCED 2011 levels,Montenegro,2011,19.3,,
ESTAT:TEPSR_WC170(1.0),11/09/25 23:00:00,Annual,Percentage,Total,From 25 to 54 years,All ISCED 2011 levels,Montenegro,2012,19.2,,
ESTAT:TEPSR_WC170(1.0),11/09/25 23:00:00,Annual,Percentage,Total,From 25 to 54 years,All ISCED 2011 levels,Montenegro,2013,18.6,,
ESTAT:TEPSR_WC170(1.0),11/09/25 23:00:00,Annual,Percentage,Total,From 25 to 54 years,All ISCED 2011 levels,Montenegro,2014,17.1,b,
ESTAT:TEPSR_WC170(1.0),11/09/25 23:00:00,Annual,Percentage,Total,From 25 to 54 years,All ISCED 2011 levels,Montenegro,2015,16.4,,
ESTAT:TEPSR_WC170(1.0),11/09/25 23:00:00,Annual,Percentage,Total,From 25 to 54 years,All ISCED 2011 levels,Montenegro,2016,17.1,,
ESTAT:TEPSR_WC170(1.0),11/09/25 23:00:00,Annual,Percentage,Total,From 25 to 54 years,All ISCED 2011 levels,Montenegro,2017,15.9,,
ESTAT:TEPSR_WC170(1.0),11/09/25 23:00:00,Annual,Percentage,Total,From 25 to 54 years,All ISCED 2011 levels,Montenegro,2018,15.2,,
ESTAT:TEPSR_WC170(1.0),11/09/25 23:00:00,Annual,Percentage,Total,From 25 to 54 years,All ISCED 2011 levels,Montenegro,2019,15.5,,
ESTAT:TEPSR_WC170(1.0),11/09/25 23:00:00,Annual,Percentage,Total,From 25 to 54 years,All ISCED 2011 levels,Montenegro,2020,17.5,,
ESTAT:TEPSR_WC170(1.0),11/09/25 23:00:00,Annual,Percentage,Total,From 25 to 54 years,All ISCED 2011 levels,North Macedonia,2006,33.3,,
ESTAT:TEPSR_WC170(1.0),11/09/25 23:00:00,Annual,Percentage,Total,From 25 to 54 years,All ISCED 2011 levels,North Macedonia,2007,32.3,,
ESTAT:TEPSR_WC170(1.0),11/09/25 23:00:00,Annual,Percentage,Total,From 25 to 54 years,All ISCED 2011 levels,North Macedonia,2008,31.0,,
ESTAT:TEPSR_WC170(1.0),11/09/25 23:00:00,Annual,Percentage,Total,From 25 to 54 years,All ISCED 2011 levels,North Macedonia,2009,29.6,,
ESTAT:TEPSR_WC170(1.0),11/09/25 23:00:00,Annual,Percentage,Total,From 25 to 54 years,All ISCED 2011 levels,North Macedonia,2010,29.7,,
ESTAT:TEPSR_WC170(1.0),11/09/25 23:00:00,Annual,Percentage,Total,From 25 to 54 years,All ISCED 2011 levels,North Macedonia,2011,28.7,,
ESTAT:TEPSR_WC170(1.0),11/09/25 23:00:00,Annual,Percentage,Total,From 25 to 54 years,All ISCED 2011 levels,North Macedonia,2012,29.0,,
ESTAT:TEPSR_WC170(1.0),11/09/25 23:00:00,Annual,Percentage,Total,From 25 to 54 years,All ISCED 2011 levels,North Macedonia,2013,26.9,,
ESTAT:TEPSR_WC170(1.0),11/09/25 23:00:00,Annual,Percentage,Total,From 25 to 54 years,All ISCED 2011 levels,North Macedonia,2014,25.8,b,
ESTAT:TEPSR_WC170(1.0),11/09/25 23:00:00,Annual,Percentage,Total,From 25 to 54 years,All ISCED 2011 levels,North Macedonia,2015,24.6,,
ESTAT:TEPSR_WC170(1.0),11/09/25 23:00:00,Annual,Percentage,Total,From 25 to 54 years,All ISCED 2011 levels,North Macedonia,2016,22.2,,
ESTAT:TEPSR_WC170(1.0),11/09/25 23:00:00,Annual,Percentage,Total,From 25 to 54 years,All ISCED 2011 levels,North Macedonia,2017,20.7,,
ESTAT:TEPSR_WC170(1.0),11/09/25 23:00:00,Annual,Percentage,Total,From 25 to 54 years,All ISCED 2011 levels,North Macedonia,2018,18.9,,
ESTAT:TEPSR_WC170(1.0),11/09/25 23:00:00,Annual,Percentage,Total,From 25 to 54 years,All ISCED 2011 levels,North Macedonia,2019,16.5,,
ESTAT:TEPSR_WC170(1.0),11/09/25 23:00:00,Annual,Percentage,Total,From 25 to 54 years,All ISCED 2011 levels,North Macedonia,2020,15.5,,
ESTAT:TEPSR_WC170(1.0),11/09/25 23:00:00,Annual,Percentage,Total,From 25 to 54 years,All ISCED 2011 levels,Malta,2005,5.0,b,
ESTAT:TEPSR_WC170(1.0),11/09/25 23:00:00,Annual,Percentage,Total,From 25 to 54 years,All ISCED 2011 levels,Malta,2006,5.1,,
ESTAT:TEPSR_WC170(1.0),11/09/25 23:00:00,Annual,Percentage,Total,From 25 to 54 years,All ISCED 2011 levels,Malta,2007,5.1,,
ESTAT:TEPSR_WC170(1.0),11/09/25 23:00:00,Annual,Percentage,Total,From 25 to 54 years,All ISCED 2011 levels,Malta,2008,4.9,,
ESTAT:TEPSR_WC170(1.0),11/09/25 23:00:00,Annual,Percentage,Total,From 25 to 54 years,All ISCED 2011 levels,Malta,2009,5.3,,
ESTAT:TEPSR_WC170(1.0),11/09/25 23:00:00,Annual,Percentage,Total,From 25 to 54 years,All ISCED 2011 levels,Malta,2010,5.9,,
ESTAT:TEPSR_WC170(1.0),11/09/25 23:00:00,Annual,Percentage,Total,From 25 to 54 years,All ISCED 2011 levels,Malta,2011,5.4,b,
ESTAT:TEPSR_WC170(1.0),11/09/25 23:00:00,Annual,Percentage,Total,From 25 to 54 years,All ISCED 2011 levels,Malta,2012,5.0,,
ESTAT:TEPSR_WC170(1.0),11/09/25 23:00:00,Annual,Percentage,Total,From 25 to 54 years,All ISCED 2011 levels,Malta,2013,5.0,,
ESTAT:TEPSR_WC170(1.0),11/09/25 23:00:00,Annual,Percentage,Total,From 25 to 54 years,All ISCED 2011 levels,Malta,2014,4.6,b,
ESTAT:TEPSR_WC170(1.0),11/09/25 23:00:00,Annual,Percentage,Total,From 25 to 54 years,All ISCED 2011 levels,Malta,2015,4.3,,
ESTAT:TEPSR_WC170(1.0),11/09/25 23:00:00,Annual,Percentage,Total,From 25 to 54 years,All ISCED 2011 levels,Malta,2016,3.9,,
ESTAT:TEPSR_WC170(1.0),11/09/25 23:00:00,Annual,Percentage,Total,From 25 to 54 years,All ISCED 2011 levels,Malta,2017,3.2,,
ESTAT:TEPSR_WC170(1.0),11/09/25 23:00:00,Annual,Percentage,Total,From 25 to 54 years,All ISCED 2011 levels,Malta,2018,3.2,,
ESTAT:TEPSR_WC170(1.0),11/09/25 23:00:00,Annual,Percentage,Total,From 25 to 54 years,All ISCED 2011 levels,Malta,2019,3.7,,
ESTAT:TEPSR_WC170(1.0),11/09/25 23:00:00,Annual,Percentage,Total,From 25 to 54 years,All ISCED 2011 levels,Malta,2020,4.2,,
ESTAT:TEPSR_WC170(1.0),11/09/25 23:00:00,Annual,Percentage,Total,From 25 to 54 years,All ISCED 2011 levels,Malta,2021,3.0,b,
ESTAT:TEPSR_WC170(1.0),11/09/25 23:00:00,Annual,Percentage,Total,From 25 to 54 years,All ISCED 2011 levels,Malta,2022,3.0,,
ESTAT:TEPSR_WC170(1.0),11/09/25 23:00:00,Annual,Percentage,Total,From 25 to 54 years,All ISCED 2011 levels,Malta,2023,3.0,,
ESTAT:TEPSR_WC170(1.0),11/09/25 23:00:00,Annual,Percentage,Total,From 25 to 54 years,All ISCED 2011 levels,Malta,2024,2.6,,
ESTAT:TEPSR_WC170(1.0),11/09/25 23:00:00,Annual,Percentage,Total,From 25 to 54 years,All ISCED 2011 levels,Netherlands,2005,4.8,b,
ESTAT:TEPSR_WC170(1.0),11/09/25 23:00:00,Annual,Percentage,Total,From 25 to 54 years,All ISCED 2011 levels,Netherlands,2006,4.0,b,
ESTAT:TEPSR_WC170(1.0),11/09/25 23:00:00,Annual,Percentage,Total,From 25 to 54 years,All ISCED 2011 levels,Netherlands,2007,3.0,,
ESTAT:TEPSR_WC170(1.0),11/09/25 23:00:00,Annual,Percentage,Total,From 25 to 54 years,All ISCED 2011 levels,Netherlands,2008,2.5,,
ESTAT:TEPSR_WC170(1.0),11/09/25 23:00:00,Annual,Percentage,Total,From 25 to 54 years,All ISCED 2011 levels,Netherlands,2009,3.2,,
ESTAT:TEPSR_WC170(1.0),11/09/25 23:00:00,Annual,Percentage,Total,From 25 to 54 years,All ISCED 2011 levels,Netherlands,2010,3.8,,
ESTAT:TEPSR_WC170(1.0),11/09/25 23:00:00,Annual,Percentage,Total,From 25 to 54 years,All ISCED 2011 levels,Netherlands,2011,3.9,,
ESTAT:TEPSR_WC170(1.0),11/09/25 23:00:00,Annual,Percentage,Total,From 25 to 54 years,All ISCED 2011 levels,Netherlands,2012,4.6,,
ESTAT:TEPSR_WC170(1.0),11/09/25 23:00:00,Annual,Percentage,Total,From 25 to 54 years,All ISCED 2011 levels,Netherlands,2013,6.0,b,
ESTAT:TEPSR_WC170(1.0),11/09/25 23:00:00,Annual,Percentage,Total,From 25 to 54 years,All ISCED 2011 levels,Netherlands,2014,6.2,b,
ESTAT:TEPSR_WC170(1.0),11/09/25 23:00:00,Annual,Percentage,Total,From 25 to 54 years,All ISCED 2011 levels,Netherlands,2015,5.6,,
ESTAT:TEPSR_WC170(1.0),11/09/25 23:00:00,Annual,Percentage,Total,From 25 to 54 years,All ISCED 2011 levels,Netherlands,2016,4.6,,
ESTAT:TEPSR_WC170(1.0),11/09/25 23:00:00,Annual,Percentage,Total,From 25 to 54 years,All ISCED 2011 levels,Netherlands,2017,3.7,,
ESTAT:TEPSR_WC170(1.0),11/09/25 23:00:00,Annual,Percentage,Total,From 25 to 54 years,All ISCED 2011 levels,Netherlands,2018,2.8,,
ESTAT:TEPSR_WC170(1.0),11/09/25 23:00:00,Annual,Percentage,Total,From 25 to 54 years,All ISCED 2011 levels,Netherlands,2019,2.6,b,
ESTAT:TEPSR_WC170(1.0),11/09/25 23:00:00,Annual,Percentage,Total,From 25 to 54 years,All ISCED 2011 levels,Netherlands,2020,2.9,,
ESTAT:TEPSR_WC170(1.0),11/09/25 23:00:00,Annual,Percentage,Total,From 25 to 54 years,All ISCED 2011 levels,Netherlands,2021,3.1,b,
ESTAT:TEPSR_WC170(1.0),11/09/25 23:00:00,Annual,Percentage,Total,From 25 to 54 years,All ISCED 2011 levels,Netherlands,2022,2.5,,
ESTAT:TEPSR_WC170(1.0),11/09/25 23:00:00,Annual,Percentage,Total,From 25 to 54 years,All ISCED 2011 levels,Netherlands,2023,2.5,,
ESTAT:TEPSR_WC170(1.0),11/09/25 23:00:00,Annual,Percentage,Total,From 25 to 54 years,All ISCED 2011 levels,Netherlands,2024,2.7,,
ESTAT:TEPSR_WC170(1.0),11/09/25 23:00:00,Annual,Percentage,Total,From 25 to 54 years,All ISCED 2011 levels,Norway,2005,3.7,b,
ESTAT:TEPSR_WC170(1.0),11/09/25 23:00:00,Annual,Percentage,Total,From 25 to 54 years,All ISCED 2011 levels,Norway,2006,2.9,b,
ESTAT:TEPSR_WC170(1.0),11/09/25 23:00:00,Annual,Percentage,Total,From 25 to 54 years,All ISCED 2011 levels,Norway,2007,1.9,,
ESTAT:TEPSR_WC170(1.0),11/09/25 23:00:00,Annual,Percentage,Total,From 25 to 54 years,All ISCED 2011 levels,Norway,2008,1.9,,
ESTAT:TEPSR_WC170(1.0),11/09/25 23:00:00,Annual,Percentage,Total,From 25 to 54 years,All ISCED 2011 levels,Norway,2009,2.4,,
ESTAT:TEPSR_WC170(1.0),11/09/25 23:00:00,Annual,Percentage,Total,From 25 to 54 years,All ISCED 2011 levels,Norway,2010,3.0,,
ESTAT:TEPSR_WC170(1.0),11/09/25 23:00:00,Annual,Percentage,Total,From 25 to 54 years,All ISCED 2011 levels,Norway,2011,2.7,,
ESTAT:TEPSR_WC170(1.0),11/09/25 23:00:00,Annual,Percentage,Total,From 25 to 54 years,All ISCED 2011 levels,Norway,2012,2.6,,
ESTAT:TEPSR_WC170(1.0),11/09/25 23:00:00,Annual,Percentage,Total,From 25 to 54 years,All ISCED 2011 levels,Norway,2013,2.9,,
ESTAT:TEPSR_WC170(1.0),11/09/25 23:00:00,Annual,Percentage,Total,From 25 to 54 years,All ISCED 2011 levels,Norway,2014,3.3,b,
ESTAT:TEPSR_WC170(1.0),11/09/25 23:00:00,Annual,Percentage,Total,From 25 to 54 years,All ISCED 2011 levels,Norway,2015,4.0,,
ESTAT:TEPSR_WC170(1.0),11/09/25 23:00:00,Annual,Percentage,Total,From 25 to 54 years,All ISCED 2011 levels,Norway,2016,4.3,,
ESTAT:TEPSR_WC170(1.0),11/09/25 23:00:00,Annual,Percentage,Total,From 25 to 54 years,All ISCED 2011 levels,Norway,2017,3.7,,
ESTAT:TEPSR_WC170(1.0),11/09/25 23:00:00,Annual,Percentage,Total,From 25 to 54 years,All ISCED 2011 levels,Norway,2018,3.4,,
ESTAT:TEPSR_WC170(1.0),11/09/25 23:00:00,Annual,Percentage,Total,From 25 to 54 years,All ISCED 2011 levels,Norway,2019,3.2,,
ESTAT:TEPSR_WC170(1.0),11/09/25 23:00:00,Annual,Percentage,Total,From 25 to 54 years,All ISCED 2011 levels,Norway,2020,3.9,,
ESTAT:TEPSR_WC170(1.0),11/09/25 23:00:00,Annual,Percentage,Total,From 25 to 54 years,All ISCED 2011 levels,Norway,2021,3.6,b,
ESTAT:TEPSR_WC170(1.0),11/09/25 23:00:00,Annual,Percentage,Total,From 25 to 54 years,All ISCED 2011 levels,Norway,2022,2.4,,
ESTAT:TEPSR_WC170(1.0),11/09/25 23:00:00,Annual,Percentage,Total,From 25 to 54 years,All ISCED 2011 levels,Norway,2023,2.7,,
ESTAT:TEPSR_WC170(1.0),11/09/25 23:00:00,Annual,Percentage,Total,From 25 to 54 years,All ISCED 2011 levels,Norway,2024,3.0,,
ESTAT:TEPSR_WC170(1.0),11/09/25 23:00:00,Annual,Percentage,Total,From 25 to 54 years,All ISCED 2011 levels,Poland,2005,15.7,b,
ESTAT:TEPSR_WC170(1.0),11/09/25 23:00:00,Annual,Percentage,Total,From 25 to 54 years,All ISCED 2011 levels,Poland,2006,12.2,,
ESTAT:TEPSR_WC170(1.0),11/09/25 23:00:00,Annual,Percentage,Total,From 25 to 54 years,All ISCED 2011 levels,Poland,2007,8.4,,
ESTAT:TEPSR_WC170(1.0),11/09/25 23:00:00,Annual,Percentage,Total,From 25 to 54 years,All ISCED 2011 levels,Poland,2008,6.1,,
ESTAT:TEPSR_WC170(1.0),11/09/25 23:00:00,Annual,Percentage,Total,From 25 to 54 years,All ISCED 2011 levels,Poland,2009,6.9,,
ESTAT:TEPSR_WC170(1.0),11/09/25 23:00:00,Annual,Percentage,Total,From 25 to 54 years,All ISCED 2011 levels,Poland,2010,8.3,b,
ESTAT:TEPSR_WC170(1.0),11/09/25 23:00:00,Annual,Percentage,Total,From 25 to 54 years,All ISCED 2011 levels,Poland,2011,8.2,,
ESTAT:TEPSR_WC170(1.0),11/09/25 23:00:00,Annual,Percentage,Total,From 25 to 54 years,All ISCED 2011 levels,Poland,2012,8.8,,
ESTAT:TEPSR_WC170(1.0),11/09/25 23:00:00,Annual,Percentage,Total,From 25 to 54 years,All ISCED 2011 levels,Poland,2013,9.0,,
ESTAT:TEPSR_WC170(1.0),11/09/25 23:00:00,Annual,Percentage,Total,From 25 to 54 years,All ISCED 2011 levels,Poland,2014,7.9,b,
ESTAT:TEPSR_WC170(1.0),11/09/25 23:00:00,Annual,Percentage,Total,From 25 to 54 years,All ISCED 2011 levels,Poland,2015,6.6,,
ESTAT:TEPSR_WC170(1.0),11/09/25 23:00:00,Annual,Percentage,Total,From 25 to 54 years,All ISCED 2011 levels,Poland,2016,5.4,,
ESTAT:TEPSR_WC170(1.0),11/09/25 23:00:00,Annual,Percentage,Total,From 25 to 54 years,All ISCED 2011 levels,Poland,2017,4.2,,
ESTAT:TEPSR_WC170(1.0),11/09/25 23:00:00,Annual,Percentage,Total,From 25 to 54 years,All ISCED 2011 levels,Poland,2018,3.4,,
ESTAT:TEPSR_WC170(1.0),11/09/25 23:00:00,Annual,Percentage,Total,From 25 to 54 years,All ISCED 2011 levels,Poland,2019,2.9,b,
ESTAT:TEPSR_WC170(1.0),11/09/25 23:00:00,Annual,Percentage,Total,From 25 to 54 years,All ISCED 2011 levels,Poland,2020,2.8,,
ESTAT:TEPSR_WC170(1.0),11/09/25 23:00:00,Annual,Percentage,Total,From 25 to 54 years,All ISCED 2011 levels,Poland,2021,2.9,b,
ESTAT:TEPSR_WC170(1.0),11/09/25 23:00:00,Annual,Percentage,Total,From 25 to 54 years,All ISCED 2011 levels,Poland,2022,2.5,,
ESTAT:TEPSR_WC170(1.0),11/09/25 23:00:00,Annual,Percentage,Total,From 25 to 54 years,All ISCED 2011 levels,Poland,2023,2.4,,
ESTAT:TEPSR_WC170(1.0),11/09/25 23:00:00,Annual,Percentage,Total,From 25 to 54 years,All ISCED 2011 levels,Poland,2024,2.4,,
ESTAT:TEPSR_WC170(1.0),11/09/25 23:00:00,Annual,Percentage,Total,From 25 to 54 years,All ISCED 2011 levels,Portugal,2005,7.2,b,
ESTAT:TEPSR_WC170(1.0),11/09/25 23:00:00,Annual,Percentage,Total,From 25 to 54 years,All ISCED 2011 levels,Portugal,2006,7.3,,
ESTAT:TEPSR_WC170(1.0),11/09/25 23:00:00,Annual,Percentage,Total,From 25 to 54 years,All ISCED 2011 levels,Portugal,2007,7.8,,
ESTAT:TEPSR_WC170(1.0),11/09/25 23:00:00,Annual,Percentage,Total,From 25 to 54 years,All ISCED 2011 levels,Portugal,2008,7.2,,
ESTAT:TEPSR_WC170(1.0),11/09/25 23:00:00,Annual,Percentage,Total,From 25 to 54 years,All ISCED 2011 levels,Portugal,2009,9.2,,
ESTAT:TEPSR_WC170(1.0),11/09/25 23:00:00,Annual,Percentage,Total,From 25 to 54 years,All ISCED 2011 levels,Portugal,2010,10.7,,
ESTAT:TEPSR_WC170(1.0),11/09/25 23:00:00,Annual,Percentage,Total,From 25 to 54 years,All ISCED 2011 levels,Portugal,2011,12.0,b,
ESTAT:TEPSR_WC170(1.0),11/09/25 23:00:00,Annual,Percentage,Total,From 25 to 54 years,All ISCED 2011 levels,Portugal,2012,14.7,,
ESTAT:TEPSR_WC170(1.0),11/09/25 23:00:00,Annual,Percentage,Total,From 25 to 54 years,All ISCED 2011 levels,Portugal,2013,15.5,,
ESTAT:TEPSR_WC170(1.0),11/09/25 23:00:00,Annual,Percentage,Total,From 25 to 54 years,All ISCED 2011 levels,Portugal,2014,12.7,b,
ESTAT:TEPSR_WC170(1.0),11/09/25 23:00:00,Annual,Percentage,Total,From 25 to 54 years,All ISCED 2011 levels,Portugal,2015,11.2,,
ESTAT:TEPSR_WC170(1.0),11/09/25 23:00:00,Annual,Percentage,Total,From 25 to 54 years,All ISCED 2011 levels,Portugal,2016,10.0,,
ESTAT:TEPSR_WC170(1.0),11/09/25 23:00:00,Annual,Percentage,Total,From 25 to 54 years,All ISCED 2011 levels,Portugal,2017,7.9,,
ESTAT:TEPSR_WC170(1.0),11/09/25 23:00:00,Annual,Percentage,Total,From 25 to 54 years,All ISCED 2011 levels,Portugal,2018,6.1,,
ESTAT:TEPSR_WC170(1.0),11/09/25 23:00:00,Annual,Percentage,Total,From 25 to 54 years,All ISCED 2011 levels,Portugal,2019,5.6,,
ESTAT:TEPSR_WC170(1.0),11/09/25 23:00:00,Annual,Percentage,Total,From 25 to 54 years,All ISCED 2011 levels,Portugal,2020,6.1,,
ESTAT:TEPSR_WC170(1.0),11/09/25 23:00:00,Annual,Percentage,Total,From 25 to 54 years,All ISCED 2011 levels,Portugal,2021,5.7,b,
ESTAT:TEPSR_WC170(1.0),11/09/25 23:00:00,Annual,Percentage,Total,From 25 to 54 years,All ISCED 2011 levels,Portugal,2022,5.5,,
ESTAT:TEPSR_WC170(1.0),11/09/25 23:00:00,Annual,Percentage,Total,From 25 to 54 years,All ISCED 2011 levels,Portugal,2023,5.6,,
ESTAT:TEPSR_WC170(1.0),11/09/25 23:00:00,Annual,Percentage,Total,From 25 to 54 years,All ISCED 2011 levels,Portugal,2024,5.5,,
ESTAT:TEPSR_WC170(1.0),11/09/25 23:00:00,Annual,Percentage,Total,From 25 to 54 years,All ISCED 2011 levels,Romania,2005,6.4,b,
ESTAT:TEPSR_WC170(1.0),11/09/25 23:00:00,Annual,Percentage,Total,From 25 to 54 years,All ISCED 2011 levels,Romania,2006,6.4,,
ESTAT:TEPSR_WC170(1.0),11/09/25 23:00:00,Annual,Percentage,Total,From 25 to 54 years,All ISCED 2011 levels,Romania,2007,5.6,,
ESTAT:TEPSR_WC170(1.0),11/09/25 23:00:00,Annual,Percentage,Total,From 25 to 54 years,All ISCED 2011 levels,Romania,2008,5.0,,
ESTAT:TEPSR_WC170(1.0),11/09/25 23:00:00,Annual,Percentage,Total,From 25 to 54 years,All ISCED 2011 levels,Romania,2009,6.1,,
ESTAT:TEPSR_WC170(1.0),11/09/25 23:00:00,Annual,Percentage,Total,From 25 to 54 years,All ISCED 2011 levels,Romania,2010,6.3,b,
ESTAT:TEPSR_WC170(1.0),11/09/25 23:00:00,Annual,Percentage,Total,From 25 to 54 years,All ISCED 2011 levels,Romania,2011,6.3,,
ESTAT:TEPSR_WC170(1.0),11/09/25 23:00:00,Annual,Percentage,Total,From 25 to 54 years,All ISCED 2011 levels,Romania,2012,6.1,,
ESTAT:TEPSR_WC170(1.0),11/09/25 23:00:00,Annual,Percentage,Total,From 25 to 54 years,All ISCED 2011 levels,Romania,2013,6.4,,
ESTAT:TEPSR_WC170(1.0),11/09/25 23:00:00,Annual,Percentage,Total,From 25 to 54 years,All ISCED 2011 levels,Romania,2014,6.1,b,
ESTAT:TEPSR_WC170(1.0),11/09/25 23:00:00,Annual,Percentage,Total,From 25 to 54 years,All ISCED 2011 levels,Romania,2015,6.2,,
ESTAT:TEPSR_WC170(1.0),11/09/25 23:00:00,Annual,Percentage,Total,From 25 to 54 years,All ISCED 2011 levels,Romania,2016,5.3,,
ESTAT:TEPSR_WC170(1.0),11/09/25 23:00:00,Annual,Percentage,Total,From 25 to 54 years,All ISCED 2011 levels,Romania,2017,4.2,,
ESTAT:TEPSR_WC170(1.0),11/09/25 23:00:00,Annual,Percentage,Total,From 25 to 54 years,All ISCED 2011 levels,Romania,2018,3.6,,
ESTAT:TEPSR_WC170(1.0),11/09/25 23:00:00,Annual,Percentage,Total,From 25 to 54 years,All ISCED 2011 levels,Romania,2019,3.2,,
ESTAT:TEPSR_WC170(1.0),11/09/25 23:00:00,Annual,Percentage,Total,From 25 to 54 years,All ISCED 2011 levels,Romania,2020,4.4,,
ESTAT:TEPSR_WC170(1.0),11/09/25 23:00:00,Annual,Percentage,Total,From 25 to 54 years,All ISCED 2011 levels,Romania,2021,4.6,b,
ESTAT:TEPSR_WC170(1.0),11/09/25 23:00:00,Annual,Percentage,Total,From 25 to 54 years,All ISCED 2011 levels,Romania,2022,4.6,,
ESTAT:TEPSR_WC170(1.0),11/09/25 23:00:00,Annual,Percentage,Total,From 25 to 54 years,All ISCED 2011 levels,Romania,2023,4.7,,
ESTAT:TEPSR_WC170(1.0),11/09/25 23:00:00,Annual,Percentage,Total,From 25 to 54 years,All ISCED 2011 levels,Romania,2024,4.5,,
ESTAT:TEPSR_WC170(1.0),11/09/25 23:00:00,Annual,Percentage,Total,From 25 to 54 years,All ISCED 2011 levels,Serbia,2010,18.7,,
ESTAT:TEPSR_WC170(1.0),11/09/25 23:00:00,Annual,Percentage,Total,From 25 to 54 years,All ISCED 2011 levels,Serbia,2011,22.4,,
ESTAT:TEPSR_WC170(1.0),11/09/25 23:00:00,Annual,Percentage,Total,From 25 to 54 years,All ISCED 2011 levels,Serbia,2012,23.3,,
ESTAT:TEPSR_WC170(1.0),11/09/25 23:00:00,Annual,Percentage,Total,From 25 to 54 years,All ISCED 2011 levels,Serbia,2013,22.0,,
ESTAT:TEPSR_WC170(1.0),11/09/25 23:00:00,Annual,Percentage,Total,From 25 to 54 years,All ISCED 2011 levels,Serbia,2014,18.7,b,
ESTAT:TEPSR_WC170(1.0),11/09/25 23:00:00,Annual,Percentage,Total,From 25 to 54 years,All ISCED 2011 levels,Serbia,2015,17.1,,
ESTAT:TEPSR_WC170(1.0),11/09/25 23:00:00,Annual,Percentage,Total,From 25 to 54 years,All ISCED 2011 levels,Serbia,2016,15.5,,
ESTAT:TEPSR_WC170(1.0),11/09/25 23:00:00,Annual,Percentage,Total,From 25 to 54 years,All ISCED 2011 levels,Serbia,2017,13.7,,
ESTAT:TEPSR_WC170(1.0),11/09/25 23:00:00,Annual,Percentage,Total,From 25 to 54 years,All ISCED 2011 levels,Serbia,2018,12.8,,
ESTAT:TEPSR_WC170(1.0),11/09/25 23:00:00,Annual,Percentage,Total,From 25 to 54 years,All ISCED 2011 levels,Serbia,2019,10.4,,
ESTAT:TEPSR_WC170(1.0),11/09/25 23:00:00,Annual,Percentage,Total,From 25 to 54 years,All ISCED 2011 levels,Serbia,2020,9.0,,
ESTAT:TEPSR_WC170(1.0),11/09/25 23:00:00,Annual,Percentage,Total,From 25 to 54 years,All ISCED 2011 levels,Serbia,2021,11.0,b,
ESTAT:TEPSR_WC170(1.0),11/09/25 23:00:00,Annual,Percentage,Total,From 25 to 54 years,All ISCED 2011 levels,Serbia,2022,9.0,,
ESTAT:TEPSR_WC170(1.0),11/09/25 23:00:00,Annual,Percentage,Total,From 25 to 54 years,All ISCED 2011 levels,Serbia,2023,8.9,,
ESTAT:TEPSR_WC170(1.0),11/09/25 23:00:00,Annual,Percentage,Total,From 25 to 54 years,All ISCED 2011 levels,Serbia,2024,8.1,,
ESTAT:TEPSR_WC170(1.0),11/09/25 23:00:00,Annual,Percentage,Total,From 25 to 54 years,All ISCED 2011 levels,Sweden,2005,6.0,b,
ESTAT:TEPSR_WC170(1.0),11/09/25 23:00:00,Annual,Percentage,Total,From 25 to 54 years,All ISCED 2011 levels,Sweden,2006,5.3,b,
ESTAT:TEPSR_WC170(1.0),11/09/25 23:00:00,Annual,Percentage,Total,From 25 to 54 years,All ISCED 2011 levels,Sweden,2007,4.4,,
ESTAT:TEPSR_WC170(1.0),11/09/25 23:00:00,Annual,Percentage,Total,From 25 to 54 years,All ISCED 2011 levels,Sweden,2008,4.3,,
ESTAT:TEPSR_WC170(1.0),11/09/25 23:00:00,Annual,Percentage,Total,From 25 to 54 years,All ISCED 2011 levels,Sweden,2009,6.2,,
ESTAT:TEPSR_WC170(1.0),11/09/25 23:00:00,Annual,Percentage,Total,From 25 to 54 years,All ISCED 2011 levels,Sweden,2010,6.5,,
ESTAT:TEPSR_WC170(1.0),11/09/25 23:00:00,Annual,Percentage,Total,From 25 to 54 years,All ISCED 2011 levels,Sweden,2011,5.7,,
ESTAT:TEPSR_WC170(1.0),11/09/25 23:00:00,Annual,Percentage,Total,From 25 to 54 years,All ISCED 2011 levels,Sweden,2012,5.9,,
ESTAT:TEPSR_WC170(1.0),11/09/25 23:00:00,Annual,Percentage,Total,From 25 to 54 years,All ISCED 2011 levels,Sweden,2013,6.1,,
ESTAT:TEPSR_WC170(1.0),11/09/25 23:00:00,Annual,Percentage,Total,From 25 to 54 years,All ISCED 2011 levels,Sweden,2014,6.0,b,
ESTAT:TEPSR_WC170(1.0),11/09/25 23:00:00,Annual,Percentage,Total,From 25 to 54 years,All ISCED 2011 levels,Sweden,2015,5.8,,
ESTAT:TEPSR_WC170(1.0),11/09/25 23:00:00,Annual,Percentage,Total,From 25 to 54 years,All ISCED 2011 levels,Sweden,2016,5.5,,
ESTAT:TEPSR_WC170(1.0),11/09/25 23:00:00,Annual,Percentage,Total,From 25 to 54 years,All ISCED 2011 levels,Sweden,2017,5.4,,
ESTAT:TEPSR_WC170(1.0),11/09/25 23:00:00,Annual,Percentage,Total,From 25 to 54 years,All ISCED 2011 levels,Sweden,2018,5.2,b,
ESTAT:TEPSR_WC170(1.0),11/09/25 23:00:00,Annual,Percentage,Total,From 25 to 54 years,All ISCED 2011 levels,Sweden,2019,5.3,,
ESTAT:TEPSR_WC170(1.0),11/09/25 23:00:00,Annual,Percentage,Total,From 25 to 54 years,All ISCED 2011 levels,Sweden,2020,6.8,,
ESTAT:TEPSR_WC170(1.0),11/09/25 23:00:00,Annual,Percentage,Total,From 25 to 54 years,All ISCED 2011 levels,Sweden,2021,7.1,b,
ESTAT:TEPSR_WC170(1.0),11/09/25 23:00:00,Annual,Percentage,Total,From 25 to 54 years,All ISCED 2011 levels,Sweden,2022,5.7,,
ESTAT:TEPSR_WC170(1.0),11/09/25 23:00:00,Annual,Percentage,Total,From 25 to 54 years,All ISCED 2011 levels,Sweden,2023,5.9,,
ESTAT:TEPSR_WC170(1.0),11/09/25 23:00:00,Annual,Percentage,Total,From 25 to 54 years,All ISCED 2011 levels,Sweden,2024,6.4,,
ESTAT:TEPSR_WC170(1.0),11/09/25 23:00:00,Annual,Percentage,Total,From 25 to 54 years,All ISCED 2011 levels,Slovenia,2005,5.6,b,
ESTAT:TEPSR_WC170(1.0),11/09/25 23:00:00,Annual,Percentage,Total,From 25 to 54 years,All ISCED 2011 levels,Slovenia,2006,5.4,,
ESTAT:TEPSR_WC170(1.0),11/09/25 23:00:00,Annual,Percentage,Total,From 25 to 54 years,All ISCED 2011 levels,Slovenia,2007,4.5,,
ESTAT:TEPSR_WC170(1.0),11/09/25 23:00:00,Annual,Percentage,Total,From 25 to 54 years,All ISCED 2011 levels,Slovenia,2008,3.7,,
ESTAT:TEPSR_WC170(1.0),11/09/25 23:00:00,Annual,Percentage,Total,From 25 to 54 years,All ISCED 2011 levels,Slovenia,2009,5.3,,
ESTAT:TEPSR_WC170(1.0),11/09/25 23:00:00,Annual,Percentage,Total,From 25 to 54 years,All ISCED 2011 levels,Slovenia,2010,7.0,,
ESTAT:TEPSR_WC170(1.0),11/09/25 23:00:00,Annual,Percentage,Total,From 25 to 54 years,All ISCED 2011 levels,Slovenia,2011,7.8,,
ESTAT:TEPSR_WC170(1.0),11/09/25 23:00:00,Annual,Percentage,Total,From 25 to 54 years,All ISCED 2011 levels,Slovenia,2012,8.3,,
ESTAT:TEPSR_WC170(1.0),11/09/25 23:00:00,Annual,Percentage,Total,From 25 to 54 years,All ISCED 2011 levels,Slovenia,2013,9.7,,
ESTAT:TEPSR_WC170(1.0),11/09/25 23:00:00,Annual,Percentage,Total,From 25 to 54 years,All ISCED 2011 levels,Slovenia,2014,9.3,b,
ESTAT:TEPSR_WC170(1.0),11/09/25 23:00:00,Annual,Percentage,Total,From 25 to 54 years,All ISCED 2011 levels,Slovenia,2015,8.7,,
ESTAT:TEPSR_WC170(1.0),11/09/25 23:00:00,Annual,Percentage,Total,From 25 to 54 years,All ISCED 2011 levels,Slovenia,2016,7.7,,
ESTAT:TEPSR_WC170(1.0),11/09/25 23:00:00,Annual,Percentage,Total,From 25 to 54 years,All ISCED 2011 levels,Slovenia,2017,6.3,,
ESTAT:TEPSR_WC170(1.0),11/09/25 23:00:00,Annual,Percentage,Total,From 25 to 54 years,All ISCED 2011 levels,Slovenia,2018,4.9,,
ESTAT:TEPSR_WC170(1.0),11/09/25 23:00:00,Annual,Percentage,Total,From 25 to 54 years,All ISCED 2011 levels,Slovenia,2019,4.2,,
ESTAT:TEPSR_WC170(1.0),11/09/25 23:00:00,Annual,Percentage,Total,From 25 to 54 years,All ISCED 2011 levels,Slovenia,2020,4.6,,
ESTAT:TEPSR_WC170(1.0),11/09/25 23:00:00,Annual,Percentage,Total,From 25 to 54 years,All ISCED 2011 levels,Slovenia,2021,4.2,b,
ESTAT:TEPSR_WC170(1.0),11/09/25 23:00:00,Annual,Percentage,Total,From 25 to 54 years,All ISCED 2011 levels,Slovenia,2022,3.5,,
ESTAT:TEPSR_WC170(1.0),11/09/25 23:00:00,Annual,Percentage,Total,From 25 to 54 years,All ISCED 2011 levels,Slovenia,2023,3.0,b,
ESTAT:TEPSR_WC170(1.0),11/09/25 23:00:00,Annual,Percentage,Total,From 25 to 54 years,All ISCED 2011 levels,Slovenia,2024,3.0,,
ESTAT:TEPSR_WC170(1.0),11/09/25 23:00:00,Annual,Percentage,Total,From 25 to 54 years,All ISCED 2011 levels,Slovakia,2005,14.5,b,
ESTAT:TEPSR_WC170(1.0),11/09/25 23:00:00,Annual,Percentage,Total,From 25 to 54 years,All ISCED 2011 levels,Slovakia,2006,11.9,,
ESTAT:TEPSR_WC170(1.0),11/09/25 23:00:00,Annual,Percentage,Total,From 25 to 54 years,All ISCED 2011 levels,Slovakia,2007,10.2,,
ESTAT:TEPSR_WC170(1.0),11/09/25 23:00:00,Annual,Percentage,Total,From 25 to 54 years,All ISCED 2011 levels,Slovakia,2008,8.7,,
ESTAT:TEPSR_WC170(1.0),11/09/25 23:00:00,Annual,Percentage,Total,From 25 to 54 years,All ISCED 2011 levels,Slovakia,2009,10.8,,
ESTAT:TEPSR_WC170(1.0),11/09/25 23:00:00,Annual,Percentage,Total,From 25 to 54 years,All ISCED 2011 levels,Slovakia,2010,12.8,,
ESTAT:TEPSR_WC170(1.0),11/09/25 23:00:00,Annual,Percentage,Total,From 25 to 54 years,All ISCED 2011 levels,Slovakia,2011,12.1,b,
ESTAT:TEPSR_WC170(1.0),11/09/25 23:00:00,Annual,Percentage,Total,From 25 to 54 years,All ISCED 2011 levels,Slovakia,2012,12.4,,
ESTAT:TEPSR_WC170(1.0),11/09/25 23:00:00,Annual,Percentage,Total,From 25 to 54 years,All ISCED 2011 levels,Slovakia,2013,12.8,,
ESTAT:TEPSR_WC170(1.0),11/09/25 23:00:00,Annual,Percentage,Total,From 25 to 54 years,All ISCED 2011 levels,Slovakia,2014,12.0,b,
ESTAT:TEPSR_WC170(1.0),11/09/25 23:00:00,Annual,Percentage,Total,From 25 to 54 years,All ISCED 2011 levels,Slovakia,2015,10.5,,
ESTAT:TEPSR_WC170(1.0),11/09/25 23:00:00,Annual,Percentage,Total,From 25 to 54 years,All ISCED 2011 levels,Slovakia,2016,8.7,,
ESTAT:TEPSR_WC170(1.0),11/09/25 23:00:00,Annual,Percentage,Total,From 25 to 54 years,All ISCED 2011 levels,Slovakia,2017,7.6,,
ESTAT:TEPSR_WC170(1.0),11/09/25 23:00:00,Annual,Percentage,Total,From 25 to 54 years,All ISCED 2011 levels,Slovakia,2018,6.1,,
ESTAT:TEPSR_WC170(1.0),11/09/25 23:00:00,Annual,Percentage,Total,From 25 to 54 years,All ISCED 2011 levels,Slovakia,2019,5.3,,
ESTAT:TEPSR_WC170(1.0),11/09/25 23:00:00,Annual,Percentage,Total,From 25 to 54 years,All ISCED 2011 levels,Slovakia,2020,6.2,,
ESTAT:TEPSR_WC170(1.0),11/09/25 23:00:00,Annual,Percentage,Total,From 25 to 54 years,All ISCED 2011 levels,Slovakia,2021,6.3,b,
ESTAT:TEPSR_WC170(1.0),11/09/25 23:00:00,Annual,Percentage,Total,From 25 to 54 years,All ISCED 2011 levels,Slovakia,2022,5.7,,
ESTAT:TEPSR_WC170(1.0),11/09/25 23:00:00,Annual,Percentage,Total,From 25 to 54 years,All ISCED 2011 levels,Slovakia,2023,5.5,,
ESTAT:TEPSR_WC170(1.0),11/09/25 23:00:00,Annual,Percentage,Total,From 25 to 54 years,All ISCED 2011 levels,Slovakia,2024,5.0,,
ESTAT:TEPSR_WC170(1.0),11/09/25 23:00:00,Annual,Percentage,Total,From 25 to 54 years,All ISCED 2011 levels,Türkiye,2006,7.4,,
ESTAT:TEPSR_WC170(1.0),11/09/25 23:00:00,Annual,Percentage,Total,From 25 to 54 years,All ISCED 2011 levels,Türkiye,2007,7.4,,
ESTAT:TEPSR_WC170(1.0),11/09/25 23:00:00,Annual,Percentage,Total,From 25 to 54 years,All ISCED 2011 levels,Türkiye,2008,8.3,,
ESTAT:TEPSR_WC170(1.0),11/09/25 23:00:00,Annual,Percentage,Total,From 25 to 54 years,All ISCED 2011 levels,Türkiye,2009,11.1,,
ESTAT:TEPSR_WC170(1.0),11/09/25 23:00:00,Annual,Percentage,Total,From 25 to 54 years,All ISCED 2011 levels,Türkiye,2010,9.4,,
ESTAT:TEPSR_WC170(1.0),11/09/25 23:00:00,Annual,Percentage,Total,From 25 to 54 years,All ISCED 2011 levels,Türkiye,2011,7.7,,
ESTAT:TEPSR_WC170(1.0),11/09/25 23:00:00,Annual,Percentage,Total,From 25 to 54 years,All ISCED 2011 levels,Türkiye,2012,7.2,,
ESTAT:TEPSR_WC170(1.0),11/09/25 23:00:00,Annual,Percentage,Total,From 25 to 54 years,All ISCED 2011 levels,Türkiye,2013,7.6,,
ESTAT:TEPSR_WC170(1.0),11/09/25 23:00:00,Annual,Percentage,Total,From 25 to 54 years,All ISCED 2011 levels,Türkiye,2014,8.7,b,
ESTAT:TEPSR_WC170(1.0),11/09/25 23:00:00,Annual,Percentage,Total,From 25 to 54 years,All ISCED 2011 levels,Türkiye,2015,9.0,,
ESTAT:TEPSR_WC170(1.0),11/09/25 23:00:00,Annual,Percentage,Total,From 25 to 54 years,All ISCED 2011 levels,Türkiye,2016,9.7,,
ESTAT:TEPSR_WC170(1.0),11/09/25 23:00:00,Annual,Percentage,Total,From 25 to 54 years,All ISCED 2011 levels,Türkiye,2017,9.5,,
ESTAT:TEPSR_WC170(1.0),11/09/25 23:00:00,Annual,Percentage,Total,From 25 to 54 years,All ISCED 2011 levels,Türkiye,2018,9.7,,
ESTAT:TEPSR_WC170(1.0),11/09/25 23:00:00,Annual,Percentage,Total,From 25 to 54 years,All ISCED 2011 levels,Türkiye,2019,12.2,,
ESTAT:TEPSR_WC170(1.0),11/09/25 23:00:00,Annual,Percentage,Total,From 25 to 54 years,All ISCED 2011 levels,Türkiye,2020,11.8,,
ESTAT:TEPSR_WC170(1.0),11/09/25 23:00:00,Annual,Percentage,Total,From 25 to 54 years,All ISCED 2011 levels,Türkiye,2021,10.7,b,
ESTAT:TEPSR_WC170(1.0),11/09/25 23:00:00,Annual,Percentage,Total,From 25 to 54 years,All ISCED 2011 levels,Türkiye,2022,9.4,,
ESTAT:TEPSR_WC170(1.0),11/09/25 23:00:00,Annual,Percentage,Total,From 25 to 54 years,All ISCED 2011 levels,Türkiye,2023,8.4,,
ESTAT:TEPSR_WC170(1.0),11/09/25 23:00:00,Annual,Percentage,Total,From 25 to 54 years,All ISCED 2011 levels,Türkiye,2024,7.8,,
ESTAT:TEPSR_WC170(1.0),11/09/25 23:00:00,Annual,Percentage,Total,From 25 to 54 years,All ISCED 2011 levels,United Kingdom,2005,3.4,b,
ESTAT:TEPSR_WC170(1.0),11/09/25 23:00:00,Annual,Percentage,Total,From 25 to 54 years,All ISCED 2011 levels,United Kingdom,2006,4.0,,
ESTAT:TEPSR_WC170(1.0),11/09/25 23:00:00,Annual,Percentage,Total,From 25 to 54 years,All ISCED 2011 levels,United Kingdom,2007,3.8,b,
ESTAT:TEPSR_WC170(1.0),11/09/25 23:00:00,Annual,Percentage,Total,From 25 to 54 years,All ISCED 2011 levels,United Kingdom,2008,4.2,b,
ESTAT:TEPSR_WC170(1.0),11/09/25 23:00:00,Annual,Percentage,Total,From 25 to 54 years,All ISCED 2011 levels,United Kingdom,2009,5.8,,
ESTAT:TEPSR_WC170(1.0),11/09/25 23:00:00,Annual,Percentage,Total,From 25 to 54 years,All ISCED 2011 levels,United Kingdom,2010,6.1,b,
ESTAT:TEPSR_WC170(1.0),11/09/25 23:00:00,Annual,Percentage,Total,From 25 to 54 years,All ISCED 2011 levels,United Kingdom,2011,6.1,b,
ESTAT:TEPSR_WC170(1.0),11/09/25 23:00:00,Annual,Percentage,Total,From 25 to 54 years,All ISCED 2011 levels,United Kingdom,2012,5.9,,
ESTAT:TEPSR_WC170(1.0),11/09/25 23:00:00,Annual,Percentage,Total,From 25 to 54 years,All ISCED 2011 levels,United Kingdom,2013,5.7,,
ESTAT:TEPSR_WC170(1.0),11/09/25 23:00:00,Annual,Percentage,Total,From 25 to 54 years,All ISCED 2011 levels,United Kingdom,2014,4.6,b,
ESTAT:TEPSR_WC170(1.0),11/09/25 23:00:00,Annual,Percentage,Total,From 25 to 54 years,All ISCED 2011 levels,United Kingdom,2015,4.0,,
ESTAT:TEPSR_WC170(1.0),11/09/25 23:00:00,Annual,Percentage,Total,From 25 to 54 years,All ISCED 2011 levels,United Kingdom,2016,3.6,,
ESTAT:TEPSR_WC170(1.0),11/09/25 23:00:00,Annual,Percentage,Total,From 25 to 54 years,All ISCED 2011 levels,United Kingdom,2017,3.2,,
ESTAT:TEPSR_WC170(1.0),11/09/25 23:00:00,Annual,Percentage,Total,From 25 to 54 years,All ISCED 2011 levels,United Kingdom,2018,3.0,,
ESTAT:TEPSR_WC170(1.0),11/09/25 23:00:00,Annual,Percentage,Total,From 25 to 54 years,All ISCED 2011 levels,United Kingdom,2019,2.7,,
ESTAT:TEPSR_WC170(1.0),11/09/25 23:00:00,Annual,Percentage,Total,From 55 to 64 years,All ISCED 2011 levels,Austria,2005,4.0,b,
ESTAT:TEPSR_WC170(1.0),11/09/25 23:00:00,Annual,Percentage,Total,From 55 to 64 years,All ISCED 2011 levels,Austria,2006,4.0,b,
ESTAT:TEPSR_WC170(1.0),11/09/25 23:00:00,Annual,Percentage,Total,From 55 to 64 years,All ISCED 2011 levels,Austria,2007,3.4,b,
ESTAT:TEPSR_WC170(1.0),11/09/25 23:00:00,Annual,Percentage,Total,From 55 to 64 years,All ISCED 2011 levels,Austria,2008,2.2,,
ESTAT:TEPSR_WC170(1.0),11/09/25 23:00:00,Annual,Percentage,Total,From 55 to 64 years,All ISCED 2011 levels,Austria,2009,2.7,,
ESTAT:TEPSR_WC170(1.0),11/09/25 23:00:00,Annual,Percentage,Total,From 55 to 64 years,All ISCED 2011 levels,Austria,2010,2.5,,
ESTAT:TEPSR_WC170(1.0),11/09/25 23:00:00,Annual,Percentage,Total,From 55 to 64 years,All ISCED 2011 levels,Austria,2011,3.6,,
ESTAT:TEPSR_WC170(1.0),11/09/25 23:00:00,Annual,Percentage,Total,From 55 to 64 years,All ISCED 2011 levels,Austria,2012,3.4,,
ESTAT:TEPSR_WC170(1.0),11/09/25 23:00:00,Annual,Percentage,Total,From 55 to 64 years,All ISCED 2011 levels,Austria,2013,3.8,,
ESTAT:TEPSR_WC170(1.0),11/09/25 23:00:00,Annual,Percentage,Total,From 55 to 64 years,All ISCED 2011 levels,Austria,2014,3.8,b,
ESTAT:TEPSR_WC170(1.0),11/09/25 23:00:00,Annual,Percentage,Total,From 55 to 64 years,All ISCED 2011 levels,Austria,2015,4.7,,
ESTAT:TEPSR_WC170(1.0),11/09/25 23:00:00,Annual,Percentage,Total,From 55 to 64 years,All ISCED 2011 levels,Austria,2016,5.0,,
ESTAT:TEPSR_WC170(1.0),11/09/25 23:00:00,Annual,Percentage,Total,From 55 to 64 years,All ISCED 2011 levels,Austria,2017,4.2,,
ESTAT:TEPSR_WC170(1.0),11/09/25 23:00:00,Annual,Percentage,Total,From 55 to 64 years,All ISCED 2011 levels,Austria,2018,3.9,,
ESTAT:TEPSR_WC170(1.0),11/09/25 23:00:00,Annual,Percentage,Total,From 55 to 64 years,All ISCED 2011 levels,Austria,2019,3.4,,
ESTAT:TEPSR_WC170(1.0),11/09/25 23:00:00,Annual,Percentage,Total,From 55 to 64 years,All ISCED 2011 levels,Austria,2020,4.0,,
ESTAT:TEPSR_WC170(1.0),11/09/25 23:00:00,Annual,Percentage,Total,From 55 to 64 years,All ISCED 2011 levels,Austria,2021,5.2,b,
ESTAT:TEPSR_WC170(1.0),11/09/25 23:00:00,Annual,Percentage,Total,From 55 to 64 years,All ISCED 2011 levels,Austria,2022,3.7,,
ESTAT:TEPSR_WC170(1.0),11/09/25 23:00:00,Annual,Percentage,Total,From 55 to 64 years,All ISCED 2011 levels,Austria,2023,4.1,,
ESTAT:TEPSR_WC170(1.0),11/09/25 23:00:00,Annual,Percentage,Total,From 55 to 64 years,All ISCED 2011 levels,Austria,2024,3.7,,
ESTAT:TEPSR_WC170(1.0),11/09/25 23:00:00,Annual,Percentage,Total,From 55 to 64 years,All ISCED 2011 levels,Bosnia and Herzegovina,2021,11.5,b,
ESTAT:TEPSR_WC170(1.0),11/09/25 23:00:00,Annual,Percentage,Total,From 55 to 64 years,All ISCED 2011 levels,Bosnia and Herzegovina,2022,10.7,,
ESTAT:TEPSR_WC170(1.0),11/09/25 23:00:00,Annual,Percentage,Total,From 55 to 64 years,All ISCED 2011 levels,Bosnia and Herzegovina,2023,9.5,,
ESTAT:TEPSR_WC170(1.0),11/09/25 23:00:00,Annual,Percentage,Total,From 55 to 64 years,All ISCED 2011 levels,Bosnia and Herzegovina,2024,8.6,,
ESTAT:TEPSR_WC170(1.0),11/09/25 23:00:00,Annual,Percentage,Total,From 55 to 64 years,All ISCED 2011 levels,Belgium,2005,4.4,b,
ESTAT:TEPSR_WC170(1.0),11/09/25 23:00:00,Annual,Percentage,Total,From 55 to 64 years,All ISCED 2011 levels,Belgium,2006,4.8,,
ESTAT:TEPSR_WC170(1.0),11/09/25 23:00:00,Annual,Percentage,Total,From 55 to 64 years,All ISCED 2011 levels,Belgium,2007,4.2,,
ESTAT:TEPSR_WC170(1.0),11/09/25 23:00:00,Annual,Percentage,Total,From 55 to 64 years,All ISCED 2011 levels,Belgium,2008,4.4,b,
ESTAT:TEPSR_WC170(1.0),11/09/25 23:00:00,Annual,Percentage,Total,From 55 to 64 years,All ISCED 2011 levels,Belgium,2009,5.1,,
ESTAT:TEPSR_WC170(1.0),11/09/25 23:00:00,Annual,Percentage,Total,From 55 to 64 years,All ISCED 2011 levels,Belgium,2010,4.6,,
ESTAT:TEPSR_WC170(1.0),11/09/25 23:00:00,Annual,Percentage,Total,From 55 to 64 years,All ISCED 2011 levels,Belgium,2011,4.0,b,
ESTAT:TEPSR_WC170(1.0),11/09/25 23:00:00,Annual,Percentage,Total,From 55 to 64 years,All ISCED 2011 levels,Belgium,2012,4.5,,
ESTAT:TEPSR_WC170(1.0),11/09/25 23:00:00,Annual,Percentage,Total,From 55 to 64 years,All ISCED 2011 levels,Belgium,2013,5.4,,
ESTAT:TEPSR_WC170(1.0),11/09/25 23:00:00,Annual,Percentage,Total,From 55 to 64 years,All ISCED 2011 levels,Belgium,2014,5.4,b,
ESTAT:TEPSR_WC170(1.0),11/09/25 23:00:00,Annual,Percentage,Total,From 55 to 64 years,All ISCED 2011 levels,Belgium,2015,5.6,,
ESTAT:TEPSR_WC170(1.0),11/09/25 23:00:00,Annual,Percentage,Total,From 55 to 64 years,All ISCED 2011 levels,Belgium,2016,5.7,,
ESTAT:TEPSR_WC170(1.0),11/09/25 23:00:00,Annual,Percentage,Total,From 55 to 64 years,All ISCED 2011 levels,Belgium,2017,5.9,b,
ESTAT:TEPSR_WC170(1.0),11/09/25 23:00:00,Annual,Percentage,Total,From 55 to 64 years,All ISCED 2011 levels,Belgium,2018,4.3,,
ESTAT:TEPSR_WC170(1.0),11/09/25 23:00:00,Annual,Percentage,Total,From 55 to 64 years,All ISCED 2011 levels,Belgium,2019,4.1,,
ESTAT:TEPSR_WC170(1.0),11/09/25 23:00:00,Annual,Percentage,Total,From 55 to 64 years,All ISCED 2011 levels,Belgium,2020,4.2,,
ESTAT:TEPSR_WC170(1.0),11/09/25 23:00:00,Annual,Percentage,Total,From 55 to 64 years,All ISCED 2011 levels,Belgium,2021,4.6,b,
ESTAT:TEPSR_WC170(1.0),11/09/25 23:00:00,Annual,Percentage,Total,From 55 to 64 years,All ISCED 2011 levels,Belgium,2022,3.7,,
ESTAT:TEPSR_WC170(1.0),11/09/25 23:00:00,Annual,Percentage,Total,From 55 to 64 years,All ISCED 2011 levels,Belgium,2023,3.5,,
ESTAT:TEPSR_WC170(1.0),11/09/25 23:00:00,Annual,Percentage,Total,From 55 to 64 years,All ISCED 2011 levels,Belgium,2024,3.4,,
ESTAT:TEPSR_WC170(1.0),11/09/25 23:00:00,Annual,Percentage,Total,From 55 to 64 years,All ISCED 2011 levels,Bulgaria,2005,8.6,b,
ESTAT:TEPSR_WC170(1.0),11/09/25 23:00:00,Annual,Percentage,Total,From 55 to 64 years,All ISCED 2011 levels,Bulgaria,2006,7.9,b,
ESTAT:TEPSR_WC170(1.0),11/09/25 23:00:00,Annual,Percentage,Total,From 55 to 64 years,All ISCED 2011 levels,Bulgaria,2007,6.8,,
ESTAT:TEPSR_WC170(1.0),11/09/25 23:00:00,Annual,Percentage,Total,From 55 to 64 years,All ISCED 2011 levels,Bulgaria,2008,5.5,b,
ESTAT:TEPSR_WC170(1.0),11/09/25 23:00:00,Annual,Percentage,Total,From 55 to 64 years,All ISCED 2011 levels,Bulgaria,2009,6.3,,
ESTAT:TEPSR_WC170(1.0),11/09/25 23:00:00,Annual,Percentage,Total,From 55 to 64 years,All ISCED 2011 levels,Bulgaria,2010,9.0,b,
ESTAT:TEPSR_WC170(1.0),11/09/25 23:00:00,Annual,Percentage,Total,From 55 to 64 years,All ISCED 2011 levels,Bulgaria,2011,8.8,b,
ESTAT:TEPSR_WC170(1.0),11/09/25 23:00:00,Annual,Percentage,Total,From 55 to 64 years,All ISCED 2011 levels,Bulgaria,2012,10.4,,
ESTAT:TEPSR_WC170(1.0),11/09/25 23:00:00,Annual,Percentage,Total,From 55 to 64 years,All ISCED 2011 levels,Bulgaria,2013,12.4,,
ESTAT:TEPSR_WC170(1.0),11/09/25 23:00:00,Annual,Percentage,Total,From 55 to 64 years,All ISCED 2011 levels,Bulgaria,2014,11.7,b,
ESTAT:TEPSR_WC170(1.0),11/09/25 23:00:00,Annual,Percentage,Total,From 55 to 64 years,All ISCED 2011 levels,Bulgaria,2015,8.7,,
ESTAT:TEPSR_WC170(1.0),11/09/25 23:00:00,Annual,Percentage,Total,From 55 to 64 years,All ISCED 2011 levels,Bulgaria,2016,7.3,,
ESTAT:TEPSR_WC170(1.0),11/09/25 23:00:00,Annual,Percentage,Total,From 55 to 64 years,All ISCED 2011 levels,Bulgaria,2017,5.9,,
ESTAT:TEPSR_WC170(1.0),11/09/25 23:00:00,Annual,Percentage,Total,From 55 to 64 years,All ISCED 2011 levels,Bulgaria,2018,4.6,,
ESTAT:TEPSR_WC170(1.0),11/09/25 23:00:00,Annual,Percentage,Total,From 55 to 64 years,All ISCED 2011 levels,Bulgaria,2019,3.8,b,
ESTAT:TEPSR_WC170(1.0),11/09/25 23:00:00,Annual,Percentage,Total,From 55 to 64 years,All ISCED 2011 levels,Bulgaria,2020,4.2,,
ESTAT:TEPSR_WC170(1.0),11/09/25 23:00:00,Annual,Percentage,Total,From 55 to 64 years,All ISCED 2011 levels,Bulgaria,2021,4.5,b,
ESTAT:TEPSR_WC170(1.0),11/09/25 23:00:00,Annual,Percentage,Total,From 55 to 64 years,All ISCED 2011 levels,Bulgaria,2022,3.5,,
ESTAT:TEPSR_WC170(1.0),11/09/25 23:00:00,Annual,Percentage,Total,From 55 to 64 years,All ISCED 2011 levels,Bulgaria,2023,3.6,,
ESTAT:TEPSR_WC170(1.0),11/09/25 23:00:00,Annual,Percentage,Total,From 55 to 64 years,All ISCED 2011 levels,Bulgaria,2024,3.2,b,
ESTAT:TEPSR_WC170(1.0),11/09/25 23:00:00,Annual,Percentage,Total,From 55 to 64 years,All ISCED 2011 levels,Switzerland,2005,3.7,b,
ESTAT:TEPSR_WC170(1.0),11/09/25 23:00:00,Annual,Percentage,Total,From 55 to 64 years,All ISCED 2011 levels,Switzerland,2006,3.1,,
ESTAT:TEPSR_WC170(1.0),11/09/25 23:00:00,Annual,Percentage,Total,From 55 to 64 years,All ISCED 2011 levels,Switzerland,2007,3.1,,
ESTAT:TEPSR_WC170(1.0),11/09/25 23:00:00,Annual,Percentage,Total,From 55 to 64 years,All ISCED 2011 levels,Switzerland,2008,2.6,,
ESTAT:TEPSR_WC170(1.0),11/09/25 23:00:00,Annual,Percentage,Total,From 55 to 64 years,All ISCED 2011 levels,Switzerland,2009,2.7,,
ESTAT:TEPSR_WC170(1.0),11/09/25 23:00:00,Annual,Percentage,Total,From 55 to 64 years,All ISCED 2011 levels,Switzerland,2010,3.5,b,
ESTAT:TEPSR_WC170(1.0),11/09/25 23:00:00,Annual,Percentage,Total,From 55 to 64 years,All ISCED 2011 levels,Switzerland,2011,3.5,,
ESTAT:TEPSR_WC170(1.0),11/09/25 23:00:00,Annual,Percentage,Total,From 55 to 64 years,All ISCED 2011 levels,Switzerland,2012,3.4,,
ESTAT:TEPSR_WC170(1.0),11/09/25 23:00:00,Annual,Percentage,Total,From 55 to 64 years,All ISCED 2011 levels,Switzerland,2013,3.3,,
ESTAT:TEPSR_WC170(1.0),11/09/25 23:00:00,Annual,Percentage,Total,From 55 to 64 years,All ISCED 2011 levels,Switzerland,2014,3.3,b,
ESTAT:TEPSR_WC170(1.0),11/09/25 23:00:00,Annual,Percentage,Total,From 55 to 64 years,All ISCED 2011 levels,Switzerland,2015,4.0,,
ESTAT:TEPSR_WC170(1.0),11/09/25 23:00:00,Annual,Percentage,Total,From 55 to 64 years,All ISCED 2011 levels,Switzerland,2016,3.8,,
ESTAT:TEPSR_WC170(1.0),11/09/25 23:00:00,Annual,Percentage,Total,From 55 to 64 years,All ISCED 2011 levels,Switzerland,2017,3.8,,
ESTAT:TEPSR_WC170(1.0),11/09/25 23:00:00,Annual,Percentage,Total,From 55 to 64 years,All ISCED 2011 levels,Switzerland,2018,4.0,,
ESTAT:TEPSR_WC170(1.0),11/09/25 23:00:00,Annual,Percentage,Total,From 55 to 64 years,All ISCED 2011 levels,Switzerland,2019,3.9,,
ESTAT:TEPSR_WC170(1.0),11/09/25 23:00:00,Annual,Percentage,Total,From 55 to 64 years,All ISCED 2011 levels,Switzerland,2020,3.9,,
ESTAT:TEPSR_WC170(1.0),11/09/25 23:00:00,Annual,Percentage,Total,From 55 to 64 years,All ISCED 2011 levels,Switzerland,2021,4.7,b,
ESTAT:TEPSR_WC170(1.0),11/09/25 23:00:00,Annual,Percentage,Total,From 55 to 64 years,All ISCED 2011 levels,Switzerland,2022,3.7,,
ESTAT:TEPSR_WC170(1.0),11/09/25 23:00:00,Annual,Percentage,Total,From 55 to 64 years,All ISCED 2011 levels,Switzerland,2023,3.4,,
ESTAT:TEPSR_WC170(1.0),11/09/25 23:00:00,Annual,Percentage,Total,From 55 to 64 years,All ISCED 2011 levels,Switzerland,2024,3.4,,
ESTAT:TEPSR_WC170(1.0),11/09/25 23:00:00,Annual,Percentage,Total,From 55 to 64 years,All ISCED 2011 levels,Cyprus,2005,3.5,bu,
ESTAT:TEPSR_WC170(1.0),11/09/25 23:00:00,Annual,Percentage,Total,From 55 to 64 years,All ISCED 2011 levels,Cyprus,2006,3.3,u,
ESTAT:TEPSR_WC170(1.0),11/09/25 23:00:00,Annual,Percentage,Total,From 55 to 64 years,All ISCED 2011 levels,Cyprus,2007,3.1,u,
ESTAT:TEPSR_WC170(1.0),11/09/25 23:00:00,Annual,Percentage,Total,From 55 to 64 years,All ISCED 2011 levels,Cyprus,2008,3.2,,
ESTAT:TEPSR_WC170(1.0),11/09/25 23:00:00,Annual,Percentage,Total,From 55 to 64 years,All ISCED 2011 levels,Cyprus,2009,4.3,b,
ESTAT:TEPSR_WC170(1.0),11/09/25 23:00:00,Annual,Percentage,Total,From 55 to 64 years,All ISCED 2011 levels,Cyprus,2010,4.7,,
ESTAT:TEPSR_WC170(1.0),11/09/25 23:00:00,Annual,Percentage,Total,From 55 to 64 years,All ISCED 2011 levels,Cyprus,2011,4.9,,
ESTAT:TEPSR_WC170(1.0),11/09/25 23:00:00,Annual,Percentage,Total,From 55 to 64 years,All ISCED 2011 levels,Cyprus,2012,9.7,,
ESTAT:TEPSR_WC170(1.0),11/09/25 23:00:00,Annual,Percentage,Total,From 55 to 64 years,All ISCED 2011 levels,Cyprus,2013,12.4,,
ESTAT:TEPSR_WC170(1.0),11/09/25 23:00:00,Annual,Percentage,Total,From 55 to 64 years,All ISCED 2011 levels,Cyprus,2014,16.3,b,
ESTAT:TEPSR_WC170(1.0),11/09/25 23:00:00,Annual,Percentage,Total,From 55 to 64 years,All ISCED 2011 levels,Cyprus,2015,15.6,,
ESTAT:TEPSR_WC170(1.0),11/09/25 23:00:00,Annual,Percentage,Total,From 55 to 64 years,All ISCED 2011 levels,Cyprus,2016,11.5,,
ESTAT:TEPSR_WC170(1.0),11/09/25 23:00:00,Annual,Percentage,Total,From 55 to 64 years,All ISCED 2011 levels,Cyprus,2017,7.8,,
ESTAT:TEPSR_WC170(1.0),11/09/25 23:00:00,Annual,Percentage,Total,From 55 to 64 years,All ISCED 2011 levels,Cyprus,2018,5.8,,
ESTAT:TEPSR_WC170(1.0),11/09/25 23:00:00,Annual,Percentage,Total,From 55 to 64 years,All ISCED 2011 levels,Cyprus,2019,6.2,,
ESTAT:TEPSR_WC170(1.0),11/09/25 23:00:00,Annual,Percentage,Total,From 55 to 64 years,All ISCED 2011 levels,Cyprus,2020,6.2,,
ESTAT:TEPSR_WC170(1.0),11/09/25 23:00:00,Annual,Percentage,Total,From 55 to 64 years,All ISCED 2011 levels,Cyprus,2021,5.7,b,
ESTAT:TEPSR_WC170(1.0),11/09/25 23:00:00,Annual,Percentage,Total,From 55 to 64 years,All ISCED 2011 levels,Cyprus,2022,4.7,,
ESTAT:TEPSR_WC170(1.0),11/09/25 23:00:00,Annual,Percentage,Total,From 55 to 64 years,All ISCED 2011 levels,Cyprus,2023,4.4,,
ESTAT:TEPSR_WC170(1.0),11/09/25 23:00:00,Annual,Percentage,Total,From 55 to 64 years,All ISCED 2011 levels,Cyprus,2024,3.0,,
ESTAT:TEPSR_WC170(1.0),11/09/25 23:00:00,Annual,Percentage,Total,From 55 to 64 years,All ISCED 2011 levels,Czechia,2005,5.2,b,
ESTAT:TEPSR_WC170(1.0),11/09/25 23:00:00,Annual,Percentage,Total,From 55 to 64 years,All ISCED 2011 levels,Czechia,2006,5.3,,
ESTAT:TEPSR_WC170(1.0),11/09/25 23:00:00,Annual,Percentage,Total,From 55 to 64 years,All ISCED 2011 levels,Czechia,2007,4.6,,
ESTAT:TEPSR_WC170(1.0),11/09/25 23:00:00,Annual,Percentage,Total,From 55 to 64 years,All ISCED 2011 levels,Czechia,2008,3.9,,
ESTAT:TEPSR_WC170(1.0),11/09/25 23:00:00,Annual,Percentage,Total,From 55 to 64 years,All ISCED 2011 levels,Czechia,2009,5.7,,
ESTAT:TEPSR_WC170(1.0),11/09/25 23:00:00,Annual,Percentage,Total,From 55 to 64 years,All ISCED 2011 levels,Czechia,2010,6.5,,
ESTAT:TEPSR_WC170(1.0),11/09/25 23:00:00,Annual,Percentage,Total,From 55 to 64 years,All ISCED 2011 levels,Czechia,2011,5.8,b,
ESTAT:TEPSR_WC170(1.0),11/09/25 23:00:00,Annual,Percentage,Total,From 55 to 64 years,All ISCED 2011 levels,Czechia,2012,5.8,,
ESTAT:TEPSR_WC170(1.0),11/09/25 23:00:00,Annual,Percentage,Total,From 55 to 64 years,All ISCED 2011 levels,Czechia,2013,5.8,,
ESTAT:TEPSR_WC170(1.0),11/09/25 23:00:00,Annual,Percentage,Total,From 55 to 64 years,All ISCED 2011 levels,Czechia,2014,4.9,b,
ESTAT:TEPSR_WC170(1.0),11/09/25 23:00:00,Annual,Percentage,Total,From 55 to 64 years,All ISCED 2011 levels,Czechia,2015,4.4,,
ESTAT:TEPSR_WC170(1.0),11/09/25 23:00:00,Annual,Percentage,Total,From 55 to 64 years,All ISCED 2011 levels,Czechia,2016,3.8,,
ESTAT:TEPSR_WC170(1.0),11/09/25 23:00:00,Annual,Percentage,Total,From 55 to 64 years,All ISCED 2011 levels,Czechia,2017,2.4,,
ESTAT:TEPSR_WC170(1.0),11/09/25 23:00:00,Annual,Percentage,Total,From 55 to 64 years,All ISCED 2011 levels,Czechia,2018,2.0,,
ESTAT:TEPSR_WC170(1.0),11/09/25 23:00:00,Annual,Percentage,Total,From 55 to 64 years,All ISCED 2011 levels,Czechia,2019,2.0,,
ESTAT:TEPSR_WC170(1.0),11/09/25 23:00:00,Annual,Percentage,Total,From 55 to 64 years,All ISCED 2011 levels,Czechia,2020,2.0,,
ESTAT:TEPSR_WC170(1.0),11/09/25 23:00:00,Annual,Percentage,Total,From 55 to 64 years,All ISCED 2011 levels,Czechia,2021,2.4,b,
ESTAT:TEPSR_WC170(1.0),11/09/25 23:00:00,Annual,Percentage,Total,From 55 to 64 years,All ISCED 2011 levels,Czechia,2022,2.0,,
ESTAT:TEPSR_WC170(1.0),11/09/25 23:00:00,Annual,Percentage,Total,From 55 to 64 years,All ISCED 2011 levels,Czechia,2023,2.2,,
ESTAT:TEPSR_WC170(1.0),11/09/25 23:00:00,Annual,Percentage,Total,From 55 to 64 years,All ISCED 2011 levels,Czechia,2024,2.0,,
ESTAT:TEPSR_WC170(1.0),11/09/25 23:00:00,Annual,Percentage,Total,From 55 to 64 years,All ISCED 2011 levels,Germany,2005,12.7,b,
ESTAT:TEPSR_WC170(1.0),11/09/25 23:00:00,Annual,Percentage,Total,From 55 to 64 years,All ISCED 2011 levels,Germany,2006,12.4,b,
ESTAT:TEPSR_WC170(1.0),11/09/25 23:00:00,Annual,Percentage,Total,From 55 to 64 years,All ISCED 2011 levels,Germany,2007,10.3,,
ESTAT:TEPSR_WC170(1.0),11/09/25 23:00:00,Annual,Percentage,Total,From 55 to 64 years,All ISCED 2011 levels,Germany,2008,8.5,,
ESTAT:TEPSR_WC170(1.0),11/09/25 23:00:00,Annual,Percentage,Total,From 55 to 64 years,All ISCED 2011 levels,Germany,2009,8.0,,
ESTAT:TEPSR_WC170(1.0),11/09/25 23:00:00,Annual,Percentage,Total,From 55 to 64 years,All ISCED 2011 levels,Germany,2010,7.6,b,
ESTAT:TEPSR_WC170(1.0),11/09/25 23:00:00,Annual,Percentage,Total,From 55 to 64 years,All ISCED 2011 levels,Germany,2011,6.4,b,
ESTAT:TEPSR_WC170(1.0),11/09/25 23:00:00,Annual,Percentage,Total,From 55 to 64 years,All ISCED 2011 levels,Germany,2012,5.9,b,
ESTAT:TEPSR_WC170(1.0),11/09/25 23:00:00,Annual,Percentage,Total,From 55 to 64 years,All ISCED 2011 levels,Germany,2013,5.7,,
ESTAT:TEPSR_WC170(1.0),11/09/25 23:00:00,Annual,Percentage,Total,From 55 to 64 years,All ISCED 2011 levels,Germany,2014,5.1,b,
ESTAT:TEPSR_WC170(1.0),11/09/25 23:00:00,Annual,Percentage,Total,From 55 to 64 years,All ISCED 2011 levels,Germany,2015,4.7,,
ESTAT:TEPSR_WC170(1.0),11/09/25 23:00:00,Annual,Percentage,Total,From 55 to 64 years,All ISCED 2011 levels,Germany,2016,3.9,,
ESTAT:TEPSR_WC170(1.0),11/09/25 23:00:00,Annual,Percentage,Total,From 55 to 64 years,All ISCED 2011 levels,Germany,2017,3.4,,
ESTAT:TEPSR_WC170(1.0),11/09/25 23:00:00,Annual,Percentage,Total,From 55 to 64 years,All ISCED 2011 levels,Germany,2018,2.9,,
ESTAT:TEPSR_WC170(1.0),11/09/25 23:00:00,Annual,Percentage,Total,From 55 to 64 years,All ISCED 2011 levels,Germany,2019,2.7,,
ESTAT:TEPSR_WC170(1.0),11/09/25 23:00:00,Annual,Percentage,Total,From 55 to 64 years,All ISCED 2011 levels,Germany,2020,3.1,b,
ESTAT:TEPSR_WC170(1.0),11/09/25 23:00:00,Annual,Percentage,Total,From 55 to 64 years,All ISCED 2011 levels,Germany,2021,3.1,b,
ESTAT:TEPSR_WC170(1.0),11/09/25 23:00:00,Annual,Percentage,Total,From 55 to 64 years,All ISCED 2011 levels,Germany,2022,2.7,,
ESTAT:TEPSR_WC170(1.0),11/09/25 23:00:00,Annual,Percentage,Total,From 55 to 64 years,All ISCED 2011 levels,Germany,2023,2.4,,
ESTAT:TEPSR_WC170(1.0),11/09/25 23:00:00,Annual,Percentage,Total,From 55 to 64 years,All ISCED 2011 levels,Germany,2024,2.4,,
ESTAT:TEPSR_WC170(1.0),11/09/25 23:00:00,Annual,Percentage,Total,From 55 to 64 years,All ISCED 2011 levels,Denmark,2005,5.2,b,
ESTAT:TEPSR_WC170(1.0),11/09/25 23:00:00,Annual,Percentage,Total,From 55 to 64 years,All ISCED 2011 levels,Denmark,2006,3.9,,
ESTAT:TEPSR_WC170(1.0),11/09/25 23:00:00,Annual,Percentage,Total,From 55 to 64 years,All ISCED 2011 levels,Denmark,2007,3.4,b,
ESTAT:TEPSR_WC170(1.0),11/09/25 23:00:00,Annual,Percentage,Total,From 55 to 64 years,All ISCED 2011 levels,Denmark,2008,2.5,b,
ESTAT:TEPSR_WC170(1.0),11/09/25 23:00:00,Annual,Percentage,Total,From 55 to 64 years,All ISCED 2011 levels,Denmark,2009,4.5,,
ESTAT:TEPSR_WC170(1.0),11/09/25 23:00:00,Annual,Percentage,Total,From 55 to 64 years,All ISCED 2011 levels,Denmark,2010,5.7,,
ESTAT:TEPSR_WC170(1.0),11/09/25 23:00:00,Annual,Percentage,Total,From 55 to 64 years,All ISCED 2011 levels,Denmark,2011,5.8,,
ESTAT:TEPSR_WC170(1.0),11/09/25 23:00:00,Annual,Percentage,Total,From 55 to 64 years,All ISCED 2011 levels,Denmark,2012,5.8,,
ESTAT:TEPSR_WC170(1.0),11/09/25 23:00:00,Annual,Percentage,Total,From 55 to 64 years,All ISCED 2011 levels,Denmark,2013,5.5,,
ESTAT:TEPSR_WC170(1.0),11/09/25 23:00:00,Annual,Percentage,Total,From 55 to 64 years,All ISCED 2011 levels,Denmark,2014,5.2,b,
ESTAT:TEPSR_WC170(1.0),11/09/25 23:00:00,Annual,Percentage,Total,From 55 to 64 years,All ISCED 2011 levels,Denmark,2015,4.4,,
ESTAT:TEPSR_WC170(1.0),11/09/25 23:00:00,Annual,Percentage,Total,From 55 to 64 years,All ISCED 2011 levels,Denmark,2016,4.1,b,
ESTAT:TEPSR_WC170(1.0),11/09/25 23:00:00,Annual,Percentage,Total,From 55 to 64 years,All ISCED 2011 levels,Denmark,2017,3.7,b,
ESTAT:TEPSR_WC170(1.0),11/09/25 23:00:00,Annual,Percentage,Total,From 55 to 64 years,All ISCED 2011 levels,Denmark,2018,3.6,,
ESTAT:TEPSR_WC170(1.0),11/09/25 23:00:00,Annual,Percentage,Total,From 55 to 64 years,All ISCED 2011 levels,Denmark,2019,3.4,,
ESTAT:TEPSR_WC170(1.0),11/09/25 23:00:00,Annual,Percentage,Total,From 55 to 64 years,All ISCED 2011 levels,Denmark,2020,4.2,,
ESTAT:TEPSR_WC170(1.0),11/09/25 23:00:00,Annual,Percentage,Total,From 55 to 64 years,All ISCED 2011 levels,Denmark,2021,4.0,b,
ESTAT:TEPSR_WC170(1.0),11/09/25 23:00:00,Annual,Percentage,Total,From 55 to 64 years,All ISCED 2011 levels,Denmark,2022,2.9,,
ESTAT:TEPSR_WC170(1.0),11/09/25 23:00:00,Annual,Percentage,Total,From 55 to 64 years,All ISCED 2011 levels,Denmark,2023,3.1,b,
ESTAT:TEPSR_WC170(1.0),11/09/25 23:00:00,Annual,Percentage,Total,From 55 to 64 years,All ISCED 2011 levels,Denmark,2024,3.9,,
ESTAT:TEPSR_WC170(1.0),11/09/25 23:00:00,Annual,Percentage,Total,From 55 to 64 years,All ISCED 2011 levels,Euro area – 20 countries (from 2023),2005,7.4,b,
ESTAT:TEPSR_WC170(1.0),11/09/25 23:00:00,Annual,Percentage,Total,From 55 to 64 years,All ISCED 2011 levels,Euro area – 20 countries (from 2023),2006,7.1,,
ESTAT:TEPSR_WC170(1.0),11/09/25 23:00:00,Annual,Percentage,Total,From 55 to 64 years,All ISCED 2011 levels,Euro area – 20 countries (from 2023),2007,6.2,,
ESTAT:TEPSR_WC170(1.0),11/09/25 23:00:00,Annual,Percentage,Total,From 55 to 64 years,All ISCED 2011 levels,Euro area – 20 countries (from 2023),2008,5.8,,
ESTAT:TEPSR_WC170(1.0),11/09/25 23:00:00,Annual,Percentage,Total,From 55 to 64 years,All ISCED 2011 levels,Euro area – 20 countries (from 2023),2009,6.9,,
ESTAT:TEPSR_WC170(1.0),11/09/25 23:00:00,Annual,Percentage,Total,From 55 to 64 years,All ISCED 2011 levels,Euro area – 20 countries (from 2023),2010,7.4,,
ESTAT:TEPSR_WC170(1.0),11/09/25 23:00:00,Annual,Percentage,Total,From 55 to 64 years,All ISCED 2011 levels,Euro area – 20 countries (from 2023),2011,7.3,,
ESTAT:TEPSR_WC170(1.0),11/09/25 23:00:00,Annual,Percentage,Total,From 55 to 64 years,All ISCED 2011 levels,Euro area – 20 countries (from 2023),2012,8.0,,
ESTAT:TEPSR_WC170(1.0),11/09/25 23:00:00,Annual,Percentage,Total,From 55 to 64 years,All ISCED 2011 levels,Euro area – 20 countries (from 2023),2013,8.5,,
ESTAT:TEPSR_WC170(1.0),11/09/25 23:00:00,Annual,Percentage,Total,From 55 to 64 years,All ISCED 2011 levels,Euro area – 20 countries (from 2023),2014,8.4,b,
ESTAT:TEPSR_WC170(1.0),11/09/25 23:00:00,Annual,Percentage,Total,From 55 to 64 years,All ISCED 2011 levels,Euro area – 20 countries (from 2023),2015,8.1,,
ESTAT:TEPSR_WC170(1.0),11/09/25 23:00:00,Annual,Percentage,Total,From 55 to 64 years,All ISCED 2011 levels,Euro area – 20 countries (from 2023),2016,7.6,,
ESTAT:TEPSR_WC170(1.0),11/09/25 23:00:00,Annual,Percentage,Total,From 55 to 64 years,All ISCED 2011 levels,Euro area – 20 countries (from 2023),2017,6.8,,
ESTAT:TEPSR_WC170(1.0),11/09/25 23:00:00,Annual,Percentage,Total,From 55 to 64 years,All ISCED 2011 levels,Euro area – 20 countries (from 2023),2018,6.1,,
ESTAT:TEPSR_WC170(1.0),11/09/25 23:00:00,Annual,Percentage,Total,From 55 to 64 years,All ISCED 2011 levels,Euro area – 20 countries (from 2023),2019,5.7,,
ESTAT:TEPSR_WC170(1.0),11/09/25 23:00:00,Annual,Percentage,Total,From 55 to 64 years,All ISCED 2011 levels,Euro area – 20 countries (from 2023),2020,5.6,,
ESTAT:TEPSR_WC170(1.0),11/09/25 23:00:00,Annual,Percentage,Total,From 55 to 64 years,All ISCED 2011 levels,Euro area – 20 countries (from 2023),2021,6.0,b,
ESTAT:TEPSR_WC170(1.0),11/09/25 23:00:00,Annual,Percentage,Total,From 55 to 64 years,All ISCED 2011 levels,Euro area – 20 countries (from 2023),2022,5.2,,
ESTAT:TEPSR_WC170(1.0),11/09/25 23:00:00,Annual,Percentage,Total,From 55 to 64 years,All ISCED 2011 levels,Euro area – 20 countries (from 2023),2023,4.9,,
ESTAT:TEPSR_WC170(1.0),11/09/25 23:00:00,Annual,Percentage,Total,From 55 to 64 years,All ISCED 2011 levels,Euro area – 20 countries (from 2023),2024,4.7,,
ESTAT:TEPSR_WC170(1.0),11/09/25 23:00:00,Annual,Percentage,Total,From 55 to 64 years,All ISCED 2011 levels,Estonia,2005,5.4,b,
ESTAT:TEPSR_WC170(1.0),11/09/25 23:00:00,Annual,Percentage,Total,From 55 to 64 years,All ISCED 2011 levels,Estonia,2006,4.1,,
ESTAT:TEPSR_WC170(1.0),11/09/25 23:00:00,Annual,Percentage,Total,From 55 to 64 years,All ISCED 2011 levels,Estonia,2007,3.6,,
ESTAT:TEPSR_WC170(1.0),11/09/25 23:00:00,Annual,Percentage,Total,From 55 to 64 years,All ISCED 2011 levels,Estonia,2008,4.1,,
ESTAT:TEPSR_WC170(1.0),11/09/25 23:00:00,Annual,Percentage,Total,From 55 to 64 years,All ISCED 2011 levels,Estonia,2009,9.3,,
ESTAT:TEPSR_WC170(1.0),11/09/25 23:00:00,Annual,Percentage,Total,From 55 to 64 years,All ISCED 2011 levels,Estonia,2010,16.3,,
ESTAT:TEPSR_WC170(1.0),11/09/25 23:00:00,Annual,Percentage,Total,From 55 to 64 years,All ISCED 2011 levels,Estonia,2011,11.6,,
ESTAT:TEPSR_WC170(1.0),11/09/25 23:00:00,Annual,Percentage,Total,From 55 to 64 years,All ISCED 2011 levels,Estonia,2012,7.2,,
ESTAT:TEPSR_WC170(1.0),11/09/25 23:00:00,Annual,Percentage,Total,From 55 to 64 years,All ISCED 2011 levels,Estonia,2013,6.0,,
ESTAT:TEPSR_WC170(1.0),11/09/25 23:00:00,Annual,Percentage,Total,From 55 to 64 years,All ISCED 2011 levels,Estonia,2014,5.4,b,
ESTAT:TEPSR_WC170(1.0),11/09/25 23:00:00,Annual,Percentage,Total,From 55 to 64 years,All ISCED 2011 levels,Estonia,2015,6.1,,
ESTAT:TEPSR_WC170(1.0),11/09/25 23:00:00,Annual,Percentage,Total,From 55 to 64 years,All ISCED 2011 levels,Estonia,2016,8.2,,
ESTAT:TEPSR_WC170(1.0),11/09/25 23:00:00,Annual,Percentage,Total,From 55 to 64 years,All ISCED 2011 levels,Estonia,2017,5.9,,
ESTAT:TEPSR_WC170(1.0),11/09/25 23:00:00,Annual,Percentage,Total,From 55 to 64 years,All ISCED 2011 levels,Estonia,2018,5.4,,
ESTAT:TEPSR_WC170(1.0),11/09/25 23:00:00,Annual,Percentage,Total,From 55 to 64 years,All ISCED 2011 levels,Estonia,2019,4.0,,
ESTAT:TEPSR_WC170(1.0),11/09/25 23:00:00,Annual,Percentage,Total,From 55 to 64 years,All ISCED 2011 levels,Estonia,2020,6.7,,
ESTAT:TEPSR_WC170(1.0),11/09/25 23:00:00,Annual,Percentage,Total,From 55 to 64 years,All ISCED 2011 levels,Estonia,2021,6.4,b,
ESTAT:TEPSR_WC170(1.0),11/09/25 23:00:00,Annual,Percentage,Total,From 55 to 64 years,All ISCED 2011 levels,Estonia,2022,4.7,,
ESTAT:TEPSR_WC170(1.0),11/09/25 23:00:00,Annual,Percentage,Total,From 55 to 64 years,All ISCED 2011 levels,Estonia,2023,5.8,,
ESTAT:TEPSR_WC170(1.0),11/09/25 23:00:00,Annual,Percentage,Total,From 55 to 64 years,All ISCED 2011 levels,Estonia,2024,6.4,,
ESTAT:TEPSR_WC170(1.0),11/09/25 23:00:00,Annual,Percentage,Total,From 55 to 64 years,All ISCED 2011 levels,Greece,2005,3.8,b,
ESTAT:TEPSR_WC170(1.0),11/09/25 23:00:00,Annual,Percentage,Total,From 55 to 64 years,All ISCED 2011 levels,Greece,2006,3.7,,
ESTAT:TEPSR_WC170(1.0),11/09/25 23:00:00,Annual,Percentage,Total,From 55 to 64 years,All ISCED 2011 levels,Greece,2007,3.4,,
ESTAT:TEPSR_WC170(1.0),11/09/25 23:00:00,Annual,Percentage,Total,From 55 to 64 years,All ISCED 2011 levels,Greece,2008,3.2,,
ESTAT:TEPSR_WC170(1.0),11/09/25 23:00:00,Annual,Percentage,Total,From 55 to 64 years,All ISCED 2011 levels,Greece,2009,4.6,b,
ESTAT:TEPSR_WC170(1.0),11/09/25 23:00:00,Annual,Percentage,Total,From 55 to 64 years,All ISCED 2011 levels,Greece,2010,6.2,,
ESTAT:TEPSR_WC170(1.0),11/09/25 23:00:00,Annual,Percentage,Total,From 55 to 64 years,All ISCED 2011 levels,Greece,2011,8.4,,
ESTAT:TEPSR_WC170(1.0),11/09/25 23:00:00,Annual,Percentage,Total,From 55 to 64 years,All ISCED 2011 levels,Greece,2012,13.5,,
ESTAT:TEPSR_WC170(1.0),11/09/25 23:00:00,Annual,Percentage,Total,From 55 to 64 years,All ISCED 2011 levels,Greece,2013,16.2,,
ESTAT:TEPSR_WC170(1.0),11/09/25 23:00:00,Annual,Percentage,Total,From 55 to 64 years,All ISCED 2011 levels,Greece,2014,17.2,b,
ESTAT:TEPSR_WC170(1.0),11/09/25 23:00:00,Annual,Percentage,Total,From 55 to 64 years,All ISCED 2011 levels,Greece,2015,17.5,,
ESTAT:TEPSR_WC170(1.0),11/09/25 23:00:00,Annual,Percentage,Total,From 55 to 64 years,All ISCED 2011 levels,Greece,2016,19.2,,
ESTAT:TEPSR_WC170(1.0),11/09/25 23:00:00,Annual,Percentage,Total,From 55 to 64 years,All ISCED 2011 levels,Greece,2017,18.1,,
ESTAT:TEPSR_WC170(1.0),11/09/25 23:00:00,Annual,Percentage,Total,From 55 to 64 years,All ISCED 2011 levels,Greece,2018,15.3,,
ESTAT:TEPSR_WC170(1.0),11/09/25 23:00:00,Annual,Percentage,Total,From 55 to 64 years,All ISCED 2011 levels,Greece,2019,13.4,,
ESTAT:TEPSR_WC170(1.0),11/09/25 23:00:00,Annual,Percentage,Total,From 55 to 64 years,All ISCED 2011 levels,Greece,2020,12.2,,
ESTAT:TEPSR_WC170(1.0),11/09/25 23:00:00,Annual,Percentage,Total,From 55 to 64 years,All ISCED 2011 levels,Greece,2021,11.1,b,
ESTAT:TEPSR_WC170(1.0),11/09/25 23:00:00,Annual,Percentage,Total,From 55 to 64 years,All ISCED 2011 levels,Greece,2022,9.1,,
ESTAT:TEPSR_WC170(1.0),11/09/25 23:00:00,Annual,Percentage,Total,From 55 to 64 years,All ISCED 2011 levels,Greece,2023,6.8,,
ESTAT:TEPSR_WC170(1.0),11/09/25 23:00:00,Annual,Percentage,Total,From 55 to 64 years,All ISCED 2011 levels,Greece,2024,7.2,,
ESTAT:TEPSR_WC170(1.0),11/09/25 23:00:00,Annual,Percentage,Total,From 55 to 64 years,All ISCED 2011 levels,Spain,2005,6.3,b,
ESTAT:TEPSR_WC170(1.0),11/09/25 23:00:00,Annual,Percentage,Total,From 55 to 64 years,All ISCED 2011 levels,Spain,2006,5.8,b,
ESTAT:TEPSR_WC170(1.0),11/09/25 23:00:00,Annual,Percentage,Total,From 55 to 64 years,All ISCED 2011 levels,Spain,2007,6.0,,
ESTAT:TEPSR_WC170(1.0),11/09/25 23:00:00,Annual,Percentage,Total,From 55 to 64 years,All ISCED 2011 levels,Spain,2008,7.4,,
ESTAT:TEPSR_WC170(1.0),11/09/25 23:00:00,Annual,Percentage,Total,From 55 to 64 years,All ISCED 2011 levels,Spain,2009,12.1,,
ESTAT:TEPSR_WC170(1.0),11/09/25 23:00:00,Annual,Percentage,Total,From 55 to 64 years,All ISCED 2011 levels,Spain,2010,14.2,,
ESTAT:TEPSR_WC170(1.0),11/09/25 23:00:00,Annual,Percentage,Total,From 55 to 64 years,All ISCED 2011 levels,Spain,2011,15.1,,
ESTAT:TEPSR_WC170(1.0),11/09/25 23:00:00,Annual,Percentage,Total,From 55 to 64 years,All ISCED 2011 levels,Spain,2012,18.0,,
ESTAT:TEPSR_WC170(1.0),11/09/25 23:00:00,Annual,Percentage,Total,From 55 to 64 years,All ISCED 2011 levels,Spain,2013,20.0,,
ESTAT:TEPSR_WC170(1.0),11/09/25 23:00:00,Annual,Percentage,Total,From 55 to 64 years,All ISCED 2011 levels,Spain,2014,20.0,b,
ESTAT:TEPSR_WC170(1.0),11/09/25 23:00:00,Annual,Percentage,Total,From 55 to 64 years,All ISCED 2011 levels,Spain,2015,18.6,,
ESTAT:TEPSR_WC170(1.0),11/09/25 23:00:00,Annual,Percentage,Total,From 55 to 64 years,All ISCED 2011 levels,Spain,2016,17.0,,
ESTAT:TEPSR_WC170(1.0),11/09/25 23:00:00,Annual,Percentage,Total,From 55 to 64 years,All ISCED 2011 levels,Spain,2017,15.3,,
ESTAT:TEPSR_WC170(1.0),11/09/25 23:00:00,Annual,Percentage,Total,From 55 to 64 years,All ISCED 2011 levels,Spain,2018,13.8,,
ESTAT:TEPSR_WC170(1.0),11/09/25 23:00:00,Annual,Percentage,Total,From 55 to 64 years,All ISCED 2011 levels,Spain,2019,12.6,,
ESTAT:TEPSR_WC170(1.0),11/09/25 23:00:00,Annual,Percentage,Total,From 55 to 64 years,All ISCED 2011 levels,Spain,2020,12.5,,
ESTAT:TEPSR_WC170(1.0),11/09/25 23:00:00,Annual,Percentage,Total,From 55 to 64 years,All ISCED 2011 levels,Spain,2021,13.4,bd,
ESTAT:TEPSR_WC170(1.0),11/09/25 23:00:00,Annual,Percentage,Total,From 55 to 64 years,All ISCED 2011 levels,Spain,2022,11.8,d,
ESTAT:TEPSR_WC170(1.0),11/09/25 23:00:00,Annual,Percentage,Total,From 55 to 64 years,All ISCED 2011 levels,Spain,2023,11.4,d,
ESTAT:TEPSR_WC170(1.0),11/09/25 23:00:00,Annual,Percentage,Total,From 55 to 64 years,All ISCED 2011 levels,Spain,2024,10.5,d,
ESTAT:TEPSR_WC170(1.0),11/09/25 23:00:00,Annual,Percentage,Total,From 55 to 64 years,All ISCED 2011 levels,European Union - 27 countries (from 2020),2005,7.1,b,
ESTAT:TEPSR_WC170(1.0),11/09/25 23:00:00,Annual,Percentage,Total,From 55 to 64 years,All ISCED 2011 levels,European Union - 27 countries (from 2020),2006,6.7,,
ESTAT:TEPSR_WC170(1.0),11/09/25 23:00:00,Annual,Percentage,Total,From 55 to 64 years,All ISCED 2011 levels,European Union - 27 countries (from 2020),2007,5.9,,
ESTAT:TEPSR_WC170(1.0),11/09/25 23:00:00,Annual,Percentage,Total,From 55 to 64 years,All ISCED 2011 levels,European Union - 27 countries (from 2020),2008,5.4,,
ESTAT:TEPSR_WC170(1.0),11/09/25 23:00:00,Annual,Percentage,Total,From 55 to 64 years,All ISCED 2011 levels,European Union - 27 countries (from 2020),2009,6.5,,
ESTAT:TEPSR_WC170(1.0),11/09/25 23:00:00,Annual,Percentage,Total,From 55 to 64 years,All ISCED 2011 levels,European Union - 27 countries (from 2020),2010,7.1,,
ESTAT:TEPSR_WC170(1.0),11/09/25 23:00:00,Annual,Percentage,Total,From 55 to 64 years,All ISCED 2011 levels,European Union - 27 countries (from 2020),2011,7.0,,
ESTAT:TEPSR_WC170(1.0),11/09/25 23:00:00,Annual,Percentage,Total,From 55 to 64 years,All ISCED 2011 levels,European Union - 27 countries (from 2020),2012,7.6,,
ESTAT:TEPSR_WC170(1.0),11/09/25 23:00:00,Annual,Percentage,Total,From 55 to 64 years,All ISCED 2011 levels,European Union - 27 countries (from 2020),2013,8.1,,
ESTAT:TEPSR_WC170(1.0),11/09/25 23:00:00,Annual,Percentage,Total,From 55 to 64 years,All ISCED 2011 levels,European Union - 27 countries (from 2020),2014,7.9,b,
ESTAT:TEPSR_WC170(1.0),11/09/25 23:00:00,Annual,Percentage,Total,From 55 to 64 years,All ISCED 2011 levels,European Union - 27 countries (from 2020),2015,7.5,,
ESTAT:TEPSR_WC170(1.0),11/09/25 23:00:00,Annual,Percentage,Total,From 55 to 64 years,All ISCED 2011 levels,European Union - 27 countries (from 2020),2016,6.9,,
ESTAT:TEPSR_WC170(1.0),11/09/25 23:00:00,Annual,Percentage,Total,From 55 to 64 years,All ISCED 2011 levels,European Union - 27 countries (from 2020),2017,6.2,,
ESTAT:TEPSR_WC170(1.0),11/09/25 23:00:00,Annual,Percentage,Total,From 55 to 64 years,All ISCED 2011 levels,European Union - 27 countries (from 2020),2018,5.5,,
ESTAT:TEPSR_WC170(1.0),11/09/25 23:00:00,Annual,Percentage,Total,From 55 to 64 years,All ISCED 2011 levels,European Union - 27 countries (from 2020),2019,5.1,,
ESTAT:TEPSR_WC170(1.0),11/09/25 23:00:00,Annual,Percentage,Total,From 55 to 64 years,All ISCED 2011 levels,European Union - 27 countries (from 2020),2020,5.2,,
ESTAT:TEPSR_WC170(1.0),11/09/25 23:00:00,Annual,Percentage,Total,From 55 to 64 years,All ISCED 2011 levels,European Union - 27 countries (from 2020),2021,5.5,b,
ESTAT:TEPSR_WC170(1.0),11/09/25 23:00:00,Annual,Percentage,Total,From 55 to 64 years,All ISCED 2011 levels,European Union - 27 countries (from 2020),2022,4.8,,
ESTAT:TEPSR_WC170(1.0),11/09/25 23:00:00,Annual,Percentage,Total,From 55 to 64 years,All ISCED 2011 levels,European Union - 27 countries (from 2020),2023,4.6,,
ESTAT:TEPSR_WC170(1.0),11/09/25 23:00:00,Annual,Percentage,Total,From 55 to 64 years,All ISCED 2011 levels,European Union - 27 countries (from 2020),2024,4.4,,
ESTAT:TEPSR_WC170(1.0),11/09/25 23:00:00,Annual,Percentage,Total,From 55 to 64 years,All ISCED 2011 levels,Finland,2005,6.9,b,
ESTAT:TEPSR_WC170(1.0),11/09/25 23:00:00,Annual,Percentage,Total,From 55 to 64 years,All ISCED 2011 levels,Finland,2006,6.8,,
ESTAT:TEPSR_WC170(1.0),11/09/25 23:00:00,Annual,Percentage,Total,From 55 to 64 years,All ISCED 2011 levels,Finland,2007,6.3,b,
ESTAT:TEPSR_WC170(1.0),11/09/25 23:00:00,Annual,Percentage,Total,From 55 to 64 years,All ISCED 2011 levels,Finland,2008,5.4,b,
ESTAT:TEPSR_WC170(1.0),11/09/25 23:00:00,Annual,Percentage,Total,From 55 to 64 years,All ISCED 2011 levels,Finland,2009,6.2,,
ESTAT:TEPSR_WC170(1.0),11/09/25 23:00:00,Annual,Percentage,Total,From 55 to 64 years,All ISCED 2011 levels,Finland,2010,6.5,,
ESTAT:TEPSR_WC170(1.0),11/09/25 23:00:00,Annual,Percentage,Total,From 55 to 64 years,All ISCED 2011 levels,Finland,2011,6.4,,
ESTAT:TEPSR_WC170(1.0),11/09/25 23:00:00,Annual,Percentage,Total,From 55 to 64 years,All ISCED 2011 levels,Finland,2012,6.6,,
ESTAT:TEPSR_WC170(1.0),11/09/25 23:00:00,Annual,Percentage,Total,From 55 to 64 years,All ISCED 2011 levels,Finland,2013,7.0,,
ESTAT:TEPSR_WC170(1.0),11/09/25 23:00:00,Annual,Percentage,Total,From 55 to 64 years,All ISCED 2011 levels,Finland,2014,7.3,b,
ESTAT:TEPSR_WC170(1.0),11/09/25 23:00:00,Annual,Percentage,Total,From 55 to 64 years,All ISCED 2011 levels,Finland,2015,8.0,,
ESTAT:TEPSR_WC170(1.0),11/09/25 23:00:00,Annual,Percentage,Total,From 55 to 64 years,All ISCED 2011 levels,Finland,2016,7.5,,
ESTAT:TEPSR_WC170(1.0),11/09/25 23:00:00,Annual,Percentage,Total,From 55 to 64 years,All ISCED 2011 levels,Finland,2017,7.8,,
ESTAT:TEPSR_WC170(1.0),11/09/25 23:00:00,Annual,Percentage,Total,From 55 to 64 years,All ISCED 2011 levels,Finland,2018,6.9,,
ESTAT:TEPSR_WC170(1.0),11/09/25 23:00:00,Annual,Percentage,Total,From 55 to 64 years,All ISCED 2011 levels,Finland,2019,6.6,,
ESTAT:TEPSR_WC170(1.0),11/09/25 23:00:00,Annual,Percentage,Total,From 55 to 64 years,All ISCED 2011 levels,Finland,2020,7.5,,
ESTAT:TEPSR_WC170(1.0),11/09/25 23:00:00,Annual,Percentage,Total,From 55 to 64 years,All ISCED 2011 levels,Finland,2021,7.4,b,
ESTAT:TEPSR_WC170(1.0),11/09/25 23:00:00,Annual,Percentage,Total,From 55 to 64 years,All ISCED 2011 levels,Finland,2022,7.3,,
ESTAT:TEPSR_WC170(1.0),11/09/25 23:00:00,Annual,Percentage,Total,From 55 to 64 years,All ISCED 2011 levels,Finland,2023,7.2,,
ESTAT:TEPSR_WC170(1.0),11/09/25 23:00:00,Annual,Percentage,Total,From 55 to 64 years,All ISCED 2011 levels,Finland,2024,7.7,,
ESTAT:TEPSR_WC170(1.0),11/09/25 23:00:00,Annual,Percentage,Total,From 55 to 64 years,All ISCED 2011 levels,France,2005,4.6,b,
ESTAT:TEPSR_WC170(1.0),11/09/25 23:00:00,Annual,Percentage,Total,From 55 to 64 years,All ISCED 2011 levels,France,2006,5.0,b,
ESTAT:TEPSR_WC170(1.0),11/09/25 23:00:00,Annual,Percentage,Total,From 55 to 64 years,All ISCED 2011 levels,France,2007,4.4,,
ESTAT:TEPSR_WC170(1.0),11/09/25 23:00:00,Annual,Percentage,Total,From 55 to 64 years,All ISCED 2011 levels,France,2008,4.0,,
ESTAT:TEPSR_WC170(1.0),11/09/25 23:00:00,Annual,Percentage,Total,From 55 to 64 years,All ISCED 2011 levels,France,2009,5.4,,
ESTAT:TEPSR_WC170(1.0),11/09/25 23:00:00,Annual,Percentage,Total,From 55 to 64 years,All ISCED 2011 levels,France,2010,5.8,,
ESTAT:TEPSR_WC170(1.0),11/09/25 23:00:00,Annual,Percentage,Total,From 55 to 64 years,All ISCED 2011 levels,France,2011,5.7,,
ESTAT:TEPSR_WC170(1.0),11/09/25 23:00:00,Annual,Percentage,Total,From 55 to 64 years,All ISCED 2011 levels,France,2012,6.2,,
ESTAT:TEPSR_WC170(1.0),11/09/25 23:00:00,Annual,Percentage,Total,From 55 to 64 years,All ISCED 2011 levels,France,2013,7.0,b,
ESTAT:TEPSR_WC170(1.0),11/09/25 23:00:00,Annual,Percentage,Total,From 55 to 64 years,All ISCED 2011 levels,France,2014,7.5,b,
ESTAT:TEPSR_WC170(1.0),11/09/25 23:00:00,Annual,Percentage,Total,From 55 to 64 years,All ISCED 2011 levels,France,2015,7.4,,
ESTAT:TEPSR_WC170(1.0),11/09/25 23:00:00,Annual,Percentage,Total,From 55 to 64 years,All ISCED 2011 levels,France,2016,7.2,,
ESTAT:TEPSR_WC170(1.0),11/09/25 23:00:00,Annual,Percentage,Total,From 55 to 64 years,All ISCED 2011 levels,France,2017,6.6,,
ESTAT:TEPSR_WC170(1.0),11/09/25 23:00:00,Annual,Percentage,Total,From 55 to 64 years,All ISCED 2011 levels,France,2018,6.8,,
ESTAT:TEPSR_WC170(1.0),11/09/25 23:00:00,Annual,Percentage,Total,From 55 to 64 years,All ISCED 2011 levels,France,2019,6.8,,
ESTAT:TEPSR_WC170(1.0),11/09/25 23:00:00,Annual,Percentage,Total,From 55 to 64 years,All ISCED 2011 levels,France,2020,5.8,,
ESTAT:TEPSR_WC170(1.0),11/09/25 23:00:00,Annual,Percentage,Total,From 55 to 64 years,All ISCED 2011 levels,France,2021,6.3,bd,
ESTAT:TEPSR_WC170(1.0),11/09/25 23:00:00,Annual,Percentage,Total,From 55 to 64 years,All ISCED 2011 levels,France,2022,5.7,d,
ESTAT:TEPSR_WC170(1.0),11/09/25 23:00:00,Annual,Percentage,Total,From 55 to 64 years,All ISCED 2011 levels,France,2023,5.4,d,
ESTAT:TEPSR_WC170(1.0),11/09/25 23:00:00,Annual,Percentage,Total,From 55 to 64 years,All ISCED 2011 levels,France,2024,5.2,d,
ESTAT:TEPSR_WC170(1.0),11/09/25 23:00:00,Annual,Percentage,Total,From 55 to 64 years,All ISCED 2011 levels,Croatia,2005,7.2,bu,
ESTAT:TEPSR_WC170(1.0),11/09/25 23:00:00,Annual,Percentage,Total,From 55 to 64 years,All ISCED 2011 levels,Croatia,2006,6.0,bu,
ESTAT:TEPSR_WC170(1.0),11/09/25 23:00:00,Annual,Percentage,Total,From 55 to 64 years,All ISCED 2011 levels,Croatia,2007,6.1,,
ESTAT:TEPSR_WC170(1.0),11/09/25 23:00:00,Annual,Percentage,Total,From 55 to 64 years,All ISCED 2011 levels,Croatia,2008,5.5,,
ESTAT:TEPSR_WC170(1.0),11/09/25 23:00:00,Annual,Percentage,Total,From 55 to 64 years,All ISCED 2011 levels,Croatia,2009,5.8,,
ESTAT:TEPSR_WC170(1.0),11/09/25 23:00:00,Annual,Percentage,Total,From 55 to 64 years,All ISCED 2011 levels,Croatia,2010,6.5,b,
ESTAT:TEPSR_WC170(1.0),11/09/25 23:00:00,Annual,Percentage,Total,From 55 to 64 years,All ISCED 2011 levels,Croatia,2011,7.7,,
ESTAT:TEPSR_WC170(1.0),11/09/25 23:00:00,Annual,Percentage,Total,From 55 to 64 years,All ISCED 2011 levels,Croatia,2012,10.4,b,
ESTAT:TEPSR_WC170(1.0),11/09/25 23:00:00,Annual,Percentage,Total,From 55 to 64 years,All ISCED 2011 levels,Croatia,2013,9.9,,
ESTAT:TEPSR_WC170(1.0),11/09/25 23:00:00,Annual,Percentage,Total,From 55 to 64 years,All ISCED 2011 levels,Croatia,2014,11.6,b,
ESTAT:TEPSR_WC170(1.0),11/09/25 23:00:00,Annual,Percentage,Total,From 55 to 64 years,All ISCED 2011 levels,Croatia,2015,11.5,,
ESTAT:TEPSR_WC170(1.0),11/09/25 23:00:00,Annual,Percentage,Total,From 55 to 64 years,All ISCED 2011 levels,Croatia,2016,9.5,,
ESTAT:TEPSR_WC170(1.0),11/09/25 23:00:00,Annual,Percentage,Total,From 55 to 64 years,All ISCED 2011 levels,Croatia,2017,7.6,,
ESTAT:TEPSR_WC170(1.0),11/09/25 23:00:00,Annual,Percentage,Total,From 55 to 64 years,All ISCED 2011 levels,Croatia,2018,4.5,,
ESTAT:TEPSR_WC170(1.0),11/09/25 23:00:00,Annual,Percentage,Total,From 55 to 64 years,All ISCED 2011 levels,Croatia,2019,3.6,u,
ESTAT:TEPSR_WC170(1.0),11/09/25 23:00:00,Annual,Percentage,Total,From 55 to 64 years,All ISCED 2011 levels,Croatia,2020,4.8,,
ESTAT:TEPSR_WC170(1.0),11/09/25 23:00:00,Annual,Percentage,Total,From 55 to 64 years,All ISCED 2011 levels,Croatia,2021,4.1,b,
ESTAT:TEPSR_WC170(1.0),11/09/25 23:00:00,Annual,Percentage,Total,From 55 to 64 years,All ISCED 2011 levels,Croatia,2022,4.7,,
ESTAT:TEPSR_WC170(1.0),11/09/25 23:00:00,Annual,Percentage,Total,From 55 to 64 years,All ISCED 2011 levels,Croatia,2023,4.4,,
ESTAT:TEPSR_WC170(1.0),11/09/25 23:00:00,Annual,Percentage,Total,From 55 to 64 years,All ISCED 2011 levels,Croatia,2024,3.3,,
ESTAT:TEPSR_WC170(1.0),11/09/25 23:00:00,Annual,Percentage,Total,From 55 to 64 years,All ISCED 2011 levels,Hungary,2005,3.9,b,
ESTAT:TEPSR_WC170(1.0),11/09/25 23:00:00,Annual,Percentage,Total,From 55 to 64 years,All ISCED 2011 levels,Hungary,2006,4.0,,
ESTAT:TEPSR_WC170(1.0),11/09/25 23:00:00,Annual,Percentage,Total,From 55 to 64 years,All ISCED 2011 levels,Hungary,2007,4.4,,
ESTAT:TEPSR_WC170(1.0),11/09/25 23:00:00,Annual,Percentage,Total,From 55 to 64 years,All ISCED 2011 levels,Hungary,2008,5.1,,
ESTAT:TEPSR_WC170(1.0),11/09/25 23:00:00,Annual,Percentage,Total,From 55 to 64 years,All ISCED 2011 levels,Hungary,2009,6.5,,
ESTAT:TEPSR_WC170(1.0),11/09/25 23:00:00,Annual,Percentage,Total,From 55 to 64 years,All ISCED 2011 levels,Hungary,2010,7.9,,
ESTAT:TEPSR_WC170(1.0),11/09/25 23:00:00,Annual,Percentage,Total,From 55 to 64 years,All ISCED 2011 levels,Hungary,2011,9.2,,
ESTAT:TEPSR_WC170(1.0),11/09/25 23:00:00,Annual,Percentage,Total,From 55 to 64 years,All ISCED 2011 levels,Hungary,2012,8.4,,
ESTAT:TEPSR_WC170(1.0),11/09/25 23:00:00,Annual,Percentage,Total,From 55 to 64 years,All ISCED 2011 levels,Hungary,2013,8.1,,
ESTAT:TEPSR_WC170(1.0),11/09/25 23:00:00,Annual,Percentage,Total,From 55 to 64 years,All ISCED 2011 levels,Hungary,2014,6.4,b,
ESTAT:TEPSR_WC170(1.0),11/09/25 23:00:00,Annual,Percentage,Total,From 55 to 64 years,All ISCED 2011 levels,Hungary,2015,5.8,,
ESTAT:TEPSR_WC170(1.0),11/09/25 23:00:00,Annual,Percentage,Total,From 55 to 64 years,All ISCED 2011 levels,Hungary,2016,4.4,,
ESTAT:TEPSR_WC170(1.0),11/09/25 23:00:00,Annual,Percentage,Total,From 55 to 64 years,All ISCED 2011 levels,Hungary,2017,3.6,,
ESTAT:TEPSR_WC170(1.0),11/09/25 23:00:00,Annual,Percentage,Total,From 55 to 64 years,All ISCED 2011 levels,Hungary,2018,2.6,b,
ESTAT:TEPSR_WC170(1.0),11/09/25 23:00:00,Annual,Percentage,Total,From 55 to 64 years,All ISCED 2011 levels,Hungary,2019,2.2,,
ESTAT:TEPSR_WC170(1.0),11/09/25 23:00:00,Annual,Percentage,Total,From 55 to 64 years,All ISCED 2011 levels,Hungary,2020,3.0,,
ESTAT:TEPSR_WC170(1.0),11/09/25 23:00:00,Annual,Percentage,Total,From 55 to 64 years,All ISCED 2011 levels,Hungary,2021,2.9,b,
ESTAT:TEPSR_WC170(1.0),11/09/25 23:00:00,Annual,Percentage,Total,From 55 to 64 years,All ISCED 2011 levels,Hungary,2022,3.1,,
ESTAT:TEPSR_WC170(1.0),11/09/25 23:00:00,Annual,Percentage,Total,From 55 to 64 years,All ISCED 2011 levels,Hungary,2023,3.2,,
ESTAT:TEPSR_WC170(1.0),11/09/25 23:00:00,Annual,Percentage,Total,From 55 to 64 years,All ISCED 2011 levels,Hungary,2024,3.6,,
ESTAT:TEPSR_WC170(1.0),11/09/25 23:00:00,Annual,Percentage,Total,From 55 to 64 years,All ISCED 2011 levels,Ireland,2005,2.8,b,
ESTAT:TEPSR_WC170(1.0),11/09/25 23:00:00,Annual,Percentage,Total,From 55 to 64 years,All ISCED 2011 levels,Ireland,2006,2.4,,
ESTAT:TEPSR_WC170(1.0),11/09/25 23:00:00,Annual,Percentage,Total,From 55 to 64 years,All ISCED 2011 levels,Ireland,2007,2.5,b,
ESTAT:TEPSR_WC170(1.0),11/09/25 23:00:00,Annual,Percentage,Total,From 55 to 64 years,All ISCED 2011 levels,Ireland,2008,3.4,,
ESTAT:TEPSR_WC170(1.0),11/09/25 23:00:00,Annual,Percentage,Total,From 55 to 64 years,All ISCED 2011 levels,Ireland,2009,6.6,,
ESTAT:TEPSR_WC170(1.0),11/09/25 23:00:00,Annual,Percentage,Total,From 55 to 64 years,All ISCED 2011 levels,Ireland,2010,8.8,,
ESTAT:TEPSR_WC170(1.0),11/09/25 23:00:00,Annual,Percentage,Total,From 55 to 64 years,All ISCED 2011 levels,Ireland,2011,9.7,,
ESTAT:TEPSR_WC170(1.0),11/09/25 23:00:00,Annual,Percentage,Total,From 55 to 64 years,All ISCED 2011 levels,Ireland,2012,10.7,,
ESTAT:TEPSR_WC170(1.0),11/09/25 23:00:00,Annual,Percentage,Total,From 55 to 64 years,All ISCED 2011 levels,Ireland,2013,10.8,,
ESTAT:TEPSR_WC170(1.0),11/09/25 23:00:00,Annual,Percentage,Total,From 55 to 64 years,All ISCED 2011 levels,Ireland,2014,9.6,b,
ESTAT:TEPSR_WC170(1.0),11/09/25 23:00:00,Annual,Percentage,Total,From 55 to 64 years,All ISCED 2011 levels,Ireland,2015,7.9,,
ESTAT:TEPSR_WC170(1.0),11/09/25 23:00:00,Annual,Percentage,Total,From 55 to 64 years,All ISCED 2011 levels,Ireland,2016,6.5,,
ESTAT:TEPSR_WC170(1.0),11/09/25 23:00:00,Annual,Percentage,Total,From 55 to 64 years,All ISCED 2011 levels,Ireland,2017,5.8,b,
ESTAT:TEPSR_WC170(1.0),11/09/25 23:00:00,Annual,Percentage,Total,From 55 to 64 years,All ISCED 2011 levels,Ireland,2018,4.6,,
ESTAT:TEPSR_WC170(1.0),11/09/25 23:00:00,Annual,Percentage,Total,From 55 to 64 years,All ISCED 2011 levels,Ireland,2019,3.6,,
ESTAT:TEPSR_WC170(1.0),11/09/25 23:00:00,Annual,Percentage,Total,From 55 to 64 years,All ISCED 2011 levels,Ireland,2020,4.0,,
ESTAT:TEPSR_WC170(1.0),11/09/25 23:00:00,Annual,Percentage,Total,From 55 to 64 years,All ISCED 2011 levels,Ireland,2021,5.4,b,
ESTAT:TEPSR_WC170(1.0),11/09/25 23:00:00,Annual,Percentage,Total,From 55 to 64 years,All ISCED 2011 levels,Ireland,2022,3.3,,
ESTAT:TEPSR_WC170(1.0),11/09/25 23:00:00,Annual,Percentage,Total,From 55 to 64 years,All ISCED 2011 levels,Ireland,2023,3.2,,
ESTAT:TEPSR_WC170(1.0),11/09/25 23:00:00,Annual,Percentage,Total,From 55 to 64 years,All ISCED 2011 levels,Ireland,2024,3.1,,
ESTAT:TEPSR_WC170(1.0),11/09/25 23:00:00,Annual,Percentage,Total,From 55 to 64 years,All ISCED 2011 levels,Iceland,2005,,bu,
ESTAT:TEPSR_WC170(1.0),11/09/25 23:00:00,Annual,Percentage,Total,From 55 to 64 years,All ISCED 2011 levels,Iceland,2006,,u,
ESTAT:TEPSR_WC170(1.0),11/09/25 23:00:00,Annual,Percentage,Total,From 55 to 64 years,All ISCED 2011 levels,Iceland,2007,,u,
ESTAT:TEPSR_WC170(1.0),11/09/25 23:00:00,Annual,Percentage,Total,From 55 to 64 years,All ISCED 2011 levels,Iceland,2008,,u,
ESTAT:TEPSR_WC170(1.0),11/09/25 23:00:00,Annual,Percentage,Total,From 55 to 64 years,All ISCED 2011 levels,Iceland,2009,3.7,,
ESTAT:TEPSR_WC170(1.0),11/09/25 23:00:00,Annual,Percentage,Total,From 55 to 64 years,All ISCED 2011 levels,Iceland,2010,4.4,,
ESTAT:TEPSR_WC170(1.0),11/09/25 23:00:00,Annual,Percentage,Total,From 55 to 64 years,All ISCED 2011 levels,Iceland,2011,5.5,,
ESTAT:TEPSR_WC170(1.0),11/09/25 23:00:00,Annual,Percentage,Total,From 55 to 64 years,All ISCED 2011 levels,Iceland,2012,4.2,,
ESTAT:TEPSR_WC170(1.0),11/09/25 23:00:00,Annual,Percentage,Total,From 55 to 64 years,All ISCED 2011 levels,Iceland,2013,3.2,,
ESTAT:TEPSR_WC170(1.0),11/09/25 23:00:00,Annual,Percentage,Total,From 55 to 64 years,All ISCED 2011 levels,Iceland,2014,3.0,b,
ESTAT:TEPSR_WC170(1.0),11/09/25 23:00:00,Annual,Percentage,Total,From 55 to 64 years,All ISCED 2011 levels,Iceland,2015,3.2,,
ESTAT:TEPSR_WC170(1.0),11/09/25 23:00:00,Annual,Percentage,Total,From 55 to 64 years,All ISCED 2011 levels,Iceland,2016,2.1,,
ESTAT:TEPSR_WC170(1.0),11/09/25 23:00:00,Annual,Percentage,Total,From 55 to 64 years,All ISCED 2011 levels,Iceland,2017,1.8,,
ESTAT:TEPSR_WC170(1.0),11/09/25 23:00:00,Annual,Percentage,Total,From 55 to 64 years,All ISCED 2011 levels,Iceland,2018,2.2,,
ESTAT:TEPSR_WC170(1.0),11/09/25 23:00:00,Annual,Percentage,Total,From 55 to 64 years,All ISCED 2011 levels,Iceland,2019,1.7,,
ESTAT:TEPSR_WC170(1.0),11/09/25 23:00:00,Annual,Percentage,Total,From 55 to 64 years,All ISCED 2011 levels,Iceland,2020,3.6,b,
ESTAT:TEPSR_WC170(1.0),11/09/25 23:00:00,Annual,Percentage,Total,From 55 to 64 years,All ISCED 2011 levels,Iceland,2021,3.9,b,
ESTAT:TEPSR_WC170(1.0),11/09/25 23:00:00,Annual,Percentage,Total,From 55 to 64 years,All ISCED 2011 levels,Iceland,2022,2.3,,
ESTAT:TEPSR_WC170(1.0),11/09/25 23:00:00,Annual,Percentage,Total,From 55 to 64 years,All ISCED 2011 levels,Iceland,2023,,u,
ESTAT:TEPSR_WC170(1.0),11/09/25 23:00:00,Annual,Percentage,Total,From 55 to 64 years,All ISCED 2011 levels,Iceland,2024,2.2,,
ESTAT:TEPSR_WC170(1.0),11/09/25 23:00:00,Annual,Percentage,Total,From 55 to 64 years,All ISCED 2011 levels,Italy,2005,3.5,b,
ESTAT:TEPSR_WC170(1.0),11/09/25 23:00:00,Annual,Percentage,Total,From 55 to 64 years,All ISCED 2011 levels,Italy,2006,2.9,,
ESTAT:TEPSR_WC170(1.0),11/09/25 23:00:00,Annual,Percentage,Total,From 55 to 64 years,All ISCED 2011 levels,Italy,2007,2.4,,
ESTAT:TEPSR_WC170(1.0),11/09/25 23:00:00,Annual,Percentage,Total,From 55 to 64 years,All ISCED 2011 levels,Italy,2008,3.1,,
ESTAT:TEPSR_WC170(1.0),11/09/25 23:00:00,Annual,Percentage,Total,From 55 to 64 years,All ISCED 2011 levels,Italy,2009,3.4,,
ESTAT:TEPSR_WC170(1.0),11/09/25 23:00:00,Annual,Percentage,Total,From 55 to 64 years,All ISCED 2011 levels,Italy,2010,3.6,,
ESTAT:TEPSR_WC170(1.0),11/09/25 23:00:00,Annual,Percentage,Total,From 55 to 64 years,All ISCED 2011 levels,Italy,2011,3.8,,
ESTAT:TEPSR_WC170(1.0),11/09/25 23:00:00,Annual,Percentage,Total,From 55 to 64 years,All ISCED 2011 levels,Italy,2012,5.3,,
ESTAT:TEPSR_WC170(1.0),11/09/25 23:00:00,Annual,Percentage,Total,From 55 to 64 years,All ISCED 2011 levels,Italy,2013,5.7,,
ESTAT:TEPSR_WC170(1.0),11/09/25 23:00:00,Annual,Percentage,Total,From 55 to 64 years,All ISCED 2011 levels,Italy,2014,5.5,b,
ESTAT:TEPSR_WC170(1.0),11/09/25 23:00:00,Annual,Percentage,Total,From 55 to 64 years,All ISCED 2011 levels,Italy,2015,5.5,,
ESTAT:TEPSR_WC170(1.0),11/09/25 23:00:00,Annual,Percentage,Total,From 55 to 64 years,All ISCED 2011 levels,Italy,2016,5.7,,
ESTAT:TEPSR_WC170(1.0),11/09/25 23:00:00,Annual,Percentage,Total,From 55 to 64 years,All ISCED 2011 levels,Italy,2017,5.8,,
ESTAT:TEPSR_WC170(1.0),11/09/25 23:00:00,Annual,Percentage,Total,From 55 to 64 years,All ISCED 2011 levels,Italy,2018,5.7,b,
ESTAT:TEPSR_WC170(1.0),11/09/25 23:00:00,Annual,Percentage,Total,From 55 to 64 years,All ISCED 2011 levels,Italy,2019,5.4,,
ESTAT:TEPSR_WC170(1.0),11/09/25 23:00:00,Annual,Percentage,Total,From 55 to 64 years,All ISCED 2011 levels,Italy,2020,5.0,,
ESTAT:TEPSR_WC170(1.0),11/09/25 23:00:00,Annual,Percentage,Total,From 55 to 64 years,All ISCED 2011 levels,Italy,2021,5.5,b,
ESTAT:TEPSR_WC170(1.0),11/09/25 23:00:00,Annual,Percentage,Total,From 55 to 64 years,All ISCED 2011 levels,Italy,2022,4.8,,
ESTAT:TEPSR_WC170(1.0),11/09/25 23:00:00,Annual,Percentage,Total,From 55 to 64 years,All ISCED 2011 levels,Italy,2023,4.6,,
ESTAT:TEPSR_WC170(1.0),11/09/25 23:00:00,Annual,Percentage,Total,From 55 to 64 years,All ISCED 2011 levels,Italy,2024,3.8,,
ESTAT:TEPSR_WC170(1.0),11/09/25 23:00:00,Annual,Percentage,Total,From 55 to 64 years,All ISCED 2011 levels,Lithuania,2005,6.9,bu,
ESTAT:TEPSR_WC170(1.0),11/09/25 23:00:00,Annual,Percentage,Total,From 55 to 64 years,All ISCED 2011 levels,Lithuania,2006,6.1,u,
ESTAT:TEPSR_WC170(1.0),11/09/25 23:00:00,Annual,Percentage,Total,From 55 to 64 years,All ISCED 2011 levels,Lithuania,2007,3.7,u,
ESTAT:TEPSR_WC170(1.0),11/09/25 23:00:00,Annual,Percentage,Total,From 55 to 64 years,All ISCED 2011 levels,Lithuania,2008,4.4,u,
ESTAT:TEPSR_WC170(1.0),11/09/25 23:00:00,Annual,Percentage,Total,From 55 to 64 years,All ISCED 2011 levels,Lithuania,2009,10.5,,
ESTAT:TEPSR_WC170(1.0),11/09/25 23:00:00,Annual,Percentage,Total,From 55 to 64 years,All ISCED 2011 levels,Lithuania,2010,14.4,,
ESTAT:TEPSR_WC170(1.0),11/09/25 23:00:00,Annual,Percentage,Total,From 55 to 64 years,All ISCED 2011 levels,Lithuania,2011,13.4,,
ESTAT:TEPSR_WC170(1.0),11/09/25 23:00:00,Annual,Percentage,Total,From 55 to 64 years,All ISCED 2011 levels,Lithuania,2012,11.9,,
ESTAT:TEPSR_WC170(1.0),11/09/25 23:00:00,Annual,Percentage,Total,From 55 to 64 years,All ISCED 2011 levels,Lithuania,2013,11.2,,
ESTAT:TEPSR_WC170(1.0),11/09/25 23:00:00,Annual,Percentage,Total,From 55 to 64 years,All ISCED 2011 levels,Lithuania,2014,10.7,b,
ESTAT:TEPSR_WC170(1.0),11/09/25 23:00:00,Annual,Percentage,Total,From 55 to 64 years,All ISCED 2011 levels,Lithuania,2015,8.7,,
ESTAT:TEPSR_WC170(1.0),11/09/25 23:00:00,Annual,Percentage,Total,From 55 to 64 years,All ISCED 2011 levels,Lithuania,2016,7.7,,
ESTAT:TEPSR_WC170(1.0),11/09/25 23:00:00,Annual,Percentage,Total,From 55 to 64 years,All ISCED 2011 levels,Lithuania,2017,7.3,,
ESTAT:TEPSR_WC170(1.0),11/09/25 23:00:00,Annual,Percentage,Total,From 55 to 64 years,All ISCED 2011 levels,Lithuania,2018,7.2,,
ESTAT:TEPSR_WC170(1.0),11/09/25 23:00:00,Annual,Percentage,Total,From 55 to 64 years,All ISCED 2011 levels,Lithuania,2019,6.9,,
ESTAT:TEPSR_WC170(1.0),11/09/25 23:00:00,Annual,Percentage,Total,From 55 to 64 years,All ISCED 2011 levels,Lithuania,2020,9.9,,
ESTAT:TEPSR_WC170(1.0),11/09/25 23:00:00,Annual,Percentage,Total,From 55 to 64 years,All ISCED 2011 levels,Lithuania,2021,8.2,b,
ESTAT:TEPSR_WC170(1.0),11/09/25 23:00:00,Annual,Percentage,Total,From 55 to 64 years,All ISCED 2011 levels,Lithuania,2022,6.9,,
ESTAT:TEPSR_WC170(1.0),11/09/25 23:00:00,Annual,Percentage,Total,From 55 to 64 years,All ISCED 2011 levels,Lithuania,2023,8.3,,
ESTAT:TEPSR_WC170(1.0),11/09/25 23:00:00,Annual,Percentage,Total,From 55 to 64 years,All ISCED 2011 levels,Lithuania,2024,8.7,,
ESTAT:TEPSR_WC170(1.0),11/09/25 23:00:00,Annual,Percentage,Total,From 55 to 64 years,All ISCED 2011 levels,Luxembourg,2005,,bu,
ESTAT:TEPSR_WC170(1.0),11/09/25 23:00:00,Annual,Percentage,Total,From 55 to 64 years,All ISCED 2011 levels,Luxembourg,2006,,u,
ESTAT:TEPSR_WC170(1.0),11/09/25 23:00:00,Annual,Percentage,Total,From 55 to 64 years,All ISCED 2011 levels,Luxembourg,2007,,bu,
ESTAT:TEPSR_WC170(1.0),11/09/25 23:00:00,Annual,Percentage,Total,From 55 to 64 years,All ISCED 2011 levels,Luxembourg,2008,,u,
ESTAT:TEPSR_WC170(1.0),11/09/25 23:00:00,Annual,Percentage,Total,From 55 to 64 years,All ISCED 2011 levels,Luxembourg,2009,3.0,bu,
ESTAT:TEPSR_WC170(1.0),11/09/25 23:00:00,Annual,Percentage,Total,From 55 to 64 years,All ISCED 2011 levels,Luxembourg,2010,,u,
ESTAT:TEPSR_WC170(1.0),11/09/25 23:00:00,Annual,Percentage,Total,From 55 to 64 years,All ISCED 2011 levels,Luxembourg,2011,2.8,u,
ESTAT:TEPSR_WC170(1.0),11/09/25 23:00:00,Annual,Percentage,Total,From 55 to 64 years,All ISCED 2011 levels,Luxembourg,2012,2.1,u,
ESTAT:TEPSR_WC170(1.0),11/09/25 23:00:00,Annual,Percentage,Total,From 55 to 64 years,All ISCED 2011 levels,Luxembourg,2013,4.7,,
ESTAT:TEPSR_WC170(1.0),11/09/25 23:00:00,Annual,Percentage,Total,From 55 to 64 years,All ISCED 2011 levels,Luxembourg,2014,4.3,b,
ESTAT:TEPSR_WC170(1.0),11/09/25 23:00:00,Annual,Percentage,Total,From 55 to 64 years,All ISCED 2011 levels,Luxembourg,2015,4.7,b,
ESTAT:TEPSR_WC170(1.0),11/09/25 23:00:00,Annual,Percentage,Total,From 55 to 64 years,All ISCED 2011 levels,Luxembourg,2016,5.0,,
ESTAT:TEPSR_WC170(1.0),11/09/25 23:00:00,Annual,Percentage,Total,From 55 to 64 years,All ISCED 2011 levels,Luxembourg,2017,3.3,u,
ESTAT:TEPSR_WC170(1.0),11/09/25 23:00:00,Annual,Percentage,Total,From 55 to 64 years,All ISCED 2011 levels,Luxembourg,2018,3.6,,
ESTAT:TEPSR_WC170(1.0),11/09/25 23:00:00,Annual,Percentage,Total,From 55 to 64 years,All ISCED 2011 levels,Luxembourg,2019,4.1,,
ESTAT:TEPSR_WC170(1.0),11/09/25 23:00:00,Annual,Percentage,Total,From 55 to 64 years,All ISCED 2011 levels,Luxembourg,2020,4.1,,
ESTAT:TEPSR_WC170(1.0),11/09/25 23:00:00,Annual,Percentage,Total,From 55 to 64 years,All ISCED 2011 levels,Luxembourg,2021,4.6,b,
ESTAT:TEPSR_WC170(1.0),11/09/25 23:00:00,Annual,Percentage,Total,From 55 to 64 years,All ISCED 2011 levels,Luxembourg,2022,4.4,,
ESTAT:TEPSR_WC170(1.0),11/09/25 23:00:00,Annual,Percentage,Total,From 55 to 64 years,All ISCED 2011 levels,Luxembourg,2023,,u,
ESTAT:TEPSR_WC170(1.0),11/09/25 23:00:00,Annual,Percentage,Total,From 55 to 64 years,All ISCED 2011 levels,Luxembourg,2024,,u,
ESTAT:TEPSR_WC170(1.0),11/09/25 23:00:00,Annual,Percentage,Total,From 55 to 64 years,All ISCED 2011 levels,Latvia,2005,8.9,b,
ESTAT:TEPSR_WC170(1.0),11/09/25 23:00:00,Annual,Percentage,Total,From 55 to 64 years,All ISCED 2011 levels,Latvia,2006,6.7,,
ESTAT:TEPSR_WC170(1.0),11/09/25 23:00:00,Annual,Percentage,Total,From 55 to 64 years,All ISCED 2011 levels,Latvia,2007,4.5,,
ESTAT:TEPSR_WC170(1.0),11/09/25 23:00:00,Annual,Percentage,Total,From 55 to 64 years,All ISCED 2011 levels,Latvia,2008,6.3,,
ESTAT:TEPSR_WC170(1.0),11/09/25 23:00:00,Annual,Percentage,Total,From 55 to 64 years,All ISCED 2011 levels,Latvia,2009,13.8,,
ESTAT:TEPSR_WC170(1.0),11/09/25 23:00:00,Annual,Percentage,Total,From 55 to 64 years,All ISCED 2011 levels,Latvia,2010,16.0,,
ESTAT:TEPSR_WC170(1.0),11/09/25 23:00:00,Annual,Percentage,Total,From 55 to 64 years,All ISCED 2011 levels,Latvia,2011,14.9,,
ESTAT:TEPSR_WC170(1.0),11/09/25 23:00:00,Annual,Percentage,Total,From 55 to 64 years,All ISCED 2011 levels,Latvia,2012,14.7,,
ESTAT:TEPSR_WC170(1.0),11/09/25 23:00:00,Annual,Percentage,Total,From 55 to 64 years,All ISCED 2011 levels,Latvia,2013,10.5,,
ESTAT:TEPSR_WC170(1.0),11/09/25 23:00:00,Annual,Percentage,Total,From 55 to 64 years,All ISCED 2011 levels,Latvia,2014,9.9,b,
ESTAT:TEPSR_WC170(1.0),11/09/25 23:00:00,Annual,Percentage,Total,From 55 to 64 years,All ISCED 2011 levels,Latvia,2015,9.3,,
ESTAT:TEPSR_WC170(1.0),11/09/25 23:00:00,Annual,Percentage,Total,From 55 to 64 years,All ISCED 2011 levels,Latvia,2016,9.2,,
ESTAT:TEPSR_WC170(1.0),11/09/25 23:00:00,Annual,Percentage,Total,From 55 to 64 years,All ISCED 2011 levels,Latvia,2017,8.3,,
ESTAT:TEPSR_WC170(1.0),11/09/25 23:00:00,Annual,Percentage,Total,From 55 to 64 years,All ISCED 2011 levels,Latvia,2018,7.6,,
ESTAT:TEPSR_WC170(1.0),11/09/25 23:00:00,Annual,Percentage,Total,From 55 to 64 years,All ISCED 2011 levels,Latvia,2019,6.6,,
ESTAT:TEPSR_WC170(1.0),11/09/25 23:00:00,Annual,Percentage,Total,From 55 to 64 years,All ISCED 2011 levels,Latvia,2020,8.1,,
ESTAT:TEPSR_WC170(1.0),11/09/25 23:00:00,Annual,Percentage,Total,From 55 to 64 years,All ISCED 2011 levels,Latvia,2021,6.2,b,
ESTAT:TEPSR_WC170(1.0),11/09/25 23:00:00,Annual,Percentage,Total,From 55 to 64 years,All ISCED 2011 levels,Latvia,2022,5.7,,
ESTAT:TEPSR_WC170(1.0),11/09/25 23:00:00,Annual,Percentage,Total,From 55 to 64 years,All ISCED 2011 levels,Latvia,2023,6.1,,
ESTAT:TEPSR_WC170(1.0),11/09/25 23:00:00,Annual,Percentage,Total,From 55 to 64 years,All ISCED 2011 levels,Latvia,2024,6.4,,
ESTAT:TEPSR_WC170(1.0),11/09/25 23:00:00,Annual,Percentage,Total,From 55 to 64 years,All ISCED 2011 levels,Montenegro,2011,11.8,,
ESTAT:TEPSR_WC170(1.0),11/09/25 23:00:00,Annual,Percentage,Total,From 55 to 64 years,All ISCED 2011 levels,Montenegro,2012,9.1,,
ESTAT:TEPSR_WC170(1.0),11/09/25 23:00:00,Annual,Percentage,Total,From 55 to 64 years,All ISCED 2011 levels,Montenegro,2013,10.2,,
ESTAT:TEPSR_WC170(1.0),11/09/25 23:00:00,Annual,Percentage,Total,From 55 to 64 years,All ISCED 2011 levels,Montenegro,2014,10.9,b,
ESTAT:TEPSR_WC170(1.0),11/09/25 23:00:00,Annual,Percentage,Total,From 55 to 64 years,All ISCED 2011 levels,Montenegro,2015,10.9,,
ESTAT:TEPSR_WC170(1.0),11/09/25 23:00:00,Annual,Percentage,Total,From 55 to 64 years,All ISCED 2011 levels,Montenegro,2016,8.4,,
ESTAT:TEPSR_WC170(1.0),11/09/25 23:00:00,Annual,Percentage,Total,From 55 to 64 years,All ISCED 2011 levels,Montenegro,2017,7.2,,
ESTAT:TEPSR_WC170(1.0),11/09/25 23:00:00,Annual,Percentage,Total,From 55 to 64 years,All ISCED 2011 levels,Montenegro,2018,6.7,,
ESTAT:TEPSR_WC170(1.0),11/09/25 23:00:00,Annual,Percentage,Total,From 55 to 64 years,All ISCED 2011 levels,Montenegro,2019,7.5,,
ESTAT:TEPSR_WC170(1.0),11/09/25 23:00:00,Annual,Percentage,Total,From 55 to 64 years,All ISCED 2011 levels,Montenegro,2020,9.7,,
ESTAT:TEPSR_WC170(1.0),11/09/25 23:00:00,Annual,Percentage,Total,From 55 to 64 years,All ISCED 2011 levels,North Macedonia,2006,28.4,,
ESTAT:TEPSR_WC170(1.0),11/09/25 23:00:00,Annual,Percentage,Total,From 55 to 64 years,All ISCED 2011 levels,North Macedonia,2007,28.0,,
ESTAT:TEPSR_WC170(1.0),11/09/25 23:00:00,Annual,Percentage,Total,From 55 to 64 years,All ISCED 2011 levels,North Macedonia,2008,28.5,,
ESTAT:TEPSR_WC170(1.0),11/09/25 23:00:00,Annual,Percentage,Total,From 55 to 64 years,All ISCED 2011 levels,North Macedonia,2009,26.3,,
ESTAT:TEPSR_WC170(1.0),11/09/25 23:00:00,Annual,Percentage,Total,From 55 to 64 years,All ISCED 2011 levels,North Macedonia,2010,27.8,,
ESTAT:TEPSR_WC170(1.0),11/09/25 23:00:00,Annual,Percentage,Total,From 55 to 64 years,All ISCED 2011 levels,North Macedonia,2011,28.2,,
ESTAT:TEPSR_WC170(1.0),11/09/25 23:00:00,Annual,Percentage,Total,From 55 to 64 years,All ISCED 2011 levels,North Macedonia,2012,25.1,,
ESTAT:TEPSR_WC170(1.0),11/09/25 23:00:00,Annual,Percentage,Total,From 55 to 64 years,All ISCED 2011 levels,North Macedonia,2013,24.1,,
ESTAT:TEPSR_WC170(1.0),11/09/25 23:00:00,Annual,Percentage,Total,From 55 to 64 years,All ISCED 2011 levels,North Macedonia,2014,22.7,b,
ESTAT:TEPSR_WC170(1.0),11/09/25 23:00:00,Annual,Percentage,Total,From 55 to 64 years,All ISCED 2011 levels,North Macedonia,2015,20.8,,
ESTAT:TEPSR_WC170(1.0),11/09/25 23:00:00,Annual,Percentage,Total,From 55 to 64 years,All ISCED 2011 levels,North Macedonia,2016,17.7,,
ESTAT:TEPSR_WC170(1.0),11/09/25 23:00:00,Annual,Percentage,Total,From 55 to 64 years,All ISCED 2011 levels,North Macedonia,2017,16.6,,
ESTAT:TEPSR_WC170(1.0),11/09/25 23:00:00,Annual,Percentage,Total,From 55 to 64 years,All ISCED 2011 levels,North Macedonia,2018,16.9,,
ESTAT:TEPSR_WC170(1.0),11/09/25 23:00:00,Annual,Percentage,Total,From 55 to 64 years,All ISCED 2011 levels,North Macedonia,2019,11.8,,
ESTAT:TEPSR_WC170(1.0),11/09/25 23:00:00,Annual,Percentage,Total,From 55 to 64 years,All ISCED 2011 levels,North Macedonia,2020,12.1,,
ESTAT:TEPSR_WC170(1.0),11/09/25 23:00:00,Annual,Percentage,Total,From 55 to 64 years,All ISCED 2011 levels,Malta,2005,3.4,bu,
ESTAT:TEPSR_WC170(1.0),11/09/25 23:00:00,Annual,Percentage,Total,From 55 to 64 years,All ISCED 2011 levels,Malta,2006,,u,
ESTAT:TEPSR_WC170(1.0),11/09/25 23:00:00,Annual,Percentage,Total,From 55 to 64 years,All ISCED 2011 levels,Malta,2007,3.5,u,
ESTAT:TEPSR_WC170(1.0),11/09/25 23:00:00,Annual,Percentage,Total,From 55 to 64 years,All ISCED 2011 levels,Malta,2008,3.9,u,
ESTAT:TEPSR_WC170(1.0),11/09/25 23:00:00,Annual,Percentage,Total,From 55 to 64 years,All ISCED 2011 levels,Malta,2009,5.8,,
ESTAT:TEPSR_WC170(1.0),11/09/25 23:00:00,Annual,Percentage,Total,From 55 to 64 years,All ISCED 2011 levels,Malta,2010,4.2,,
ESTAT:TEPSR_WC170(1.0),11/09/25 23:00:00,Annual,Percentage,Total,From 55 to 64 years,All ISCED 2011 levels,Malta,2011,2.9,bu,
ESTAT:TEPSR_WC170(1.0),11/09/25 23:00:00,Annual,Percentage,Total,From 55 to 64 years,All ISCED 2011 levels,Malta,2012,4.2,,
ESTAT:TEPSR_WC170(1.0),11/09/25 23:00:00,Annual,Percentage,Total,From 55 to 64 years,All ISCED 2011 levels,Malta,2013,5.3,,
ESTAT:TEPSR_WC170(1.0),11/09/25 23:00:00,Annual,Percentage,Total,From 55 to 64 years,All ISCED 2011 levels,Malta,2014,6.1,b,
ESTAT:TEPSR_WC170(1.0),11/09/25 23:00:00,Annual,Percentage,Total,From 55 to 64 years,All ISCED 2011 levels,Malta,2015,5.2,,
ESTAT:TEPSR_WC170(1.0),11/09/25 23:00:00,Annual,Percentage,Total,From 55 to 64 years,All ISCED 2011 levels,Malta,2016,3.4,,
ESTAT:TEPSR_WC170(1.0),11/09/25 23:00:00,Annual,Percentage,Total,From 55 to 64 years,All ISCED 2011 levels,Malta,2017,2.5,u,
ESTAT:TEPSR_WC170(1.0),11/09/25 23:00:00,Annual,Percentage,Total,From 55 to 64 years,All ISCED 2011 levels,Malta,2018,3.8,,
ESTAT:TEPSR_WC170(1.0),11/09/25 23:00:00,Annual,Percentage,Total,From 55 to 64 years,All ISCED 2011 levels,Malta,2019,,u,
ESTAT:TEPSR_WC170(1.0),11/09/25 23:00:00,Annual,Percentage,Total,From 55 to 64 years,All ISCED 2011 levels,Malta,2020,4.0,,
ESTAT:TEPSR_WC170(1.0),11/09/25 23:00:00,Annual,Percentage,Total,From 55 to 64 years,All ISCED 2011 levels,Malta,2021,3.6,b,
ESTAT:TEPSR_WC170(1.0),11/09/25 23:00:00,Annual,Percentage,Total,From 55 to 64 years,All ISCED 2011 levels,Malta,2022,1.9,u,
ESTAT:TEPSR_WC170(1.0),11/09/25 23:00:00,Annual,Percentage,Total,From 55 to 64 years,All ISCED 2011 levels,Malta,2023,,u,
ESTAT:TEPSR_WC170(1.0),11/09/25 23:00:00,Annual,Percentage,Total,From 55 to 64 years,All ISCED 2011 levels,Malta,2024,2.6,u,
ESTAT:TEPSR_WC170(1.0),11/09/25 23:00:00,Annual,Percentage,Total,From 55 to 64 years,All ISCED 2011 levels,Netherlands,2005,4.8,b,
ESTAT:TEPSR_WC170(1.0),11/09/25 23:00:00,Annual,Percentage,Total,From 55 to 64 years,All ISCED 2011 levels,Netherlands,2006,4.8,b,
ESTAT:TEPSR_WC170(1.0),11/09/25 23:00:00,Annual,Percentage,Total,From 55 to 64 years,All ISCED 2011 levels,Netherlands,2007,4.3,,
ESTAT:TEPSR_WC170(1.0),11/09/25 23:00:00,Annual,Percentage,Total,From 55 to 64 years,All ISCED 2011 levels,Netherlands,2008,3.9,,
ESTAT:TEPSR_WC170(1.0),11/09/25 23:00:00,Annual,Percentage,Total,From 55 to 64 years,All ISCED 2011 levels,Netherlands,2009,3.7,,
ESTAT:TEPSR_WC170(1.0),11/09/25 23:00:00,Annual,Percentage,Total,From 55 to 64 years,All ISCED 2011 levels,Netherlands,2010,4.4,,
ESTAT:TEPSR_WC170(1.0),11/09/25 23:00:00,Annual,Percentage,Total,From 55 to 64 years,All ISCED 2011 levels,Netherlands,2011,4.7,,
ESTAT:TEPSR_WC170(1.0),11/09/25 23:00:00,Annual,Percentage,Total,From 55 to 64 years,All ISCED 2011 levels,Netherlands,2012,5.3,,
ESTAT:TEPSR_WC170(1.0),11/09/25 23:00:00,Annual,Percentage,Total,From 55 to 64 years,All ISCED 2011 levels,Netherlands,2013,6.8,b,
ESTAT:TEPSR_WC170(1.0),11/09/25 23:00:00,Annual,Percentage,Total,From 55 to 64 years,All ISCED 2011 levels,Netherlands,2014,7.7,b,
ESTAT:TEPSR_WC170(1.0),11/09/25 23:00:00,Annual,Percentage,Total,From 55 to 64 years,All ISCED 2011 levels,Netherlands,2015,8.1,,
ESTAT:TEPSR_WC170(1.0),11/09/25 23:00:00,Annual,Percentage,Total,From 55 to 64 years,All ISCED 2011 levels,Netherlands,2016,7.2,,
ESTAT:TEPSR_WC170(1.0),11/09/25 23:00:00,Annual,Percentage,Total,From 55 to 64 years,All ISCED 2011 levels,Netherlands,2017,5.5,,
ESTAT:TEPSR_WC170(1.0),11/09/25 23:00:00,Annual,Percentage,Total,From 55 to 64 years,All ISCED 2011 levels,Netherlands,2018,4.5,,
ESTAT:TEPSR_WC170(1.0),11/09/25 23:00:00,Annual,Percentage,Total,From 55 to 64 years,All ISCED 2011 levels,Netherlands,2019,3.2,b,
ESTAT:TEPSR_WC170(1.0),11/09/25 23:00:00,Annual,Percentage,Total,From 55 to 64 years,All ISCED 2011 levels,Netherlands,2020,2.7,,
ESTAT:TEPSR_WC170(1.0),11/09/25 23:00:00,Annual,Percentage,Total,From 55 to 64 years,All ISCED 2011 levels,Netherlands,2021,3.3,b,
ESTAT:TEPSR_WC170(1.0),11/09/25 23:00:00,Annual,Percentage,Total,From 55 to 64 years,All ISCED 2011 levels,Netherlands,2022,2.8,,
ESTAT:TEPSR_WC170(1.0),11/09/25 23:00:00,Annual,Percentage,Total,From 55 to 64 years,All ISCED 2011 levels,Netherlands,2023,2.3,,
ESTAT:TEPSR_WC170(1.0),11/09/25 23:00:00,Annual,Percentage,Total,From 55 to 64 years,All ISCED 2011 levels,Netherlands,2024,2.2,,
ESTAT:TEPSR_WC170(1.0),11/09/25 23:00:00,Annual,Percentage,Total,From 55 to 64 years,All ISCED 2011 levels,Norway,2005,1.5,b,
ESTAT:TEPSR_WC170(1.0),11/09/25 23:00:00,Annual,Percentage,Total,From 55 to 64 years,All ISCED 2011 levels,Norway,2006,1.1,b,
ESTAT:TEPSR_WC170(1.0),11/09/25 23:00:00,Annual,Percentage,Total,From 55 to 64 years,All ISCED 2011 levels,Norway,2007,0.9,,
ESTAT:TEPSR_WC170(1.0),11/09/25 23:00:00,Annual,Percentage,Total,From 55 to 64 years,All ISCED 2011 levels,Norway,2008,1.0,,
ESTAT:TEPSR_WC170(1.0),11/09/25 23:00:00,Annual,Percentage,Total,From 55 to 64 years,All ISCED 2011 levels,Norway,2009,1.1,,
ESTAT:TEPSR_WC170(1.0),11/09/25 23:00:00,Annual,Percentage,Total,From 55 to 64 years,All ISCED 2011 levels,Norway,2010,1.4,,
ESTAT:TEPSR_WC170(1.0),11/09/25 23:00:00,Annual,Percentage,Total,From 55 to 64 years,All ISCED 2011 levels,Norway,2011,1.2,,
ESTAT:TEPSR_WC170(1.0),11/09/25 23:00:00,Annual,Percentage,Total,From 55 to 64 years,All ISCED 2011 levels,Norway,2012,1.2,,
ESTAT:TEPSR_WC170(1.0),11/09/25 23:00:00,Annual,Percentage,Total,From 55 to 64 years,All ISCED 2011 levels,Norway,2013,1.3,,
ESTAT:TEPSR_WC170(1.0),11/09/25 23:00:00,Annual,Percentage,Total,From 55 to 64 years,All ISCED 2011 levels,Norway,2014,1.3,b,
ESTAT:TEPSR_WC170(1.0),11/09/25 23:00:00,Annual,Percentage,Total,From 55 to 64 years,All ISCED 2011 levels,Norway,2015,1.6,,
ESTAT:TEPSR_WC170(1.0),11/09/25 23:00:00,Annual,Percentage,Total,From 55 to 64 years,All ISCED 2011 levels,Norway,2016,1.9,,
ESTAT:TEPSR_WC170(1.0),11/09/25 23:00:00,Annual,Percentage,Total,From 55 to 64 years,All ISCED 2011 levels,Norway,2017,1.8,u,
ESTAT:TEPSR_WC170(1.0),11/09/25 23:00:00,Annual,Percentage,Total,From 55 to 64 years,All ISCED 2011 levels,Norway,2018,1.6,u,
ESTAT:TEPSR_WC170(1.0),11/09/25 23:00:00,Annual,Percentage,Total,From 55 to 64 years,All ISCED 2011 levels,Norway,2019,1.6,u,
ESTAT:TEPSR_WC170(1.0),11/09/25 23:00:00,Annual,Percentage,Total,From 55 to 64 years,All ISCED 2011 levels,Norway,2020,2.0,u,
ESTAT:TEPSR_WC170(1.0),11/09/25 23:00:00,Annual,Percentage,Total,From 55 to 64 years,All ISCED 2011 levels,Norway,2021,1.8,bu,
ESTAT:TEPSR_WC170(1.0),11/09/25 23:00:00,Annual,Percentage,Total,From 55 to 64 years,All ISCED 2011 levels,Norway,2022,1.3,u,
ESTAT:TEPSR_WC170(1.0),11/09/25 23:00:00,Annual,Percentage,Total,From 55 to 64 years,All ISCED 2011 levels,Norway,2023,1.4,u,
ESTAT:TEPSR_WC170(1.0),11/09/25 23:00:00,Annual,Percentage,Total,From 55 to 64 years,All ISCED 2011 levels,Norway,2024,1.6,u,
ESTAT:TEPSR_WC170(1.0),11/09/25 23:00:00,Annual,Percentage,Total,From 55 to 64 years,All ISCED 2011 levels,Poland,2005,10.8,b,
ESTAT:TEPSR_WC170(1.0),11/09/25 23:00:00,Annual,Percentage,Total,From 55 to 64 years,All ISCED 2011 levels,Poland,2006,8.5,,
ESTAT:TEPSR_WC170(1.0),11/09/25 23:00:00,Annual,Percentage,Total,From 55 to 64 years,All ISCED 2011 levels,Poland,2007,6.8,,
ESTAT:TEPSR_WC170(1.0),11/09/25 23:00:00,Annual,Percentage,Total,From 55 to 64 years,All ISCED 2011 levels,Poland,2008,5.3,,
ESTAT:TEPSR_WC170(1.0),11/09/25 23:00:00,Annual,Percentage,Total,From 55 to 64 years,All ISCED 2011 levels,Poland,2009,6.3,,
ESTAT:TEPSR_WC170(1.0),11/09/25 23:00:00,Annual,Percentage,Total,From 55 to 64 years,All ISCED 2011 levels,Poland,2010,7.1,b,
ESTAT:TEPSR_WC170(1.0),11/09/25 23:00:00,Annual,Percentage,Total,From 55 to 64 years,All ISCED 2011 levels,Poland,2011,6.9,,
ESTAT:TEPSR_WC170(1.0),11/09/25 23:00:00,Annual,Percentage,Total,From 55 to 64 years,All ISCED 2011 levels,Poland,2012,7.4,,
ESTAT:TEPSR_WC170(1.0),11/09/25 23:00:00,Annual,Percentage,Total,From 55 to 64 years,All ISCED 2011 levels,Poland,2013,7.7,,
ESTAT:TEPSR_WC170(1.0),11/09/25 23:00:00,Annual,Percentage,Total,From 55 to 64 years,All ISCED 2011 levels,Poland,2014,6.8,b,
ESTAT:TEPSR_WC170(1.0),11/09/25 23:00:00,Annual,Percentage,Total,From 55 to 64 years,All ISCED 2011 levels,Poland,2015,5.4,,
ESTAT:TEPSR_WC170(1.0),11/09/25 23:00:00,Annual,Percentage,Total,From 55 to 64 years,All ISCED 2011 levels,Poland,2016,4.4,,
ESTAT:TEPSR_WC170(1.0),11/09/25 23:00:00,Annual,Percentage,Total,From 55 to 64 years,All ISCED 2011 levels,Poland,2017,3.7,,
ESTAT:TEPSR_WC170(1.0),11/09/25 23:00:00,Annual,Percentage,Total,From 55 to 64 years,All ISCED 2011 levels,Poland,2018,2.8,,
ESTAT:TEPSR_WC170(1.0),11/09/25 23:00:00,Annual,Percentage,Total,From 55 to 64 years,All ISCED 2011 levels,Poland,2019,2.4,b,
ESTAT:TEPSR_WC170(1.0),11/09/25 23:00:00,Annual,Percentage,Total,From 55 to 64 years,All ISCED 2011 levels,Poland,2020,2.1,,
ESTAT:TEPSR_WC170(1.0),11/09/25 23:00:00,Annual,Percentage,Total,From 55 to 64 years,All ISCED 2011 levels,Poland,2021,2.4,b,
ESTAT:TEPSR_WC170(1.0),11/09/25 23:00:00,Annual,Percentage,Total,From 55 to 64 years,All ISCED 2011 levels,Poland,2022,1.8,,
ESTAT:TEPSR_WC170(1.0),11/09/25 23:00:00,Annual,Percentage,Total,From 55 to 64 years,All ISCED 2011 levels,Poland,2023,1.8,,
ESTAT:TEPSR_WC170(1.0),11/09/25 23:00:00,Annual,Percentage,Total,From 55 to 64 years,All ISCED 2011 levels,Poland,2024,2.1,,
ESTAT:TEPSR_WC170(1.0),11/09/25 23:00:00,Annual,Percentage,Total,From 55 to 64 years,All ISCED 2011 levels,Portugal,2005,6.1,b,
ESTAT:TEPSR_WC170(1.0),11/09/25 23:00:00,Annual,Percentage,Total,From 55 to 64 years,All ISCED 2011 levels,Portugal,2006,6.3,,
ESTAT:TEPSR_WC170(1.0),11/09/25 23:00:00,Annual,Percentage,Total,From 55 to 64 years,All ISCED 2011 levels,Portugal,2007,6.5,,
ESTAT:TEPSR_WC170(1.0),11/09/25 23:00:00,Annual,Percentage,Total,From 55 to 64 years,All ISCED 2011 levels,Portugal,2008,6.6,,
ESTAT:TEPSR_WC170(1.0),11/09/25 23:00:00,Annual,Percentage,Total,From 55 to 64 years,All ISCED 2011 levels,Portugal,2009,7.6,,
ESTAT:TEPSR_WC170(1.0),11/09/25 23:00:00,Annual,Percentage,Total,From 55 to 64 years,All ISCED 2011 levels,Portugal,2010,8.9,,
ESTAT:TEPSR_WC170(1.0),11/09/25 23:00:00,Annual,Percentage,Total,From 55 to 64 years,All ISCED 2011 levels,Portugal,2011,10.8,b,
ESTAT:TEPSR_WC170(1.0),11/09/25 23:00:00,Annual,Percentage,Total,From 55 to 64 years,All ISCED 2011 levels,Portugal,2012,12.7,,
ESTAT:TEPSR_WC170(1.0),11/09/25 23:00:00,Annual,Percentage,Total,From 55 to 64 years,All ISCED 2011 levels,Portugal,2013,13.7,,
ESTAT:TEPSR_WC170(1.0),11/09/25 23:00:00,Annual,Percentage,Total,From 55 to 64 years,All ISCED 2011 levels,Portugal,2014,13.4,b,
ESTAT:TEPSR_WC170(1.0),11/09/25 23:00:00,Annual,Percentage,Total,From 55 to 64 years,All ISCED 2011 levels,Portugal,2015,12.4,,
ESTAT:TEPSR_WC170(1.0),11/09/25 23:00:00,Annual,Percentage,Total,From 55 to 64 years,All ISCED 2011 levels,Portugal,2016,11.0,,
ESTAT:TEPSR_WC170(1.0),11/09/25 23:00:00,Annual,Percentage,Total,From 55 to 64 years,All ISCED 2011 levels,Portugal,2017,8.6,,
ESTAT:TEPSR_WC170(1.0),11/09/25 23:00:00,Annual,Percentage,Total,From 55 to 64 years,All ISCED 2011 levels,Portugal,2018,6.5,,
ESTAT:TEPSR_WC170(1.0),11/09/25 23:00:00,Annual,Percentage,Total,From 55 to 64 years,All ISCED 2011 levels,Portugal,2019,6.1,,
ESTAT:TEPSR_WC170(1.0),11/09/25 23:00:00,Annual,Percentage,Total,From 55 to 64 years,All ISCED 2011 levels,Portugal,2020,5.9,,
ESTAT:TEPSR_WC170(1.0),11/09/25 23:00:00,Annual,Percentage,Total,From 55 to 64 years,All ISCED 2011 levels,Portugal,2021,5.6,b,
ESTAT:TEPSR_WC170(1.0),11/09/25 23:00:00,Annual,Percentage,Total,From 55 to 64 years,All ISCED 2011 levels,Portugal,2022,5.1,,
ESTAT:TEPSR_WC170(1.0),11/09/25 23:00:00,Annual,Percentage,Total,From 55 to 64 years,All ISCED 2011 levels,Portugal,2023,5.5,,
ESTAT:TEPSR_WC170(1.0),11/09/25 23:00:00,Annual,Percentage,Total,From 55 to 64 years,All ISCED 2011 levels,Portugal,2024,5.4,,
ESTAT:TEPSR_WC170(1.0),11/09/25 23:00:00,Annual,Percentage,Total,From 55 to 64 years,All ISCED 2011 levels,Romania,2005,2.4,b,
ESTAT:TEPSR_WC170(1.0),11/09/25 23:00:00,Annual,Percentage,Total,From 55 to 64 years,All ISCED 2011 levels,Romania,2006,2.6,,
ESTAT:TEPSR_WC170(1.0),11/09/25 23:00:00,Annual,Percentage,Total,From 55 to 64 years,All ISCED 2011 levels,Romania,2007,2.3,,
ESTAT:TEPSR_WC170(1.0),11/09/25 23:00:00,Annual,Percentage,Total,From 55 to 64 years,All ISCED 2011 levels,Romania,2008,2.5,,
ESTAT:TEPSR_WC170(1.0),11/09/25 23:00:00,Annual,Percentage,Total,From 55 to 64 years,All ISCED 2011 levels,Romania,2009,3.0,,
ESTAT:TEPSR_WC170(1.0),11/09/25 23:00:00,Annual,Percentage,Total,From 55 to 64 years,All ISCED 2011 levels,Romania,2010,3.3,b,
ESTAT:TEPSR_WC170(1.0),11/09/25 23:00:00,Annual,Percentage,Total,From 55 to 64 years,All ISCED 2011 levels,Romania,2011,3.7,,
ESTAT:TEPSR_WC170(1.0),11/09/25 23:00:00,Annual,Percentage,Total,From 55 to 64 years,All ISCED 2011 levels,Romania,2012,3.4,,
ESTAT:TEPSR_WC170(1.0),11/09/25 23:00:00,Annual,Percentage,Total,From 55 to 64 years,All ISCED 2011 levels,Romania,2013,3.7,,
ESTAT:TEPSR_WC170(1.0),11/09/25 23:00:00,Annual,Percentage,Total,From 55 to 64 years,All ISCED 2011 levels,Romania,2014,3.3,b,
ESTAT:TEPSR_WC170(1.0),11/09/25 23:00:00,Annual,Percentage,Total,From 55 to 64 years,All ISCED 2011 levels,Romania,2015,3.7,,
ESTAT:TEPSR_WC170(1.0),11/09/25 23:00:00,Annual,Percentage,Total,From 55 to 64 years,All ISCED 2011 levels,Romania,2016,3.2,,
ESTAT:TEPSR_WC170(1.0),11/09/25 23:00:00,Annual,Percentage,Total,From 55 to 64 years,All ISCED 2011 levels,Romania,2017,3.2,,
ESTAT:TEPSR_WC170(1.0),11/09/25 23:00:00,Annual,Percentage,Total,From 55 to 64 years,All ISCED 2011 levels,Romania,2018,2.5,,
ESTAT:TEPSR_WC170(1.0),11/09/25 23:00:00,Annual,Percentage,Total,From 55 to 64 years,All ISCED 2011 levels,Romania,2019,2.4,,
ESTAT:TEPSR_WC170(1.0),11/09/25 23:00:00,Annual,Percentage,Total,From 55 to 64 years,All ISCED 2011 levels,Romania,2020,3.4,,
ESTAT:TEPSR_WC170(1.0),11/09/25 23:00:00,Annual,Percentage,Total,From 55 to 64 years,All ISCED 2011 levels,Romania,2021,3.9,b,
ESTAT:TEPSR_WC170(1.0),11/09/25 23:00:00,Annual,Percentage,Total,From 55 to 64 years,All ISCED 2011 levels,Romania,2022,3.7,,
ESTAT:TEPSR_WC170(1.0),11/09/25 23:00:00,Annual,Percentage,Total,From 55 to 64 years,All ISCED 2011 levels,Romania,2023,3.9,,
ESTAT:TEPSR_WC170(1.0),11/09/25 23:00:00,Annual,Percentage,Total,From 55 to 64 years,All ISCED 2011 levels,Romania,2024,2.4,,
ESTAT:TEPSR_WC170(1.0),11/09/25 23:00:00,Annual,Percentage,Total,From 55 to 64 years,All ISCED 2011 levels,Serbia,2010,11.8,,
ESTAT:TEPSR_WC170(1.0),11/09/25 23:00:00,Annual,Percentage,Total,From 55 to 64 years,All ISCED 2011 levels,Serbia,2011,14.8,,
ESTAT:TEPSR_WC170(1.0),11/09/25 23:00:00,Annual,Percentage,Total,From 55 to 64 years,All ISCED 2011 levels,Serbia,2012,17.1,,
ESTAT:TEPSR_WC170(1.0),11/09/25 23:00:00,Annual,Percentage,Total,From 55 to 64 years,All ISCED 2011 levels,Serbia,2013,15.2,,
ESTAT:TEPSR_WC170(1.0),11/09/25 23:00:00,Annual,Percentage,Total,From 55 to 64 years,All ISCED 2011 levels,Serbia,2014,12.4,b,
ESTAT:TEPSR_WC170(1.0),11/09/25 23:00:00,Annual,Percentage,Total,From 55 to 64 years,All ISCED 2011 levels,Serbia,2015,11.5,,
ESTAT:TEPSR_WC170(1.0),11/09/25 23:00:00,Annual,Percentage,Total,From 55 to 64 years,All ISCED 2011 levels,Serbia,2016,9.0,,
ESTAT:TEPSR_WC170(1.0),11/09/25 23:00:00,Annual,Percentage,Total,From 55 to 64 years,All ISCED 2011 levels,Serbia,2017,8.1,,
ESTAT:TEPSR_WC170(1.0),11/09/25 23:00:00,Annual,Percentage,Total,From 55 to 64 years,All ISCED 2011 levels,Serbia,2018,8.7,,
ESTAT:TEPSR_WC170(1.0),11/09/25 23:00:00,Annual,Percentage,Total,From 55 to 64 years,All ISCED 2011 levels,Serbia,2019,6.5,,
ESTAT:TEPSR_WC170(1.0),11/09/25 23:00:00,Annual,Percentage,Total,From 55 to 64 years,All ISCED 2011 levels,Serbia,2020,5.3,,
ESTAT:TEPSR_WC170(1.0),11/09/25 23:00:00,Annual,Percentage,Total,From 55 to 64 years,All ISCED 2011 levels,Serbia,2021,7.4,b,
ESTAT:TEPSR_WC170(1.0),11/09/25 23:00:00,Annual,Percentage,Total,From 55 to 64 years,All ISCED 2011 levels,Serbia,2022,7.3,,
ESTAT:TEPSR_WC170(1.0),11/09/25 23:00:00,Annual,Percentage,Total,From 55 to 64 years,All ISCED 2011 levels,Serbia,2023,6.9,,
ESTAT:TEPSR_WC170(1.0),11/09/25 23:00:00,Annual,Percentage,Total,From 55 to 64 years,All ISCED 2011 levels,Serbia,2024,6.9,,
ESTAT:TEPSR_WC170(1.0),11/09/25 23:00:00,Annual,Percentage,Total,From 55 to 64 years,All ISCED 2011 levels,Sweden,2005,4.4,b,
ESTAT:TEPSR_WC170(1.0),11/09/25 23:00:00,Annual,Percentage,Total,From 55 to 64 years,All ISCED 2011 levels,Sweden,2006,4.4,b,
ESTAT:TEPSR_WC170(1.0),11/09/25 23:00:00,Annual,Percentage,Total,From 55 to 64 years,All ISCED 2011 levels,Sweden,2007,4.0,,
ESTAT:TEPSR_WC170(1.0),11/09/25 23:00:00,Annual,Percentage,Total,From 55 to 64 years,All ISCED 2011 levels,Sweden,2008,3.8,,
ESTAT:TEPSR_WC170(1.0),11/09/25 23:00:00,Annual,Percentage,Total,From 55 to 64 years,All ISCED 2011 levels,Sweden,2009,5.3,,
ESTAT:TEPSR_WC170(1.0),11/09/25 23:00:00,Annual,Percentage,Total,From 55 to 64 years,All ISCED 2011 levels,Sweden,2010,5.8,,
ESTAT:TEPSR_WC170(1.0),11/09/25 23:00:00,Annual,Percentage,Total,From 55 to 64 years,All ISCED 2011 levels,Sweden,2011,5.2,,
ESTAT:TEPSR_WC170(1.0),11/09/25 23:00:00,Annual,Percentage,Total,From 55 to 64 years,All ISCED 2011 levels,Sweden,2012,5.2,,
ESTAT:TEPSR_WC170(1.0),11/09/25 23:00:00,Annual,Percentage,Total,From 55 to 64 years,All ISCED 2011 levels,Sweden,2013,5.1,,
ESTAT:TEPSR_WC170(1.0),11/09/25 23:00:00,Annual,Percentage,Total,From 55 to 64 years,All ISCED 2011 levels,Sweden,2014,5.4,b,
ESTAT:TEPSR_WC170(1.0),11/09/25 23:00:00,Annual,Percentage,Total,From 55 to 64 years,All ISCED 2011 levels,Sweden,2015,5.3,,
ESTAT:TEPSR_WC170(1.0),11/09/25 23:00:00,Annual,Percentage,Total,From 55 to 64 years,All ISCED 2011 levels,Sweden,2016,5.3,,
ESTAT:TEPSR_WC170(1.0),11/09/25 23:00:00,Annual,Percentage,Total,From 55 to 64 years,All ISCED 2011 levels,Sweden,2017,5.1,,
ESTAT:TEPSR_WC170(1.0),11/09/25 23:00:00,Annual,Percentage,Total,From 55 to 64 years,All ISCED 2011 levels,Sweden,2018,4.4,b,
ESTAT:TEPSR_WC170(1.0),11/09/25 23:00:00,Annual,Percentage,Total,From 55 to 64 years,All ISCED 2011 levels,Sweden,2019,4.7,,
ESTAT:TEPSR_WC170(1.0),11/09/25 23:00:00,Annual,Percentage,Total,From 55 to 64 years,All ISCED 2011 levels,Sweden,2020,5.8,,
ESTAT:TEPSR_WC170(1.0),11/09/25 23:00:00,Annual,Percentage,Total,From 55 to 64 years,All ISCED 2011 levels,Sweden,2021,6.9,b,
ESTAT:TEPSR_WC170(1.0),11/09/25 23:00:00,Annual,Percentage,Total,From 55 to 64 years,All ISCED 2011 levels,Sweden,2022,5.4,,
ESTAT:TEPSR_WC170(1.0),11/09/25 23:00:00,Annual,Percentage,Total,From 55 to 64 years,All ISCED 2011 levels,Sweden,2023,5.3,,
ESTAT:TEPSR_WC170(1.0),11/09/25 23:00:00,Annual,Percentage,Total,From 55 to 64 years,All ISCED 2011 levels,Sweden,2024,5.8,,
ESTAT:TEPSR_WC170(1.0),11/09/25 23:00:00,Annual,Percentage,Total,From 55 to 64 years,All ISCED 2011 levels,Slovenia,2005,4.2,bu,
ESTAT:TEPSR_WC170(1.0),11/09/25 23:00:00,Annual,Percentage,Total,From 55 to 64 years,All ISCED 2011 levels,Slovenia,2006,2.5,u,
ESTAT:TEPSR_WC170(1.0),11/09/25 23:00:00,Annual,Percentage,Total,From 55 to 64 years,All ISCED 2011 levels,Slovenia,2007,3.3,u,
ESTAT:TEPSR_WC170(1.0),11/09/25 23:00:00,Annual,Percentage,Total,From 55 to 64 years,All ISCED 2011 levels,Slovenia,2008,4.0,u,
ESTAT:TEPSR_WC170(1.0),11/09/25 23:00:00,Annual,Percentage,Total,From 55 to 64 years,All ISCED 2011 levels,Slovenia,2009,3.6,u,
ESTAT:TEPSR_WC170(1.0),11/09/25 23:00:00,Annual,Percentage,Total,From 55 to 64 years,All ISCED 2011 levels,Slovenia,2010,4.0,u,
ESTAT:TEPSR_WC170(1.0),11/09/25 23:00:00,Annual,Percentage,Total,From 55 to 64 years,All ISCED 2011 levels,Slovenia,2011,6.3,,
ESTAT:TEPSR_WC170(1.0),11/09/25 23:00:00,Annual,Percentage,Total,From 55 to 64 years,All ISCED 2011 levels,Slovenia,2012,6.2,,
ESTAT:TEPSR_WC170(1.0),11/09/25 23:00:00,Annual,Percentage,Total,From 55 to 64 years,All ISCED 2011 levels,Slovenia,2013,7.0,,
ESTAT:TEPSR_WC170(1.0),11/09/25 23:00:00,Annual,Percentage,Total,From 55 to 64 years,All ISCED 2011 levels,Slovenia,2014,7.8,b,
ESTAT:TEPSR_WC170(1.0),11/09/25 23:00:00,Annual,Percentage,Total,From 55 to 64 years,All ISCED 2011 levels,Slovenia,2015,7.8,,
ESTAT:TEPSR_WC170(1.0),11/09/25 23:00:00,Annual,Percentage,Total,From 55 to 64 years,All ISCED 2011 levels,Slovenia,2016,6.5,,
ESTAT:TEPSR_WC170(1.0),11/09/25 23:00:00,Annual,Percentage,Total,From 55 to 64 years,All ISCED 2011 levels,Slovenia,2017,6.4,,
ESTAT:TEPSR_WC170(1.0),11/09/25 23:00:00,Annual,Percentage,Total,From 55 to 64 years,All ISCED 2011 levels,Slovenia,2018,4.9,,
ESTAT:TEPSR_WC170(1.0),11/09/25 23:00:00,Annual,Percentage,Total,From 55 to 64 years,All ISCED 2011 levels,Slovenia,2019,4.5,,
ESTAT:TEPSR_WC170(1.0),11/09/25 23:00:00,Annual,Percentage,Total,From 55 to 64 years,All ISCED 2011 levels,Slovenia,2020,3.7,,
ESTAT:TEPSR_WC170(1.0),11/09/25 23:00:00,Annual,Percentage,Total,From 55 to 64 years,All ISCED 2011 levels,Slovenia,2021,4.0,b,
ESTAT:TEPSR_WC170(1.0),11/09/25 23:00:00,Annual,Percentage,Total,From 55 to 64 years,All ISCED 2011 levels,Slovenia,2022,3.7,,
ESTAT:TEPSR_WC170(1.0),11/09/25 23:00:00,Annual,Percentage,Total,From 55 to 64 years,All ISCED 2011 levels,Slovenia,2023,3.5,b,
ESTAT:TEPSR_WC170(1.0),11/09/25 23:00:00,Annual,Percentage,Total,From 55 to 64 years,All ISCED 2011 levels,Slovenia,2024,3.0,,
ESTAT:TEPSR_WC170(1.0),11/09/25 23:00:00,Annual,Percentage,Total,From 55 to 64 years,All ISCED 2011 levels,Slovakia,2005,13.4,b,
ESTAT:TEPSR_WC170(1.0),11/09/25 23:00:00,Annual,Percentage,Total,From 55 to 64 years,All ISCED 2011 levels,Slovakia,2006,9.8,,
ESTAT:TEPSR_WC170(1.0),11/09/25 23:00:00,Annual,Percentage,Total,From 55 to 64 years,All ISCED 2011 levels,Slovakia,2007,8.2,,
ESTAT:TEPSR_WC170(1.0),11/09/25 23:00:00,Annual,Percentage,Total,From 55 to 64 years,All ISCED 2011 levels,Slovakia,2008,6.4,,
ESTAT:TEPSR_WC170(1.0),11/09/25 23:00:00,Annual,Percentage,Total,From 55 to 64 years,All ISCED 2011 levels,Slovakia,2009,7.7,,
ESTAT:TEPSR_WC170(1.0),11/09/25 23:00:00,Annual,Percentage,Total,From 55 to 64 years,All ISCED 2011 levels,Slovakia,2010,10.1,,
ESTAT:TEPSR_WC170(1.0),11/09/25 23:00:00,Annual,Percentage,Total,From 55 to 64 years,All ISCED 2011 levels,Slovakia,2011,10.1,b,
ESTAT:TEPSR_WC170(1.0),11/09/25 23:00:00,Annual,Percentage,Total,From 55 to 64 years,All ISCED 2011 levels,Slovakia,2012,11.2,,
ESTAT:TEPSR_WC170(1.0),11/09/25 23:00:00,Annual,Percentage,Total,From 55 to 64 years,All ISCED 2011 levels,Slovakia,2013,11.0,,
ESTAT:TEPSR_WC170(1.0),11/09/25 23:00:00,Annual,Percentage,Total,From 55 to 64 years,All ISCED 2011 levels,Slovakia,2014,10.6,b,
ESTAT:TEPSR_WC170(1.0),11/09/25 23:00:00,Annual,Percentage,Total,From 55 to 64 years,All ISCED 2011 levels,Slovakia,2015,9.3,,
ESTAT:TEPSR_WC170(1.0),11/09/25 23:00:00,Annual,Percentage,Total,From 55 to 64 years,All ISCED 2011 levels,Slovakia,2016,9.0,,
ESTAT:TEPSR_WC170(1.0),11/09/25 23:00:00,Annual,Percentage,Total,From 55 to 64 years,All ISCED 2011 levels,Slovakia,2017,6.0,,
ESTAT:TEPSR_WC170(1.0),11/09/25 23:00:00,Annual,Percentage,Total,From 55 to 64 years,All ISCED 2011 levels,Slovakia,2018,5.3,,
ESTAT:TEPSR_WC170(1.0),11/09/25 23:00:00,Annual,Percentage,Total,From 55 to 64 years,All ISCED 2011 levels,Slovakia,2019,4.7,,
ESTAT:TEPSR_WC170(1.0),11/09/25 23:00:00,Annual,Percentage,Total,From 55 to 64 years,All ISCED 2011 levels,Slovakia,2020,4.8,,
ESTAT:TEPSR_WC170(1.0),11/09/25 23:00:00,Annual,Percentage,Total,From 55 to 64 years,All ISCED 2011 levels,Slovakia,2021,5.4,b,
ESTAT:TEPSR_WC170(1.0),11/09/25 23:00:00,Annual,Percentage,Total,From 55 to 64 years,All ISCED 2011 levels,Slovakia,2022,4.5,,
ESTAT:TEPSR_WC170(1.0),11/09/25 23:00:00,Annual,Percentage,Total,From 55 to 64 years,All ISCED 2011 levels,Slovakia,2023,3.9,,
ESTAT:TEPSR_WC170(1.0),11/09/25 23:00:00,Annual,Percentage,Total,From 55 to 64 years,All ISCED 2011 levels,Slovakia,2024,3.4,,
ESTAT:TEPSR_WC170(1.0),11/09/25 23:00:00,Annual,Percentage,Total,From 55 to 64 years,All ISCED 2011 levels,Türkiye,2006,3.6,,
ESTAT:TEPSR_WC170(1.0),11/09/25 23:00:00,Annual,Percentage,Total,From 55 to 64 years,All ISCED 2011 levels,Türkiye,2007,3.5,,
ESTAT:TEPSR_WC170(1.0),11/09/25 23:00:00,Annual,Percentage,Total,From 55 to 64 years,All ISCED 2011 levels,Türkiye,2008,4.4,,
ESTAT:TEPSR_WC170(1.0),11/09/25 23:00:00,Annual,Percentage,Total,From 55 to 64 years,All ISCED 2011 levels,Türkiye,2009,5.6,,
ESTAT:TEPSR_WC170(1.0),11/09/25 23:00:00,Annual,Percentage,Total,From 55 to 64 years,All ISCED 2011 levels,Türkiye,2010,5.0,,
ESTAT:TEPSR_WC170(1.0),11/09/25 23:00:00,Annual,Percentage,Total,From 55 to 64 years,All ISCED 2011 levels,Türkiye,2011,4.3,,
ESTAT:TEPSR_WC170(1.0),11/09/25 23:00:00,Annual,Percentage,Total,From 55 to 64 years,All ISCED 2011 levels,Türkiye,2012,3.9,,
ESTAT:TEPSR_WC170(1.0),11/09/25 23:00:00,Annual,Percentage,Total,From 55 to 64 years,All ISCED 2011 levels,Türkiye,2013,4.7,,
ESTAT:TEPSR_WC170(1.0),11/09/25 23:00:00,Annual,Percentage,Total,From 55 to 64 years,All ISCED 2011 levels,Türkiye,2014,6.0,b,
ESTAT:TEPSR_WC170(1.0),11/09/25 23:00:00,Annual,Percentage,Total,From 55 to 64 years,All ISCED 2011 levels,Türkiye,2015,6.7,,
ESTAT:TEPSR_WC170(1.0),11/09/25 23:00:00,Annual,Percentage,Total,From 55 to 64 years,All ISCED 2011 levels,Türkiye,2016,6.2,,
ESTAT:TEPSR_WC170(1.0),11/09/25 23:00:00,Annual,Percentage,Total,From 55 to 64 years,All ISCED 2011 levels,Türkiye,2017,6.5,,
ESTAT:TEPSR_WC170(1.0),11/09/25 23:00:00,Annual,Percentage,Total,From 55 to 64 years,All ISCED 2011 levels,Türkiye,2018,6.8,,
ESTAT:TEPSR_WC170(1.0),11/09/25 23:00:00,Annual,Percentage,Total,From 55 to 64 years,All ISCED 2011 levels,Türkiye,2019,8.0,,
ESTAT:TEPSR_WC170(1.0),11/09/25 23:00:00,Annual,Percentage,Total,From 55 to 64 years,All ISCED 2011 levels,Türkiye,2020,7.2,,
ESTAT:TEPSR_WC170(1.0),11/09/25 23:00:00,Annual,Percentage,Total,From 55 to 64 years,All ISCED 2011 levels,Türkiye,2021,7.3,b,
ESTAT:TEPSR_WC170(1.0),11/09/25 23:00:00,Annual,Percentage,Total,From 55 to 64 years,All ISCED 2011 levels,Türkiye,2022,6.4,,
ESTAT:TEPSR_WC170(1.0),11/09/25 23:00:00,Annual,Percentage,Total,From 55 to 64 years,All ISCED 2011 levels,Türkiye,2023,5.5,,
ESTAT:TEPSR_WC170(1.0),11/09/25 23:00:00,Annual,Percentage,Total,From 55 to 64 years,All ISCED 2011 levels,Türkiye,2024,5.4,,
ESTAT:TEPSR_WC170(1.0),11/09/25 23:00:00,Annual,Percentage,Total,From 55 to 64 years,All ISCED 2011 levels,United Kingdom,2005,2.7,b,
ESTAT:TEPSR_WC170(1.0),11/09/25 23:00:00,Annual,Percentage,Total,From 55 to 64 years,All ISCED 2011 levels,United Kingdom,2006,3.0,,
ESTAT:TEPSR_WC170(1.0),11/09/25 23:00:00,Annual,Percentage,Total,From 55 to 64 years,All ISCED 2011 levels,United Kingdom,2007,3.2,b,
ESTAT:TEPSR_WC170(1.0),11/09/25 23:00:00,Annual,Percentage,Total,From 55 to 64 years,All ISCED 2011 levels,United Kingdom,2008,3.1,b,
ESTAT:TEPSR_WC170(1.0),11/09/25 23:00:00,Annual,Percentage,Total,From 55 to 64 years,All ISCED 2011 levels,United Kingdom,2009,4.6,,
ESTAT:TEPSR_WC170(1.0),11/09/25 23:00:00,Annual,Percentage,Total,From 55 to 64 years,All ISCED 2011 levels,United Kingdom,2010,4.7,b,
ESTAT:TEPSR_WC170(1.0),11/09/25 23:00:00,Annual,Percentage,Total,From 55 to 64 years,All ISCED 2011 levels,United Kingdom,2011,5.0,b,
ESTAT:TEPSR_WC170(1.0),11/09/25 23:00:00,Annual,Percentage,Total,From 55 to 64 years,All ISCED 2011 levels,United Kingdom,2012,4.9,,
ESTAT:TEPSR_WC170(1.0),11/09/25 23:00:00,Annual,Percentage,Total,From 55 to 64 years,All ISCED 2011 levels,United Kingdom,2013,4.8,,
ESTAT:TEPSR_WC170(1.0),11/09/25 23:00:00,Annual,Percentage,Total,From 55 to 64 years,All ISCED 2011 levels,United Kingdom,2014,4.0,b,
ESTAT:TEPSR_WC170(1.0),11/09/25 23:00:00,Annual,Percentage,Total,From 55 to 64 years,All ISCED 2011 levels,United Kingdom,2015,3.4,,
ESTAT:TEPSR_WC170(1.0),11/09/25 23:00:00,Annual,Percentage,Total,From 55 to 64 years,All ISCED 2011 levels,United Kingdom,2016,3.7,,
ESTAT:TEPSR_WC170(1.0),11/09/25 23:00:00,Annual,Percentage,Total,From 55 to 64 years,All ISCED 2011 levels,United Kingdom,2017,3.5,,
ESTAT:TEPSR_WC170(1.0),11/09/25 23:00:00,Annual,Percentage,Total,From 55 to 64 years,All ISCED 2011 levels,United Kingdom,2018,3.3,,
ESTAT:TEPSR_WC170(1.0),11/09/25 23:00:00,Annual,Percentage,Total,From 55 to 64 years,All ISCED 2011 levels,United Kingdom,2019,3.0,,
